{"type":"Topology","arcs":[[[72066,41978],[-31,35],[-42,23],[-54,11],[-70,-4],[-85,-20],[-92,24],[-98,66],[-82,24],[-102,-30]],[[71410,42107],[-43,71],[-45,9],[-22,29],[-9,49],[7,79],[-15,19],[-25,10],[-58,36],[-73,35],[-121,39],[-45,10],[-25,41],[-23,92],[-22,60],[-50,93],[-9,29],[6,135],[6,50],[-3,48],[1,99],[-25,30],[-54,5],[-64,-3],[-8,153],[-12,54],[-15,28],[-29,29],[-60,40],[-81,60],[-70,90],[-79,111],[-25,19],[-30,105],[-44,179],[3,59],[-7,29],[-44,89],[-17,91],[-69,129],[-24,56],[-17,72],[-18,58],[-35,63],[-20,78],[12,75]],[[70010,44839],[66,-31],[36,-3],[28,15],[35,-21],[41,-58],[45,-10],[49,35],[66,-11],[83,-57],[69,-12],[83,51],[142,278],[68,155],[41,125],[59,102],[80,78],[80,67],[123,81],[25,67],[8,73],[0,102],[7,66],[12,30],[47,54],[81,77],[68,50],[83,32],[227,1]],[[71762,46175],[0,-98],[5,-110],[9,-11],[66,-2],[206,-15],[65,-80],[22,-17],[68,-22],[85,-133],[104,-12],[71,-42],[63,-45],[36,-55],[23,-12],[48,-10],[-4,-39],[-21,-67],[3,-96],[29,-133],[4,-115],[-9,-204],[0,-197],[13,-172],[-18,-83],[-13,-87],[-1,-35],[-15,-46],[-45,-40],[-8,-25],[5,-82],[38,-36],[8,-29],[-6,-84],[-19,-92],[19,-105],[48,-148],[11,-48],[-4,-69],[-42,-144],[-31,-90],[-36,-96],[-50,-61],[-17,-61],[2,-72],[-2,-76],[-42,-115],[26,-100],[-21,-24],[-120,-225],[-96,-177],[-104,-196],[-49,-64]],[[70010,44839],[-57,100],[-31,41],[-24,15],[-67,16],[-157,23],[-162,-49],[-143,-51]],[[69369,44934],[-144,221],[-80,131],[-61,102],[-29,59],[-52,78],[-53,58],[-38,207],[-21,191],[0,343],[0,399],[0,199],[0,398],[0,496],[168,0],[195,0],[273,0],[41,7],[1,20],[-29,98],[10,102],[27,133],[2,43],[-12,145],[0,81],[8,163],[-4,56],[25,143],[-7,55],[-12,195],[-8,81]],[[69569,49138],[38,-12],[13,-40],[7,-44],[17,-2],[46,-26],[16,-36],[10,-78],[-7,-40],[-14,-32],[14,-28],[31,-19],[17,5],[51,53],[71,34],[106,35],[20,19],[26,-16],[-10,-54],[-3,-50],[13,-92],[10,-43],[37,-48],[18,-33],[37,5],[80,-47],[24,-22],[59,-29],[83,-17],[87,-26],[46,-2],[32,6],[22,13],[21,28],[32,176],[39,23],[12,-16],[15,-111],[63,-100],[22,-84],[15,-72],[38,-44],[73,-12],[171,-122],[19,-22],[21,-65],[25,-133],[43,-15],[34,-75],[50,-145],[7,-57],[25,-39],[33,-16],[31,-2],[17,18],[44,29],[34,34],[25,12],[25,-31],[8,-72],[25,-24],[17,9],[7,29],[0,351],[0,417],[-35,-27],[-46,-3],[-17,-16],[-5,-23],[4,-75],[-6,-19],[-21,-8],[-80,38],[-43,13],[-73,142],[-28,43],[-78,106],[-20,42],[-17,71],[-25,134],[16,79],[38,262],[9,81],[33,83],[2,74],[-13,95],[4,52],[4,299],[-9,95],[-22,105],[-48,146],[0,31],[74,94],[22,36],[38,77],[26,66],[16,52],[6,69],[-12,65],[25,13],[175,48],[96,27],[191,53],[145,40]],[[71883,50801],[27,-119],[21,-55],[26,-48],[37,-38],[94,4],[33,-29],[29,-38],[8,-57],[40,-64],[49,4],[34,-24],[2,-49],[6,-21],[64,-12],[32,-32],[72,-19],[18,-36],[42,-35],[50,-33],[56,-53]],[[72623,50047],[1,-16],[20,-53],[5,-65],[26,-9],[11,23],[31,-15],[18,-83],[35,-64],[-14,-109],[29,-52],[36,-49],[10,-21],[2,-73],[6,-25],[25,-60],[12,-40],[-1,-23],[-66,-120],[-41,-18],[-28,-50],[26,-119],[14,-46],[-12,-57],[-26,-95],[-13,-9],[-2,-72],[21,-48],[6,-50],[-1,-122],[-17,-139],[31,-122],[10,-13],[40,-1],[-2,-45],[-29,-54],[-53,-41],[-76,-46],[-16,-44],[-9,-64],[18,-59],[-9,-115],[2,-46],[-4,-42],[-10,-19],[-29,-125],[-32,-57],[-30,-25],[0,-13],[34,-28],[12,-34],[-14,-31],[35,-35],[18,-41],[21,-78],[21,-1],[35,43],[19,-45]],[[72719,47187],[-112,-67],[-205,-125],[-25,-11],[-161,-97],[-64,-50],[-139,-73],[-157,-77],[-46,-29],[-104,-78],[-3,-47],[10,-72],[18,-66],[15,-38],[11,-97],[5,-85]],[[79501,66228],[-172,-110],[-45,-49],[-42,-61],[-30,-76],[-22,-133],[17,-122],[-2,-65],[-44,-43],[-42,-32],[-46,-47],[-28,-12],[-23,-38],[-26,-26],[-97,-69],[-104,-53],[-167,-64],[-64,-69],[-59,-47],[-89,-14],[-121,-66],[-68,-52],[-84,-86],[-19,-27],[-15,-63],[-26,-54],[-51,-90],[-38,-46],[-25,-2],[-50,-25],[-58,-5],[-98,32],[-26,-22],[-20,-35],[-76,-61],[-77,-123],[-56,-32],[-91,-39],[-64,-50],[-43,-21],[-55,-11],[-102,6],[-96,-19],[-89,-34],[-43,-65],[-48,-104],[-78,-42],[-18,-38],[-24,-76],[-97,-32],[-47,33],[-88,-92],[-34,-15],[-51,-4],[-36,-19],[-26,5],[-32,36],[-69,44],[-50,-29],[-4,87],[-83,266],[17,232],[0,33],[-16,103],[-49,94],[1,120],[-17,86],[-13,87],[5,45],[-37,191],[8,47],[-13,42],[-14,79],[-68,62],[14,58],[31,-38],[4,66],[-29,176],[43,235],[-14,210]],[[75993,66056],[80,111],[24,71],[20,16],[7,76],[-13,21],[-11,60],[4,74],[10,89],[23,21],[5,17],[-18,36],[2,21],[38,61],[40,37],[19,0],[42,-28],[39,-65],[31,-13],[21,2],[18,-15],[31,26],[26,0],[24,20],[68,10],[66,-6],[68,17],[137,-3],[30,-13],[58,-54],[43,-11],[265,-44],[127,23],[15,-1],[18,-34],[67,-160],[57,-4],[37,29],[40,41],[25,32],[47,209],[78,169],[124,271],[144,128],[153,136],[51,24],[187,47],[210,51],[120,29],[188,46],[245,60]],[[79123,67686],[60,-248],[61,-248],[60,-248],[76,-309],[24,-20],[97,-385]],[[75921,65393],[-14,11],[7,54],[19,-25],[-12,-40]],[[75988,64566],[-11,-10],[-21,33],[24,36],[12,-34],[-4,-25]],[[79732,63737],[21,-8],[32,22],[92,3],[110,-69],[-21,-19],[-12,-24],[-48,-23],[-49,-53],[-140,-27],[-41,15],[-34,52],[-62,66],[25,43],[14,38],[35,33],[36,-6],[42,-43]],[[96889,62342],[6,-30],[-2,-73],[-14,-71],[5,-30],[-11,-20],[-22,132],[-29,58],[40,57],[14,1],[13,-24]],[[98222,69246],[-56,-6],[-35,-57],[-24,-24],[-37,-20],[-40,-32],[-11,-56],[-8,-86],[-64,-66],[-19,7],[-12,24],[-65,-30],[-22,4],[-21,21],[-26,5],[-3,-24],[21,-96],[6,-44],[-69,-129],[7,-84],[-19,-64],[-41,-52],[-79,-132],[-35,-3],[-27,-30],[-58,-219],[0,-75],[-9,-54],[2,-52],[-25,-104],[-27,-44],[-6,-56],[64,-199],[10,-45],[17,-44],[60,-116],[27,-36],[33,-24],[59,-103],[30,-67],[-14,-45],[6,-95],[13,-36],[75,-184],[65,-90],[66,-103],[21,-98],[59,-64],[67,-95],[-3,-20],[62,-75],[27,-53],[10,-51],[17,-8],[18,13],[32,1],[20,-54],[28,-50],[13,-45],[21,0],[6,-63],[37,-73],[18,-68],[44,-111],[33,-62],[23,-36],[27,-30],[26,-122],[15,-111],[28,-124],[21,-54],[1,-102],[17,-104],[19,-70],[5,-73],[13,-63],[20,-122],[-5,-57],[-14,56],[1,-164],[13,-87],[-6,-106],[13,-38],[23,-119],[16,-44],[-1,-147],[8,-74],[-21,44],[-16,50],[-22,-26],[-18,-40],[29,-157],[-33,14],[3,-212],[14,-50],[-3,-52],[-16,39],[-12,-37],[-3,-47],[12,-39],[2,-30],[-23,-78],[-31,-5],[-18,-159],[-57,-12],[-41,-73],[-50,-27],[-46,-71],[-50,-66],[-60,-24],[-32,-109],[-53,-13],[-96,-89],[-32,-44],[-29,-16],[-43,-38],[-23,46],[-36,16],[-18,36],[-5,46],[-12,-8],[-6,-110],[-7,-25],[-15,-11],[-30,32],[-30,63],[-41,-44],[31,-1],[15,-12],[12,-42],[-6,-50],[-40,-4],[-51,9],[37,-44],[43,-25],[20,-26],[0,-21],[-25,-35],[-18,-43],[-1,-56],[-21,-25],[-13,5],[-37,44],[-106,175],[16,-49],[110,-199],[19,-66],[3,-46],[-30,-51],[-36,-2],[-60,74],[-94,177],[-33,25],[96,-203],[32,-107],[-12,-65],[-228,-189],[-34,-81],[-27,-100],[-44,-56],[-27,-51],[-76,-28],[-42,8],[43,93],[-26,35],[-1,238],[10,261],[20,131],[29,32],[35,20],[-3,59],[-18,44],[-22,21],[-32,8],[-24,55],[-18,-2],[-29,-18],[-17,23],[-6,37],[-58,90]],[[97012,62355],[14,7],[34,58],[42,5],[43,-2],[12,8],[45,79],[22,25],[5,20],[-14,95],[8,15],[40,-8],[52,-33],[25,60],[65,17],[41,16],[20,-3],[33,-78],[29,13],[55,-55],[22,-1],[-11,79],[12,56],[-23,41],[-71,104],[-12,30],[-1,120],[-6,45],[5,47],[26,11],[27,65],[33,-4],[81,-43],[20,3],[4,32],[1,131],[30,10],[68,9],[22,45],[57,15],[40,62],[37,63],[42,27],[17,-2],[21,-36],[18,22],[21,43],[11,41],[6,68],[-5,103],[-21,141],[-2,60],[24,122],[20,131],[-3,52],[-23,83],[-47,210],[-9,16],[-11,67],[11,150],[29,52],[29,123],[-5,34]],[[98067,65021],[-2,70],[4,34],[-15,67],[5,26],[21,22],[26,82],[7,41],[-30,84],[-78,106],[-20,35],[-30,81],[-8,34],[8,22],[58,52],[17,48],[-5,27],[-34,26],[-27,32],[-50,89],[-47,45],[-14,28],[-13,74],[-7,7],[-32,-46],[-28,24],[-21,67],[-16,31],[-5,106],[-11,83],[-26,30],[-31,88],[-22,45],[-90,123],[-35,71],[-42,72],[-30,58],[-22,60],[-10,51],[-3,41],[-45,106],[-42,22],[-59,93],[-26,69],[1,29],[20,96],[-11,17],[-41,31],[-95,47],[-35,35],[-57,77],[-115,131],[-65,45],[-7,45],[44,50],[13,38],[-5,51],[-13,51],[7,18],[78,6],[97,-47],[15,5],[52,85],[20,51],[5,42],[38,71],[1,40],[-14,54],[-26,29],[-39,-7],[-8,12],[-6,65],[-13,28],[-42,25],[-35,6],[5,38],[43,43],[14,28],[2,29],[-79,108],[-52,58],[-32,20],[-17,-3],[-58,-50],[-31,-32],[-27,-57],[-27,-12],[-58,51],[-86,38],[-37,31],[-75,193],[-11,40],[13,108],[20,80],[1,70],[-11,19],[-25,13],[-16,40],[-9,-55],[-26,-29],[-19,31],[-11,87],[-8,32],[-33,33],[-15,43],[-48,94],[-41,66],[-19,59]],[[96228,69787],[38,54],[47,112],[18,54],[30,5],[70,-58],[37,-38],[15,-38],[21,-37],[24,-8],[44,56],[1,31],[44,75],[11,31],[19,-6],[39,-97],[19,9],[16,76],[16,29],[101,-151],[19,8],[28,125],[31,30],[24,5],[29,-60],[24,-5],[54,62],[17,10],[37,1],[37,55],[11,118],[12,22],[112,90],[29,40],[25,-23],[50,-79],[18,-68],[49,-26],[51,-66],[41,8],[13,24],[50,-3],[13,-10],[22,-52],[30,-4],[70,28],[28,-21],[53,-60],[-26,-87],[-24,-32],[-17,-8],[-11,-45],[-5,-66],[6,-33],[28,-33],[6,-30],[4,-163],[22,14],[50,-31],[16,-19],[16,2],[12,-19],[5,-36],[14,-25],[40,-48],[32,-4],[27,-63],[28,20],[13,-27],[58,10],[40,26],[14,-7],[59,-85]],[[97760,61282],[-17,11],[30,41],[-1,-41],[-12,-11]],[[97947,62346],[-28,-37],[-2,31],[24,20],[6,-14]],[[97844,68816],[-33,30],[9,40],[20,-43],[4,-27]],[[98096,69065],[-50,-78],[-18,2],[17,88],[8,21],[29,-31],[14,-2]],[[98068,68885],[-14,16],[13,37],[11,-19],[-10,-34]],[[97901,68773],[-14,-2],[-27,51],[15,26],[30,-19],[7,-23],[-11,-33]],[[40650,61565],[-41,-21],[11,45],[43,25],[-13,-49]],[[39617,62802],[11,-81],[-4,-16],[-30,-54],[-48,-3],[-16,11],[-20,36],[-20,-11],[-48,13],[-14,12],[18,44],[47,21],[9,-27],[25,-23],[29,-2],[7,41],[39,62],[15,-23]],[[39152,62662],[-19,-14],[-33,14],[-17,20],[10,22],[28,0],[31,-42]],[[40589,61396],[-21,-13],[-3,63],[7,16],[35,51],[33,-38],[-4,-28],[-19,-31],[-28,-20]],[[40924,61199],[63,-152],[-6,-35],[-40,-36],[-8,-18],[-14,-67],[-50,-37],[-35,-46],[-34,-57],[-46,-9],[-14,-26],[-18,-77],[-14,-32],[-24,-38],[0,-23],[33,-84],[6,-26],[-10,-40],[1,-28],[17,-35],[20,-7],[20,14],[25,-2],[22,-19],[2,-25],[-10,-56],[-15,-36],[-65,-54],[-46,-55],[-52,11],[-22,-33],[-57,-14],[-14,-10],[-20,-66],[18,-88],[0,-38],[8,-106],[-60,-103],[-30,-68],[5,-20],[72,-145],[144,-293]],[[40676,59120],[24,-23],[24,-106],[-8,-63],[-18,-41],[-22,-33],[-56,-54],[-20,-69],[-12,-25],[-35,-19],[-60,8],[-30,-53],[-38,-19],[-26,-71],[-91,-56],[-88,-44],[-24,-17],[-89,36],[-21,-12],[-46,-59],[-35,-15],[-10,-48],[-8,-167],[-32,-49],[-38,0],[-26,58],[-31,43],[-54,103],[-29,13],[-50,-31],[-43,30],[-32,-5],[-94,-3],[-18,29],[-16,57],[-24,37],[-22,9],[-109,-1],[-13,11],[-18,50],[-19,23],[-23,1],[-9,-27],[39,-89],[11,-48],[35,-70],[100,-147],[18,-47],[-2,-151],[2,-86],[27,-124],[35,-127],[11,-80],[-14,-91],[8,-28],[34,-18],[73,-11],[43,0],[67,-14],[5,-44],[-7,-73],[-13,-42],[-11,-12],[-36,-10],[-38,-44],[-55,-45],[-46,-15],[-20,-30],[-11,-83],[-16,-94],[-30,-56],[-35,-46],[-34,-5],[-27,4],[-14,-14],[-48,-85],[-22,-25],[-30,2],[-31,-23],[-66,-69],[-22,-54],[-33,-56],[-33,-39],[-38,-110],[-29,-2],[-2,37],[14,59],[-15,51],[-39,36],[-44,-28],[-64,-80],[-21,-15],[-83,-21],[-15,10],[-28,34],[-152,249]],[[38585,56649],[-7,41],[4,43],[-16,62],[-10,66],[-8,23],[-2,49],[-34,161],[-15,38],[6,31],[-17,57],[-17,83],[6,35],[-5,35],[-35,52],[-26,54],[-32,52],[-29,29],[-17,64],[-51,25],[-31,-25],[-1,39],[9,23],[109,183],[56,84],[14,58],[-64,171],[-35,48],[-21,59],[-24,138],[-17,70],[-5,53],[1,60],[-7,46],[-13,32],[0,99],[13,164],[4,126],[-7,85],[12,66],[32,44],[18,70],[4,93],[19,77],[34,60],[13,60],[-15,95],[-30,38],[-54,27],[-45,3],[-27,-30],[-70,-27],[-112,-25],[-90,0],[-69,25],[-52,-8],[-35,-43],[-26,-9],[-14,23],[-16,7],[-28,-8],[-102,223],[-121,275],[-12,10],[-47,-4],[-41,15],[-51,43],[-41,26],[-27,4],[-26,-7],[-69,-52],[-70,-6],[-81,26],[-56,4],[-93,-27],[-38,27],[-27,40],[-42,169],[-64,28],[-16,25],[-11,43],[-2,56],[4,89],[8,130],[30,75],[-11,124],[-10,59],[-84,152],[-45,299],[-19,16],[-18,-8],[-19,8],[-16,65],[-17,13],[-47,-41],[-48,-16],[-7,36],[45,135],[55,140],[19,75],[23,252],[24,183],[44,147],[17,67],[59,136],[25,38],[67,51],[81,251],[18,40],[144,67],[46,31],[28,24]],[[37069,63256],[-10,-29],[-23,-38],[-24,-22],[-131,-57],[-30,-36],[4,-96],[38,-140],[14,-34],[52,-75],[-30,-12],[13,-99],[32,-67],[1,-44],[-24,-132],[-44,-80],[-31,-92],[-25,-36],[-53,-182],[41,-108],[6,-55],[35,-78],[23,-26],[15,-31],[-7,-53],[15,-72],[18,-38],[22,-16],[29,0],[81,49],[19,21],[13,39],[40,78],[3,101],[9,121],[-10,79],[-43,112],[-18,81],[-43,74],[-26,128],[-11,40],[-8,54],[-9,98],[28,35],[-3,80],[71,22],[151,130],[93,33],[107,69],[25,34],[22,57],[16,7],[56,-54],[28,19],[11,42],[-16,81],[-32,0],[-96,-30],[-9,35],[0,31],[-23,97],[29,132],[67,49],[31,-39],[19,-38],[10,-36],[6,-99],[17,-100],[17,-69],[28,-53],[36,13],[100,11],[60,-35],[78,-19],[72,-75],[74,-93],[19,-66],[7,-65],[17,-43],[-17,-44],[9,-74],[21,-75],[32,-47],[92,-13],[99,32],[153,29],[49,25],[253,13],[48,-36],[5,-63],[82,-133],[67,-19],[57,-43],[58,-22],[65,-33],[35,4],[27,12],[32,1],[226,224],[121,-6],[35,34],[-45,34],[-100,13],[-31,-23],[-17,58],[32,-2],[112,20],[129,-13],[105,41],[52,7],[31,-8],[83,26],[157,-31],[124,26],[-15,-37],[-41,-23],[-65,-6],[-50,-55],[-107,10],[-75,-19],[24,-15],[0,-56],[21,-12],[25,-41],[16,-83],[-11,-61],[14,-19],[18,29],[0,63],[29,-26],[39,-160],[27,-84],[14,6],[20,56],[10,-25],[15,68],[9,20],[36,-19],[36,-53],[25,-54],[2,-30],[25,-35],[9,16],[-10,32],[-2,37],[48,2],[13,48],[26,-29],[69,-133],[25,-22],[76,-26],[47,-64],[29,-57],[-17,-61],[-44,-30],[-19,-38],[-10,-36],[0,-38],[-13,-43],[-10,-76],[-18,-73],[-25,-77],[-127,-3],[61,-54],[47,-62],[37,49],[54,2],[58,54],[23,9],[108,-29],[26,40],[23,11],[58,-7],[52,-42]],[[118268,46682],[22,-206],[26,1],[13,11],[15,48],[7,76],[13,11],[9,-33],[5,-60],[22,-40],[23,-217],[-36,-59],[-54,2],[-38,-36],[-22,3],[0,40],[-21,31],[-23,68],[6,121],[-42,225],[0,55],[14,74],[14,3],[19,-61],[28,-57]],[[118495,45894],[25,-13],[5,-31],[49,-60],[13,2],[12,-33],[21,-17],[5,-34],[15,-34],[-26,-41],[-50,11],[-29,-47],[-26,12],[-2,33],[-15,63],[-7,96],[-11,56],[-11,25],[-34,-25],[-22,46],[16,122],[19,5],[27,-25],[26,-111]],[[118848,45470],[5,-35],[-47,29],[-48,-10],[-12,24],[-8,47],[4,33],[22,27],[22,-48],[11,-8],[24,-46],[27,-13]],[[118797,45744],[-39,-6],[-54,19],[-22,27],[-10,27],[18,20],[28,10],[34,62],[12,-24],[12,-69],[21,-42],[0,-24]],[[118848,44996],[34,-89],[14,-7],[-21,-63],[-43,-6],[-50,16],[18,22],[-9,25],[-41,-3],[11,41],[28,57],[59,7]],[[118666,46304],[-23,-29],[-42,3],[-16,16],[52,87],[60,18],[-31,-95]],[[118768,45972],[-11,28],[-19,152],[13,136],[8,-29],[28,-239],[-3,-38],[-16,-10]],[[118760,46370],[-19,6],[-9,188],[11,19],[17,-131],[0,-82]],[[118430,46125],[-7,-16],[-36,40],[9,39],[39,-14],[-5,-49]],[[118554,47033],[-13,-31],[-48,19],[2,52],[32,34],[32,-25],[-5,-49]],[[118522,47253],[-13,-1],[-20,75],[5,25],[25,24],[22,-42],[-1,-60],[-18,-21]],[[119343,43354],[-12,-35],[-18,1],[-24,24],[4,30],[35,4],[15,-24]],[[119205,43755],[-18,-67],[-32,15],[-29,49],[-15,42],[10,82],[15,15],[16,-5],[8,-80],[45,-51]],[[119151,44128],[-15,-30],[-14,3],[-90,70],[4,28],[-4,73],[11,40],[24,16],[19,-8],[12,-59],[26,-24],[-18,-20],[32,-44],[13,-45]],[[85593,82126],[30,23],[61,-49],[5,-27],[-67,-53],[-65,-37],[-13,-60],[-59,-29],[-23,-28],[-37,-65],[-93,-95],[7,-36],[30,-11],[62,-52],[60,29],[30,-37],[16,-86],[27,-23],[56,-23],[29,-21],[38,-9],[26,9],[38,-11],[4,128],[27,-22],[15,1],[21,37],[5,42],[-6,42],[21,24],[11,-16],[1,-38],[32,-26],[22,-63],[7,-72],[59,-19],[21,14],[17,-8],[8,-92],[61,11],[48,-38],[39,-62],[13,-8],[59,-5],[12,-12],[42,11],[48,-20],[-6,-26],[-116,-85],[-32,-59],[-38,-19],[-56,34],[-12,-22],[13,-50],[-17,-38],[-35,14],[-8,18],[-34,-9],[-41,-61],[-18,-51],[-38,-15],[-53,-51],[-21,41],[-38,-6],[-48,41],[-25,8],[-71,-10],[-47,-20]],[[85597,80878],[-104,-24],[-17,8],[-24,69],[-46,23],[-9,14],[4,43],[107,129],[18,49],[-38,24],[6,38],[-73,114],[-24,3],[-27,-85],[-53,-44],[-125,-84],[-20,-17],[-28,13],[-45,55],[-29,19],[-35,-46],[1,-55],[-36,-42],[33,-149],[-4,-20],[-25,-5],[19,-55],[-16,-7],[-40,13],[-55,8],[-102,-24],[-4,-33],[50,-2],[48,6],[10,-40],[-52,-13],[-5,-23],[27,-66],[-31,-2],[-14,-42],[-33,1],[-18,-126],[-42,-61],[-22,-5],[-110,22],[-122,36],[-60,-40],[-40,-57],[-26,-139],[17,-28],[74,-29],[17,-26],[4,-62],[31,-17],[65,7],[49,-19],[16,-44],[-34,-137],[2,-51],[11,-72],[19,-56],[64,-90],[8,-42],[-5,-33],[-35,-97],[-22,-20],[-29,-58],[-27,-71],[-50,-93],[-16,-52],[-6,-150],[-13,-46]],[[84506,78973],[-20,35],[-32,-3],[-31,27],[-26,-5],[-41,-30],[-42,16],[-43,62],[-83,22],[-104,-14]],[[84084,79083],[-4,69],[0,86],[5,117],[36,90],[-19,49],[-64,25],[-18,13],[-55,59],[-69,48],[-39,15],[-44,-26],[-39,8],[-73,68],[-110,118],[-87,83],[-56,39],[-43,50],[-76,100],[-50,-14],[-71,65],[-80,80],[-72,118],[-153,159],[-139,140],[-58,73],[-14,37],[-23,184],[-26,84],[-37,46],[-32,88],[-26,131],[-22,85],[-18,39],[-35,43],[-53,48],[-50,22],[-38,-15],[-19,-35],[-51,-3],[-21,12],[-64,12],[-22,12],[-38,-2],[-82,-18],[-21,3],[-86,80],[-38,30],[-7,48],[24,74],[-5,31],[-17,34],[0,38],[11,20],[24,-6],[5,32],[-29,45],[-50,29],[7,111],[9,36],[-51,65],[-32,4],[-107,-2],[-59,35],[-27,79],[-26,26],[-65,10],[-18,13],[-99,135],[-19,-60],[-19,-12],[-74,16],[-37,-37],[3,-16],[44,-47],[64,-116],[-7,-30],[-20,0],[-24,66],[-32,30],[-54,25],[-16,0],[-28,-41],[-8,-53],[-23,-65],[-14,-26],[-44,-15],[-103,-5],[-53,-45],[-39,-79],[-28,-27],[-23,-35],[18,-253],[34,-62],[-34,-54],[-83,16],[-272,21]],[[80487,81551],[0,427],[0,285],[0,285],[0,285],[0,429],[0,285],[0,285],[278,115],[234,97],[331,127],[37,8],[38,-29],[141,-123],[189,-163],[142,-123],[235,-204],[91,-79],[19,-28],[11,-62],[22,-49],[77,-109],[206,-312],[28,-2],[192,43],[195,43],[219,-24],[203,-23],[126,88],[32,13],[33,-40],[57,-96],[34,-48],[77,-67],[104,-269],[102,71],[-17,-322],[-12,-98],[-2,-192],[167,-7],[13,-157],[22,-154],[23,-138],[14,-57],[35,-23],[315,28],[24,-15],[44,21],[28,-63],[32,-42],[-21,-136],[37,-54],[46,-41],[42,-23],[27,-6],[27,8],[9,23],[-15,65],[9,70],[53,103],[38,50],[47,51],[19,36],[7,65],[30,35],[74,41],[11,32],[89,81],[43,16],[58,35],[47,41],[44,78],[35,51],[30,32],[25,0],[17,-25],[25,9],[35,71],[17,16],[33,8],[29,26]],[[85493,81311],[-12,40],[-17,-11],[29,-29]],[[85681,80663],[-16,-6],[-50,7],[12,61],[-24,28],[0,60],[17,9],[18,-43],[51,-20],[-16,-42],[8,-54]],[[85877,80699],[-9,-27],[-16,6],[-8,32],[37,16],[-4,-27]],[[43191,34935],[-17,-22],[-18,-44],[-21,-105],[-71,-143],[-15,-82],[-76,-84],[-54,-96],[-36,2],[-32,-41],[-182,-124],[-67,23],[-48,0],[-45,55],[-104,20],[-65,-22],[-86,-61],[-45,5],[-48,25],[-25,53],[-134,61],[-108,140],[-126,2],[-98,-18],[-15,19],[-30,87],[-84,122],[-66,123],[-13,120],[10,130],[19,155],[-3,48],[24,27],[24,6],[24,40],[20,60],[4,46],[-16,85],[-11,119],[-14,59]],[[41543,35725],[27,93],[1,45],[-16,39],[-3,41],[6,43],[-1,40],[-10,39],[8,32],[24,25],[19,39],[18,92],[-7,53],[-16,25],[8,49],[29,73],[19,64],[8,57],[-1,45],[-10,35],[5,23],[17,12],[8,37],[-2,91],[-19,76],[15,59],[40,68],[21,56],[2,42],[12,25]],[[41745,37143],[19,-46],[58,-12],[58,-2],[9,12],[23,75],[30,22],[32,5],[36,-4],[38,-50],[107,-161],[79,-113],[61,-129],[-8,-97],[5,-54],[45,6],[22,21],[35,56],[14,13],[13,42],[24,-11],[65,-106],[7,-29],[32,-82],[27,-34],[28,-22],[19,22],[48,-69],[105,-59],[19,-35],[18,-50],[37,-76],[51,-68],[41,-30],[61,-31],[16,-26],[38,-39],[55,-215],[38,-62],[43,-48],[45,-28],[26,-34],[11,-35],[-31,-52],[-62,-118],[-30,-36],[-16,-64],[0,-204],[-2,-77],[6,-33],[51,-41]],[[108512,61790],[-28,-35],[19,65],[24,27],[10,-29],[-11,-25],[-14,-3]],[[115393,60121],[-20,-14],[-25,6],[-17,89],[18,21],[37,-17],[13,-36],[-6,-49]],[[111093,67541],[-19,-6],[-3,33],[21,-9],[1,-18]],[[110941,64682],[-16,-30],[-22,33],[28,16],[10,-19]],[[111116,67117],[4,47],[16,-12],[-20,-35]],[[111107,65287],[-22,-5],[9,57],[25,25],[-1,-51],[-11,-26]],[[111077,65187],[-14,-33],[-12,70],[21,17],[5,-54]],[[39277,67272],[-25,-5],[-36,29],[28,11],[18,-7],[15,-28]],[[39304,66940],[29,-27],[-2,-28],[-69,-3],[1,44],[41,14]],[[110763,64123],[-14,-1],[-17,36],[-1,70],[49,62],[15,59],[26,-15],[10,-17],[-55,-100],[-13,-94]],[[3163,46978],[-15,-6],[-17,30],[45,33],[17,-15],[-30,-42]],[[38839,67344],[20,14],[65,-15],[43,-26],[43,-13],[2,-86],[-33,-35],[-22,-36],[-17,-44],[-47,-51],[-56,-16],[-52,0],[-13,9],[-28,-8],[-35,23],[-30,-6],[-59,5],[-22,-19],[-22,-5],[-39,13],[-43,-1],[-19,17],[8,98],[0,44],[-31,88],[31,44],[5,39],[34,15],[84,-19],[213,-10],[20,-19]],[[39079,67133],[-44,1],[-6,19],[32,17],[38,-2],[25,-18],[-45,-17]],[[38245,67105],[-21,17],[5,21],[19,1],[-3,-39]],[[16117,90992],[-63,-1],[-2,51],[23,56],[9,61],[64,-68],[30,-68],[-61,-31]],[[16106,90819],[-38,8],[-49,50],[6,32],[39,38],[67,-3],[22,-8],[-2,-76],[-45,-41]],[[15583,92050],[-49,-14],[-47,22],[-18,43],[43,13],[42,-28],[29,-36]],[[11898,93359],[-11,-15],[-46,14],[53,41],[4,-40]],[[12086,93037],[8,37],[64,73],[36,-9],[-53,-38],[-55,-63]],[[10907,93190],[-18,-19],[-67,12],[14,37],[51,24],[57,-37],[-37,-17]],[[9543,93374],[21,88],[25,-19],[-46,-69]],[[6709,90254],[-4,-49],[-47,31],[-5,27],[45,3],[11,-12]],[[7040,90027],[-21,4],[-13,35],[23,4],[11,-43]],[[6987,90139],[-2,-49],[-44,1],[18,31],[28,17]],[[4704,89252],[-15,27],[22,34],[29,7],[-36,-68]],[[1361,88065],[-29,-14],[-38,28],[4,32],[63,-46]],[[2912,95410],[5,-15],[86,-4],[55,-15],[55,5],[68,47],[83,18],[44,-11],[62,-39],[35,-78],[134,-38],[24,-35],[43,-16],[147,0],[96,-24],[-16,-60],[-31,-26],[-88,9],[-86,-9],[-67,-70],[-4,-38],[-36,-26],[-34,86],[-29,29],[-43,20],[-69,14],[-28,55],[-87,59],[-110,40],[-72,1],[-116,-66],[-40,-4],[-39,12],[-54,45],[-10,33],[5,64],[20,76],[34,15],[63,-54]],[[4729,93388],[31,-31],[69,7],[39,-19],[13,-56],[-8,-32],[0,-64],[28,-26],[13,-72],[-60,-11],[-61,-3],[-52,-25],[-30,-47],[-53,38],[-97,18],[-122,75],[-52,15],[-53,54],[-49,69],[63,17],[142,-10],[17,49],[64,26],[42,28],[38,-12],[40,17],[38,-5]],[[9244,91798],[16,-30],[53,35],[63,13],[28,-16],[3,-27],[-22,-49],[25,-36],[60,-19],[6,-24],[-40,-59],[-27,-17],[-74,11],[-96,22],[-15,-30],[59,-4],[22,-26],[13,-41],[-67,-15],[-39,-24],[-20,-28],[-77,-7],[-57,-37],[-69,-85],[0,-43],[-38,-63],[-74,-53],[-33,29],[95,105],[-30,9],[-41,28],[-22,53],[-61,6],[-28,-8],[40,-42],[8,-36],[-26,-58],[-27,6],[-54,71],[-24,105],[-47,81],[12,69],[46,70],[51,19],[36,30],[57,8],[29,-13],[7,-46],[21,-17],[48,-106],[17,6],[-14,47],[-7,94],[6,33],[37,10],[-64,57],[-8,40],[46,37],[36,-14],[47,-79],[24,11],[34,35],[35,-8],[18,18],[14,94],[74,-22],[31,-25],[-16,-45]],[[17045,90596],[-29,-67],[-12,-78],[9,-81],[21,-69],[8,-71],[-47,-100],[-14,-69]],[[16981,90061],[-34,-50],[-61,-69],[-28,-40]],[[16858,89902],[-14,13],[-80,10],[-28,89],[-16,69],[-23,60],[22,53],[79,33],[-36,36],[-8,65],[0,94],[-13,78],[-20,47],[-52,92],[-4,23],[37,56],[-87,-47],[-119,-49],[-51,-35],[-14,-26],[9,-32],[-24,-85],[-25,-58],[-13,-11],[-47,22],[-12,18],[-24,75],[6,21],[40,53],[29,56],[55,143],[36,1],[64,28],[-100,14],[-29,27],[-32,66],[-54,26],[-42,61],[-18,66],[-41,15],[-3,73],[-53,18],[-55,62],[-12,40],[8,50],[-34,4],[-188,77],[10,103],[-35,135],[-38,55],[33,32],[72,-40],[68,-46],[9,6],[-109,100],[-27,30],[-7,55],[9,10],[101,-9],[-97,37],[-21,0],[-34,-52],[-29,8],[-51,86],[-47,49],[-11,87],[6,49],[39,110],[-35,-32],[-33,-85],[-26,-29],[-95,84],[-60,11],[-39,42],[-57,120],[-8,59],[-56,63],[-29,145],[-39,101],[-10,54],[-42,-11],[22,-41],[-29,-25],[40,-71],[17,-110],[44,-149],[7,-50],[47,-176],[-14,-38],[-17,-8],[-56,14],[-50,75],[-41,23],[-104,-11],[-7,43],[12,70],[-10,28],[-53,103],[1,21],[73,47],[-75,-3],[-18,66],[-20,-33],[12,-33],[-8,-65],[-27,-14],[-86,60],[-29,49],[-91,27],[-54,31],[12,-42],[-35,-58],[61,5],[47,-20],[59,-39],[12,-29],[42,-24],[-26,-52],[56,4],[33,-13],[42,-60],[13,-34],[3,-42],[-26,-20],[-113,-15],[-41,-51],[-40,13],[-56,41],[-71,39],[-161,116],[-7,28],[-33,21],[-69,77],[-56,97],[-73,65],[-38,26],[-71,26],[16,23],[-65,13],[-61,31],[-156,86],[-127,80],[-29,26],[64,39],[33,55],[-23,114],[9,32],[37,15],[40,-50],[3,-86],[21,3],[13,48],[14,12],[-76,100],[-39,10],[-32,-27],[-82,-89],[-125,-64],[-69,-10],[-78,8],[-66,16],[-167,77],[-26,18],[39,48],[-12,64],[-68,-55],[-48,-15],[-148,40],[-152,32],[-136,7],[-191,-26],[-102,-27],[-116,3],[19,42],[-32,41],[-51,26],[-67,8],[-110,56],[-17,25],[26,123],[35,81],[-88,-79],[-39,-52],[-52,-46],[-46,6],[-61,32],[-53,17],[-62,7],[30,28],[47,79],[-162,6],[-11,46],[-56,2],[-54,-23],[-23,17],[61,51],[-48,17],[-36,37],[1,59],[12,38],[108,37],[-34,14],[-68,-5],[-99,-76],[-36,-17],[-19,11],[-55,0],[-57,-51],[-24,23],[-54,18],[-22,-44],[-52,-14],[-28,2],[-39,49],[55,135],[-70,-64],[-76,0],[-40,-29],[61,-4],[-29,-56],[-17,-53],[-72,-31],[54,-44],[44,-21],[-5,-56],[-19,-25],[15,-23],[60,27],[23,-5],[30,-52],[-28,-35],[-29,-8],[-25,-31],[-5,-60],[7,-62],[-46,-29],[-33,-82],[-109,-26],[-87,20],[-40,34],[-49,-22],[-51,63],[-6,-62],[-40,-66],[-27,-68],[-19,68],[-38,-24],[4,-66],[-61,20],[-18,-3],[17,-54],[-79,-77],[-48,10],[-50,-29],[-33,18],[-32,-86],[-61,-52],[-27,-58],[-85,32],[4,-39],[-66,5],[-38,-10],[-49,-26],[-41,1],[-76,60],[11,36],[27,39],[54,34],[61,14],[39,20],[72,75],[49,84],[-15,11],[-108,-79],[-37,-7],[-85,30],[-30,51],[40,128],[42,64],[54,69],[19,45],[29,120],[-2,54],[-13,65],[12,52],[125,61],[60,46],[115,67],[32,-1],[22,-23],[58,-32],[39,1],[49,17],[76,-6],[157,-45],[10,34],[-108,19],[-46,18],[-128,79],[-29,31],[44,26],[32,58],[32,35],[48,34],[56,52],[-90,-19],[-43,-36],[-42,-74],[-56,-16],[-124,-5],[-21,25],[-27,1],[-113,-65],[-41,-32],[-29,-37],[-45,-27],[-106,-39],[-48,-43],[-16,-33],[11,-63],[-40,-14],[-45,-32],[-93,-95],[-12,-35],[16,-39],[-37,-46],[-59,-43],[-39,-17],[-81,1],[77,-71],[13,-53],[-45,-75],[-33,-13],[-85,-15],[-36,-20],[58,-20],[-3,-50],[-64,-36],[-43,-8],[1,36],[-18,14],[-81,-58],[14,-20],[-70,-87],[-93,-69],[7,-17],[-24,-59],[-13,-53],[16,-22],[161,-51],[82,-48],[31,-47],[-38,-81],[-61,-62],[-84,-42],[-54,-58],[-22,-79],[-69,-39],[27,-9],[-13,-81],[-56,-7],[-54,-18],[-5,-39],[-144,-25],[-32,-63],[-72,-66],[-75,-30],[-20,-16],[-13,-37],[-34,-30],[-17,-35],[-76,-15],[-13,-12],[-6,-49],[-35,11],[-29,-9],[-66,-56],[-14,-20],[27,-54],[-1,-22],[-25,-62],[-40,-25],[-12,-34],[-52,-3],[-31,-36],[-40,-22],[-51,-53],[-45,-12],[-41,1],[-34,-31],[-13,-54],[-17,-24],[-66,11],[-34,-3],[-54,-34],[16,-51],[-30,1],[-117,-46],[-43,-63],[52,-21],[38,-66],[-85,-76],[-6,58],[-29,-7],[-26,-70],[-29,-35],[-219,-89],[-32,-20],[-15,-72],[-35,-31],[1,93],[-26,31],[-45,-27],[-30,-4],[-28,-20],[-68,-63],[-43,-16],[-44,-61],[-43,10],[-20,-8],[-29,-35],[-43,19],[-69,-68],[-97,-21],[-34,17],[2,42],[35,56],[40,14],[-69,31],[-48,-22],[-29,-39],[-19,-86],[-82,-120],[-32,-37],[-31,3],[-57,-58],[-33,7],[1,52],[-39,60],[-35,-15],[10,-91],[-20,-46],[-50,-29],[-16,2],[-44,57],[-43,12],[7,-57],[-10,-35],[-54,-49],[-17,23],[14,46],[-3,68],[9,39],[56,45],[71,1],[17,36],[68,61],[49,61],[56,90],[66,77],[75,65],[82,52],[164,71],[-3,-28],[27,-16],[60,11],[-12,-51],[52,-71],[36,0],[-4,51],[54,12],[86,-46],[27,21],[-14,19],[-58,44],[-20,45],[26,81],[55,110],[176,154],[171,78],[43,51],[57,56],[25,13],[8,-40],[38,-14],[37,0],[-4,93],[8,59],[64,99],[53,61],[93,70],[52,63],[53,23],[32,-31],[37,-9],[-24,73],[-25,23],[-2,65],[22,95],[3,96],[20,56],[38,19],[85,14],[-50,25],[-51,12],[-12,61],[0,43],[22,51],[79,85],[87,60],[-23,22],[79,225],[-53,-90],[-61,-69],[-178,-80],[-122,-68],[-57,-16],[-39,17],[-29,64],[-39,65],[9,55],[18,38],[70,24],[-69,32],[-32,-10],[-24,-53],[-32,-36],[-27,13],[-35,-144],[30,-123],[-5,-50],[-56,-22],[-44,40],[-95,157],[-32,44],[-74,73],[-24,-10],[-31,-36],[-30,-11],[-79,54],[-72,90],[-100,-60],[-55,-51],[-37,0],[-99,-44],[-38,-35],[-12,-46],[-134,-36],[-133,20],[98,45],[45,48],[-19,64],[-2,73],[49,59],[-52,0],[-32,-21],[-31,44],[-15,85],[35,50],[31,93],[1,46],[-27,78],[-79,165],[-35,123],[-62,66],[46,108],[51,97],[66,44],[-66,0],[-43,-56],[-70,-124],[-44,-61],[-29,-17],[46,-24],[17,-65],[-25,-84],[-54,2],[-50,-44],[-117,-48],[-157,-27],[-77,3],[-81,56],[5,60],[-116,96],[-66,96],[-47,2],[-89,66],[12,55],[-29,15],[-82,10],[115,123],[40,83],[32,11],[42,-12],[57,-33],[49,-14],[36,-44],[-19,-49],[3,-25],[107,99],[35,-13],[56,-96],[69,46],[37,58],[-69,40],[-97,20],[24,16],[62,-1],[23,16],[-55,41],[-84,-65],[-153,3],[-106,38],[-106,-6],[-38,27],[103,76],[-23,17],[-46,-13],[-21,23],[-86,50],[3,-66],[-63,-2],[-21,39],[-21,84],[-59,22],[-15,42],[37,54],[-16,29],[-40,9],[-45,-27],[-20,24],[-5,65],[23,-4],[90,21],[9,11],[-71,32],[-21,34],[30,20],[54,1],[75,21],[-31,35],[-13,53],[12,55],[89,126],[86,106],[26,24],[40,13],[75,-32],[-21,62],[17,25],[-18,111],[28,106],[29,30],[104,21],[-52,46],[40,54],[103,29],[56,-9],[70,-34],[41,-42],[39,-12],[49,-37],[101,21],[39,22],[48,57],[64,36],[89,117],[26,47],[58,3],[20,-39],[27,-11],[160,9],[82,18],[57,38],[93,106],[16,56],[-43,132],[-28,137],[-79,90],[-57,27],[-36,-4],[26,58],[76,-7],[49,11],[40,28],[33,64],[-18,70],[-60,68],[-42,12],[-96,-80],[-56,-1],[-43,15],[-37,-46],[-104,-41],[-56,-40],[-102,-101],[-26,-45],[-33,-2],[-24,88],[-111,84],[-34,-28],[44,-46],[42,-8],[-32,-60],[-117,79],[-77,24],[-201,-3],[-133,-48],[-24,14],[-46,-42],[-82,3],[-105,29],[-238,43],[-62,27],[-53,64],[1,43],[24,18],[-3,62],[-45,16],[-95,90],[22,24],[79,12],[27,57],[59,17],[28,20],[-141,29],[-19,-10],[-252,53],[-199,90],[-34,56],[27,38],[32,-23],[114,47],[60,63],[113,11],[61,51],[50,58],[119,58],[63,15],[70,-30],[97,-6],[56,35],[-95,48],[22,46],[111,56],[86,19],[46,-1],[132,72],[74,21],[136,14],[83,-17],[14,-33],[-44,-95],[3,-56],[-47,-44],[115,-82],[179,-5],[97,14],[57,-24],[45,-6],[128,13],[95,-18],[40,7],[89,122],[34,19],[87,-38],[32,12],[13,34],[-18,25],[-144,46],[-97,-23],[-30,26],[10,50],[-104,124],[-43,25],[-51,2],[-48,98],[84,33],[37,-18],[41,-73],[40,-11],[-12,-72],[48,-67],[109,-62],[87,23],[62,-1],[36,-13],[90,-56],[46,-7],[143,30],[1,54],[-12,40],[-34,25],[-96,-5],[-75,41],[-64,-11],[-118,-62],[-59,24],[-37,33],[-61,35],[-7,64],[50,74],[37,35],[-33,25],[-84,19],[-145,-19],[-6,52],[-59,-53],[-61,11],[-82,-5],[-181,47],[-65,57],[-27,47],[-48,128],[-62,80],[-430,273],[-196,69],[-95,75],[-114,26],[0,26],[65,40],[33,91],[35,140],[-9,55],[239,-12],[158,10],[53,12],[200,21],[52,15],[96,47],[114,84],[127,135],[23,138],[49,91],[205,209],[95,83],[65,65],[41,-46],[41,-15],[219,44],[120,72],[4,16],[177,90],[52,-14],[-48,-60],[34,-15],[-31,-71],[82,-6],[14,107],[45,-12],[101,29],[-123,4],[-74,65],[-40,0],[136,94],[126,57],[44,-29],[-53,-31],[30,-20],[87,32],[128,-1],[47,26],[165,3],[134,59],[140,95],[76,84],[64,56],[75,14],[32,-32],[225,-63],[57,-4],[23,-38],[-19,-37],[-59,-41],[-116,-42],[36,-16],[23,-38],[35,-4],[100,37],[90,75],[50,52],[76,-10],[92,-59],[-38,-58],[64,-29],[70,-6],[68,-23],[94,47],[74,10],[70,-1],[90,26],[153,-35],[38,9],[61,-7],[66,-21],[23,-22],[-70,-48],[-11,-50],[68,-24],[34,-36],[137,3],[-60,-68],[246,-20],[32,20],[160,36],[88,-41],[86,0],[96,41],[111,2],[46,-13],[48,5],[145,-46],[53,-6],[71,-61],[37,-2],[42,26],[36,-1],[35,-24],[58,-8],[56,-54],[219,-28],[109,13],[158,-4],[76,-18],[80,2],[131,-68],[69,-10],[14,-16],[197,-16],[68,35],[121,9],[109,30],[132,-8],[47,17],[175,-52],[97,-58],[43,-43],[203,-62],[59,-35],[41,-38],[40,8],[98,-9]],[[13301,99143],[0,-363],[0,-363],[0,-363],[0,-363],[0,-182],[0,-362],[0,-363],[0,-363],[0,-182],[0,-362],[0,-182],[0,-363],[0,-182],[0,-362],[0,-363],[0,-363],[0,-182],[0,-362],[0,-182],[163,-51],[25,51],[164,-73],[101,90],[204,10],[0,-40],[-37,-122],[48,-55],[116,-58],[25,-76],[152,-147],[202,-196],[37,-146],[-12,-47],[28,-8],[55,53],[158,101],[80,1],[38,79],[0,112],[41,-2],[24,15],[10,32],[-25,45],[132,36],[156,82],[74,-62],[71,-72],[5,-18],[-12,-67],[44,-96],[48,-23],[43,-32],[19,-27],[61,-43],[49,-117],[27,-30],[136,-89],[93,-125],[50,-58],[-8,-46],[51,-71],[53,-90],[40,-80],[29,-45],[125,-234],[85,-139],[23,-48],[-35,-74],[104,-33],[-25,-106],[82,-39],[-7,-31],[17,-36],[4,-59],[85,5],[168,-120],[116,-40],[31,-48],[59,-20],[22,-68],[68,-24],[40,16],[25,-58],[-1,-79]],[[5636,90033],[33,-103],[14,-20],[51,-22],[36,-49],[-94,41],[-59,-60],[-17,-8],[-168,-3],[-55,-31],[-38,-55],[-40,-34],[-44,-15],[-79,10],[-14,26],[-13,52],[5,39],[62,52],[61,117],[35,21],[52,-8],[44,33],[94,53],[89,7],[19,-8],[26,-35]],[[15926,90383],[8,-29],[-48,-42],[-13,-33],[-29,-37],[-35,-30],[5,89],[-35,52],[35,27],[61,-11],[38,23],[13,-9]],[[16597,90094],[35,-80],[2,-29],[-59,-6],[-18,23],[9,41],[-56,58],[13,29],[-7,39],[4,40],[18,-1],[37,-31],[22,-83]],[[16334,90733],[-7,-103],[-27,6],[-26,-14],[-28,6],[-18,25],[5,31],[-15,16],[-71,14],[-13,75],[34,27],[31,58],[43,101],[22,-6],[85,-152],[-15,-84]],[[16720,90348],[-12,-68],[-23,-70],[-36,-37],[-26,8],[-18,31],[-35,4],[-19,61],[-57,-46],[-41,-84],[-17,36],[-12,120],[30,54],[38,51],[8,153],[121,77],[11,-4],[39,-58],[43,-79],[11,-37],[-5,-112]],[[15906,91289],[58,0],[42,-19],[40,-58],[-1,-126],[-26,-35],[-34,39],[-37,70],[-22,-6],[23,-38],[28,-71],[5,-51],[-24,-40],[-58,6],[-35,-14],[-40,8],[-16,32],[-13,121],[2,54],[-48,79],[-53,52],[5,22],[33,15],[55,-4],[116,-36]],[[16078,89979],[30,20],[53,-21],[-10,-85],[-20,-45],[-34,16],[-69,90],[-39,72],[-28,71],[-16,56],[-57,23],[-12,30],[8,27],[45,14],[69,-70],[34,-63],[5,-49],[41,-86]],[[11463,93429],[7,-17],[65,4],[18,-23],[-99,-42],[-61,-35],[-36,87],[49,45],[57,-19]],[[11005,93034],[-38,-10],[-9,19],[20,46],[71,83],[48,38],[44,55],[44,78],[29,32],[35,-19],[21,-27],[-10,-22],[-113,-111],[-20,-52],[-24,-19],[-17,-44],[-50,-22],[-31,-25]],[[11031,93429],[-11,-32],[10,-28],[-24,-81],[-19,-28],[-29,33],[-6,43],[12,13],[21,86],[46,-6]],[[10938,93662],[-43,-5],[-22,17],[7,45],[46,-11],[12,-46]],[[9207,91364],[-52,-19],[-47,-58],[-27,32],[7,49],[24,33],[119,-11],[-24,-26]],[[9385,92209],[-52,35],[60,47],[32,-4],[2,-25],[-42,-53]],[[9127,91814],[-9,-17],[-85,74],[12,18],[46,-23],[36,-52]],[[8334,90554],[-13,-19],[-41,8],[-4,17],[39,51],[17,5],[2,-62]],[[8635,90937],[-31,-11],[15,51],[73,62],[25,-18],[-23,-32],[-59,-52]],[[8797,90985],[-43,15],[4,20],[36,24],[36,-4],[-1,-37],[-32,-18]],[[6588,90240],[35,-4],[32,-76],[-41,-16],[-31,11],[-32,-20],[-11,17],[-7,86],[20,44],[22,14],[19,-28],[-6,-28]],[[6038,89950],[-32,16],[-14,36],[47,32],[20,-31],[-21,-53]],[[5950,89673],[-30,-14],[-58,40],[-3,32],[60,-21],[31,-37]],[[6865,90125],[-57,-53],[-44,-64],[6,72],[-7,41],[24,7],[21,36],[48,18],[21,-24],[-12,-33]],[[4829,89468],[-13,-11],[-60,0],[-16,38],[5,34],[42,26],[25,-3],[64,-54],[-11,-24],[-36,-6]],[[4925,89509],[-19,1],[-13,71],[36,20],[27,-65],[-31,-27]],[[6508,92266],[-51,-5],[-21,62],[16,1],[33,41],[93,37],[-70,-136]],[[2475,93434],[75,-41],[47,4],[37,-34],[-41,-8],[-81,-1],[-110,83],[-39,19],[8,46],[42,24],[22,-62],[40,-30]],[[3356,91401],[-35,-30],[-32,11],[-10,31],[92,24],[-15,-36]],[[3516,88708],[-10,-34],[-54,13],[-34,-5],[-1,28],[55,20],[23,0],[21,-22]],[[3161,88542],[-32,13],[49,60],[26,-8],[7,-27],[-22,-30],[-28,-8]],[[2570,88351],[-26,-10],[-27,10],[13,33],[38,39],[30,-10],[24,-27],[-52,-35]],[[3494,91060],[45,-12],[25,8],[26,-22],[-39,-32],[-15,2],[-46,39],[4,17]],[[1267,88053],[-22,-37],[-16,16],[-6,51],[12,12],[32,-42]],[[1357,88183],[-8,-18],[-33,19],[-14,32],[9,27],[42,-10],[20,-33],[-16,-17]],[[973,88006],[-28,-15],[-52,7],[-66,-7],[-27,-11],[-5,28],[114,35],[43,40],[14,42],[36,-4],[-20,-41],[-9,-74]],[[122303,88129],[-22,-10],[-12,43],[11,16],[34,-26],[-11,-23]],[[122602,87792],[-59,0],[-121,101],[-60,32],[-19,43],[73,-25],[94,-90],[38,-31],[42,-13],[12,-17]],[[120648,88405],[-22,-2],[-15,22],[-72,8],[8,20],[31,9],[48,33],[40,-6],[-18,-84]],[[15359,91505],[50,-121],[18,-64],[51,-208],[3,-72],[-15,-49],[9,-55],[0,-83],[-8,-46],[-33,8],[-34,51],[-35,83],[-10,39],[5,48],[31,46],[-48,-7],[-49,41],[-1,62],[-42,-16],[-15,14],[5,68],[39,59],[-48,34],[-11,66],[-27,38],[-16,-3],[-37,-107],[-18,-23],[-51,-16],[15,57],[-18,81],[11,54],[37,9],[34,35],[31,79],[49,11],[73,-63],[22,-10],[33,-40]],[[15458,92008],[86,-14],[64,3],[58,-93],[57,-127],[27,-100],[-35,26],[-24,67],[-37,62],[-25,65],[-25,41],[-19,-9],[13,-93],[63,-107],[42,-61],[14,-76],[-18,-25],[22,-52],[-6,-19],[-59,-23],[-55,-95],[-59,-56],[-28,-9],[-26,31],[-10,64],[16,23],[29,116],[0,39],[-59,97],[-11,60],[-21,162],[-22,94],[-30,72],[-9,41],[33,-5],[54,-99]],[[15099,92059],[49,-60],[-10,-55],[-26,-12],[27,-29],[66,68],[25,13],[63,-17],[55,-28],[25,-60],[-14,-85],[-45,-15],[-45,14],[-36,-29],[31,-22],[92,-5],[28,-48],[8,-36],[-20,-68],[-52,19],[-46,38],[-96,56],[-37,-7],[-3,-106],[-25,-38],[-75,17],[-29,55],[-28,86],[-102,103],[-28,21],[-37,61],[19,77],[49,29],[16,48],[26,-38],[35,-3],[16,28],[51,5],[22,25],[32,13],[19,-15]],[[15838,90877],[64,-14],[59,1],[21,-25],[21,-53],[-5,-64],[115,-60],[55,-62],[34,-60],[23,-69],[48,-80],[-2,-31],[-73,53],[-28,-80],[59,12],[50,-53],[19,-10],[20,-51],[-17,-47],[69,4],[10,-14],[-8,-109],[8,-39],[-7,-42],[5,-60],[-14,-49],[-38,-9],[-19,14],[-26,42],[-26,65],[-70,28],[-16,27],[2,35],[-26,59],[-13,-73],[-27,12],[-45,87],[-50,69],[-14,38],[49,21],[-42,68],[17,53],[-20,14],[-52,-11],[-19,7],[-24,51],[-63,2],[-43,58],[33,32],[46,-24],[43,29],[5,26],[22,21],[-16,61],[-28,11],[-57,-23],[-49,-35],[-25,35],[77,91],[-22,44],[-1,62],[11,15]],[[15694,91190],[21,-43],[32,4],[19,-33],[13,-48],[-10,-32],[-30,-11],[-10,-60],[5,-60],[-5,-60],[-19,-61],[-3,-41],[-16,-17],[-24,20],[-19,-34],[-23,0],[-19,78],[17,131],[38,26],[-23,36],[-47,41],[4,23],[-37,67],[4,70],[34,49],[44,10],[32,-21],[22,-34]],[[9408,92131],[34,33],[41,-31],[25,7],[16,-39],[35,-1],[-3,-41],[-43,-51],[-27,14],[-27,42],[-23,-27],[9,-46],[-49,-3],[-29,-17],[-21,38],[-28,-62],[-35,-30],[-68,-11],[-110,40],[-26,16],[91,93],[47,37],[70,-12],[1,42],[-25,44],[57,22],[45,-14],[43,-43]],[[4105,89017],[-105,-67],[-80,-120],[-190,-130],[-3,19],[34,27],[60,84],[13,81],[41,50],[23,7],[46,-6],[13,41],[0,53],[38,57],[73,35],[30,1],[54,-31],[8,-14],[-21,-61],[-34,-26]],[[4565,89362],[15,-30],[26,19],[42,72],[49,-41],[-31,-36],[-57,-55],[-21,-53],[56,12],[26,-14],[-46,-29],[-88,-71],[-23,-37],[-28,-15],[-38,-4],[-65,-24],[-63,-42],[-31,-9],[-32,-31],[-50,-10],[-48,40],[34,29],[62,14],[36,27],[74,36],[23,19],[16,68],[26,39],[41,-1],[19,-30],[21,53],[-100,31],[-16,56],[27,43],[20,12],[84,25],[36,-4],[4,-59]],[[2199,88266],[67,-25],[83,3],[-22,-24],[-18,4],[-79,-16],[-72,13],[-55,-10],[-53,35],[17,17],[50,-17],[47,25],[35,-5]],[[1815,88203],[-182,-25],[-29,17],[61,16],[69,29],[85,25],[65,31],[58,20],[16,33],[-50,17],[-10,13],[44,37],[47,26],[42,-33],[9,-22],[-12,-53],[-42,-28],[19,-41],[-75,-35],[-115,-27]],[[1162,88099],[1,-21],[40,3],[12,-11],[0,-41],[-113,-77],[-23,28],[-43,-44],[30,115],[47,31],[-3,34],[16,57],[35,-3],[16,-23],[-15,-48]],[[723,87964],[-15,-20],[-46,34],[20,28],[5,29],[-57,52],[-14,21],[26,21],[56,2],[30,-36],[22,-13],[53,-8],[-43,-30],[-19,-58],[-18,-22]],[[122696,88123],[-28,-15],[-33,8],[-17,24],[1,29],[43,31],[52,-39],[-18,-38]],[[121907,88109],[-29,-26],[-27,38],[45,46],[48,26],[14,57],[36,-4],[-25,-68],[-1,-29],[-61,-40]],[[120337,88811],[59,-21],[40,10],[52,-33],[62,-57],[-30,-16],[-91,-7],[-50,-39],[-54,28],[-19,56],[-77,32],[63,43],[45,4]],[[8329,67696],[-15,-30],[-19,2],[-69,65],[-8,34],[5,159],[-25,130],[-29,98],[21,51],[27,39],[30,74],[-24,96],[6,57],[15,10],[71,-70],[144,-105],[39,-73],[6,-80],[27,-10],[12,-54],[38,-48],[13,-27],[-16,-44],[-69,-83],[-88,-37],[-77,-94],[-15,-60]],[[7772,69064],[72,-17],[17,8],[12,-14],[60,-9],[-2,-37],[-38,-29],[-55,25],[-92,10],[12,42],[14,21]],[[8020,68889],[9,-11],[62,22],[44,-40],[16,-29],[29,-30],[9,-21],[-8,-26],[-32,-44],[-43,-10],[-26,-19],[-44,12],[-3,55],[-10,59],[-22,-7],[-25,20],[-26,49],[-2,30],[14,47],[24,6],[18,-26],[16,-37]],[[7572,69214],[27,1],[5,-50],[24,-43],[-19,-18],[-37,-7],[-17,14],[-18,31],[-27,-15],[-44,1],[-10,37],[-34,69],[0,28],[-11,32],[51,9],[35,57],[20,6],[38,-92],[-2,-26],[19,-34]],[[7036,69509],[-31,-34],[-17,15],[-33,5],[-13,27],[-34,23],[-15,32],[22,62],[50,51],[77,-2],[16,-41],[2,-30],[-10,-34],[-5,-48],[-9,-26]],[[6760,69453],[-22,1],[8,34],[20,29],[21,44],[18,-6],[-11,-61],[-24,-18],[-10,-23]],[[7896,68789],[-20,-17],[-22,8],[-5,42],[-21,54],[37,11],[21,-16],[24,-45],[-14,-37]],[[35913,83837],[236,0],[143,0],[284,1],[283,1],[142,0],[34,120],[31,56],[43,-19],[23,1],[46,47],[13,-3],[21,-44],[21,30],[0,35],[14,24],[37,15],[-5,76],[37,57],[59,59],[5,39],[38,65],[-3,95],[19,119],[24,57],[38,62],[20,166],[99,177],[162,291],[65,-23],[-4,-54],[5,-41],[38,-38],[37,-5],[55,31],[64,20],[35,19],[23,24],[25,-5],[48,-45],[99,-119],[4,-363],[4,-339],[5,-16],[-2,-68],[-9,-56],[70,-66],[56,-11],[3,-45],[-24,-35],[22,-60],[-15,-63],[36,-63],[18,-13],[22,29],[42,-19]],[[38499,83940],[16,-112],[-12,-28],[3,-37],[31,-10],[10,-25],[-70,-95],[-59,13],[-32,-25],[-33,-7],[-15,-43],[-19,-8],[-47,14],[-16,-6],[-24,-76],[-18,7],[-8,-28],[-24,-22],[-21,66],[-27,15],[-27,-5],[-33,-38],[-26,39],[-25,-80],[3,-46],[-7,-29],[-27,32],[-37,20],[-31,-1],[7,26],[28,37],[-29,8],[-18,18],[-39,-31],[2,-53],[-37,-109],[-1,-47],[-24,-37],[-30,-32],[-40,9],[-61,-64],[-35,-10],[-10,70],[-16,-24],[-10,-64],[-25,9],[4,-38],[-28,9],[-35,-20],[4,41],[-33,-12],[-40,-42],[-31,-59],[23,-28],[-54,-91],[-55,-82],[-41,-133],[-31,-40],[-33,-152],[16,-64],[16,-32],[38,1],[-13,-34],[-30,-30],[-27,-11],[-35,-74],[-39,-63],[17,-19],[61,-22],[27,-23],[41,-116],[-13,-33],[37,-30],[11,-84],[30,-29],[45,-18],[55,25],[46,36],[-3,28],[-28,67],[-6,61],[45,-72],[12,-95],[2,-61],[-5,-21],[-38,0],[-117,-31],[-26,-28],[-60,-30],[-3,109],[-12,4],[-93,-104],[-36,-7],[-31,-29],[-7,16],[-5,78],[9,63],[-32,-38],[-20,50],[-32,-80],[-7,-111],[-27,-47],[-84,-30],[-54,6],[-50,-9],[-65,-21],[-36,12],[-37,-22],[-125,-6],[-27,11],[-33,-42],[-55,-26],[-136,-95],[-31,-35],[-61,-83],[-20,-9],[-13,13],[-26,-51],[-44,-52],[-25,-40],[-13,-49],[8,-45],[66,-16],[17,14],[14,-78],[-5,-48],[-19,-110],[-12,-50],[-19,-34],[-19,-131],[-28,-70],[-25,-49],[-27,8],[6,-38],[-13,-62],[-15,-27],[-15,2],[-29,-34],[0,-28],[-15,-25],[-50,-127],[-45,-38],[-10,5],[20,122],[-53,41],[-29,-3],[-32,48],[-42,34],[-58,94],[0,69],[17,69],[18,48],[23,25],[68,25],[-7,15],[-50,-19],[-27,-20],[-22,-32],[-13,-39],[-29,-48],[7,-54],[-3,-47],[56,-121],[7,-118],[28,-78],[43,-92],[32,-25],[2,-35],[-15,-56],[18,-33],[14,-47],[-2,-48],[-17,0],[-16,-26],[-8,-80],[-22,-8],[-23,-70],[-21,-40],[-83,-270],[3,-44],[-38,-27],[-38,-57],[-15,-79],[-28,-90],[-16,37],[-5,32],[8,84],[30,137],[32,85],[25,41],[20,82],[-25,13],[-39,-2],[19,71],[-22,34],[-24,18],[22,57],[-8,58],[-27,-40],[-29,-7],[-55,51],[-28,83],[10,65],[23,12],[29,-11],[19,13],[-40,52],[-13,32],[-23,9],[-7,29],[45,21],[-8,39],[-17,17],[-30,-21],[6,63],[43,-12],[17,56],[-28,-11],[-6,79],[28,77],[27,34],[68,4],[-44,22],[17,30],[-6,28],[4,50],[-35,-15],[-6,-57],[-21,-41],[-26,-15],[-20,-35],[-18,51],[-10,-50],[-16,-13],[-5,-49],[-52,19],[28,-60],[21,-20],[3,-33],[-18,-26],[-25,23],[18,-76],[-9,-30],[2,-36],[-8,-60],[13,-131],[28,-69],[-7,-37],[-46,46],[-23,12],[79,-116],[26,-79],[-3,-33],[-38,53],[-48,34],[-60,22],[-33,79],[-8,-61],[-34,64],[-4,31],[-26,-2],[-27,-28],[-26,7],[-3,54],[7,29],[30,67],[-11,17],[-32,-48],[-19,-126],[28,-35],[42,18],[21,-8],[48,-99],[89,-39],[33,-25],[26,-52],[40,-29],[31,-44],[1,-28],[-11,-33],[-4,-46],[-13,-28],[-50,4],[-103,159],[-12,15],[-38,83],[-45,44],[-13,0],[63,-83],[26,-58],[45,-80],[33,-34],[24,-54],[23,-25],[60,-35],[-21,-26],[34,-22],[4,-40],[-3,-46],[-46,18],[2,-53],[-20,-16],[-29,22],[-75,122],[7,-36],[43,-78],[38,-47],[34,-21],[25,-40],[15,-60],[-40,-38],[-69,94],[-10,49],[-24,-2],[-104,62],[-83,7],[18,-21],[67,-15],[26,-29],[54,-25],[32,-7],[13,-78],[44,-54],[6,-39],[30,-5],[53,39],[34,-14],[50,-11],[11,-31],[8,-60],[18,-67],[45,-266],[68,-217],[-8,-5],[-50,144],[-28,104],[-37,224],[-14,-38],[-11,-60],[5,-28],[18,-28],[20,-72],[16,-97],[-22,40],[-23,20],[-35,16],[-32,28],[-1,-83],[-41,28],[15,-46],[-32,14],[-21,-3],[-14,-41],[-19,-25],[-28,-8],[-40,37],[-14,-25],[-2,-48],[39,-9],[37,8],[49,-2],[32,9],[20,15],[47,-13],[3,-57],[-8,-117],[28,20],[7,108],[43,39],[15,-2],[13,-35],[9,-83],[-9,-74],[-66,-85],[-47,-80],[-24,-16],[-34,9],[-39,20],[-35,-3],[-14,70],[-27,13],[-8,-48],[-37,-14],[-49,20],[-30,-3],[129,-80],[28,-37],[-32,-72],[-7,-50],[-52,-52],[-27,10],[-72,93],[33,-81],[26,-34],[52,-18],[98,30],[33,-33],[-27,-58],[-26,-41],[-65,-15],[-9,-28],[-107,-7],[-29,7],[-40,-57],[-16,-8],[-21,11],[-19,-18],[12,-41],[-47,-46],[-80,-103],[-38,-85],[-8,-62],[-13,15],[-30,-100],[-134,4],[-59,-28],[-89,-93],[-27,-40],[-75,-157],[-19,-101],[-15,42],[-15,2],[18,-81],[-16,-30],[-49,-58],[-57,-26],[-10,-57],[-40,-52],[-24,-24],[-44,15],[13,-51],[-16,-38],[-28,-30],[-34,-19],[-36,-8],[-13,-24],[-33,-22],[-71,20],[-21,-14],[35,-22],[19,-33],[-3,-44],[-32,-40],[-11,3],[-13,65],[-21,-37],[-32,69],[2,-53],[11,-40],[24,-51],[-22,-46],[-31,-18],[-11,-28],[4,-24],[-18,-52],[-42,-33],[-22,-9],[16,-40],[-11,-37],[-22,-6],[-12,-25],[9,-59],[-25,-22],[-6,-21],[29,-6],[-28,-59],[-13,-40],[-29,-11],[31,-55],[-25,-57],[-26,16],[-7,-44],[-4,-74],[-16,-83],[5,-90],[16,-56],[24,-230],[17,-80],[30,-215],[50,-210],[69,-253],[115,-306],[13,-44],[-15,-36],[-6,-97],[5,-56],[-13,-2],[-4,89],[5,125],[-9,-2],[-11,-90],[-10,-19],[-13,74],[2,33],[13,39],[-27,33],[-1,63],[-23,15],[7,-76],[10,-46],[14,-112],[21,-67],[13,-57],[144,-605],[34,-77],[13,-56],[13,-115],[3,-148],[-23,-272],[-6,-185],[-11,28],[-21,-85],[-28,-76],[-9,-119],[-13,-59],[-40,-64],[-25,2],[-61,-47],[-43,12],[-51,-27],[-34,3],[-19,56],[11,51],[13,6],[45,-59],[9,25],[-14,29],[-45,34],[-40,135],[-40,92],[-6,61],[-70,38],[-50,57],[-33,101],[-18,179],[-32,35],[22,66],[-9,21],[-17,-49],[-24,0],[-13,95],[4,116],[19,44],[-29,1],[-29,-17],[0,-60],[-37,19],[-22,41],[-30,76],[-61,212],[-32,62],[27,15],[39,96],[31,58],[10,39],[-15,42],[-26,-15],[-20,50],[-19,14],[-14,-11],[15,-41],[12,-15],[-4,-60],[-18,-36],[-18,9],[-9,-15],[-23,41],[-11,44],[32,243],[29,154],[4,249],[-41,103],[-177,248],[-138,295],[-119,110],[-91,-24],[-23,-51],[-2,-47],[-57,-6],[-85,-77],[-30,3],[-48,-36],[-54,-8],[-45,-17],[-20,9],[-12,45],[10,11],[16,-28],[10,36],[-16,48],[-52,62],[-58,91],[23,17],[-18,25],[20,61],[-25,-5],[-22,-21],[-5,-49],[-34,30],[-109,73],[-95,41],[72,19],[40,-14],[-14,36],[-31,18],[-40,-7],[-25,8],[-54,-44],[-25,-13],[-99,-19],[-79,-21],[26,36],[48,21],[6,44],[-11,42],[-25,-43],[-16,24],[-18,0],[-4,-53],[-23,-35],[-11,-36],[-66,-28],[11,43],[-24,3],[-37,-64],[-130,-21],[6,15],[28,2],[39,21],[-23,72],[-23,26],[0,69],[-8,41],[-21,42],[-8,-8],[-15,-72],[-20,-124],[-39,-2],[-34,6],[-117,-11],[-43,32],[-29,6],[-51,-30],[-58,-22],[-33,8],[-42,-76],[-49,-35],[-125,63],[-31,51],[-62,18],[-36,-63],[-28,-85],[44,-47],[38,-22],[61,18],[34,42],[28,-2],[26,30],[24,-16],[1,-18],[-39,-44],[-13,-24],[25,-48],[38,-16],[14,7],[9,54],[24,34],[32,-7],[-5,-22],[19,-55],[1,-63],[-59,-30],[-21,-29],[-10,-32],[-15,6],[-19,-40],[15,-50],[32,-33],[23,-41],[91,-54],[23,2],[22,-54],[34,-29],[-2,-37],[-30,-27],[-15,-51],[-28,40],[-32,-51],[-8,44],[-12,22],[-19,55],[-60,67],[-59,19],[-9,52],[-20,26],[-96,49],[6,-35],[30,-30],[0,-60],[-16,-95],[-12,-29],[-26,-19],[-12,16],[-19,77],[-26,25],[-42,3],[-29,-18],[-31,-75],[-25,-12],[-86,39],[-98,59],[18,26],[28,12],[-30,67],[-11,65],[-19,-30],[-62,25],[-18,31],[-36,88],[-52,3],[-24,53],[-42,-23],[-21,-24],[-19,-38],[26,-51],[-8,-15],[-61,-23],[-140,25],[-41,23],[-55,50],[-76,40],[-36,7],[-37,-8],[-104,-5],[-45,-27],[-13,19],[-7,33],[26,26],[12,39],[-7,40],[-16,1],[-36,-102],[21,-58],[-2,-20],[-71,-12],[-162,-115],[-63,-63],[3,21],[76,81],[-26,12],[-44,-20],[-15,8],[18,67],[-6,58],[-31,2],[-20,-47],[-31,22],[-14,-6],[10,-107],[20,-44],[16,-55],[-85,-126],[-5,-56],[-41,-71],[-131,-136],[-26,-21],[-41,-44],[-57,-33],[3,28],[-36,-6],[-54,20],[-34,2],[0,-16],[-25,-23],[-26,33],[-18,42],[-22,-4],[40,-137],[35,-19],[-48,-57],[-39,-16],[-33,51],[-11,-126],[-29,-39],[-26,20],[-17,-16],[-48,-12],[5,-52],[37,21],[-13,-67],[-34,-66],[-27,-16],[-42,10],[-20,-21],[49,-103],[-31,-156],[-20,-56],[-29,-10],[-54,51],[-29,38],[26,-105],[70,-31],[3,-74],[-27,-94],[10,-37],[11,-92],[10,-42],[10,-128],[12,-55],[64,-204],[22,-2],[1,-64]],[[28260,72012],[-47,-13],[-19,-19],[-7,-25],[-27,13],[-51,57],[-72,37],[-96,14],[-66,28],[-36,45],[-36,26],[-39,8],[-32,24],[-24,40],[-37,25],[-48,11],[-32,30],[-22,73],[-20,122],[-25,77],[-48,94],[-5,28],[6,55],[-5,40],[-15,32],[-3,34],[8,36],[1,43],[-8,50],[-30,54],[-55,59],[-46,85],[-38,112],[-37,78],[-38,44],[-26,52],[-14,62],[2,46],[-23,70],[-51,128],[-29,95],[-8,59],[-33,71],[-58,82],[-31,54],[-8,36],[-90,108],[-26,68],[-21,21],[-24,-2],[-19,22],[-15,-14],[-48,-3],[-81,9],[-59,18],[-37,28],[-24,-3],[-15,-36],[-31,-24],[-48,-11],[-40,-67],[-35,-124],[-14,-80],[4,-35],[-9,-26],[-22,-16],[-23,-37],[-23,-55],[-26,-27],[-31,1],[-56,43],[-83,85],[-64,52],[-46,20],[-42,39],[-35,59],[-33,38],[-31,20],[-35,64],[-40,110],[-20,85],[0,89],[-53,194],[-28,85],[-21,39],[-41,46],[-60,54],[-81,107],[-102,162],[-72,98],[-42,33],[-38,57],[-30,85],[-37,56],[-299,3],[-300,3],[-2,-280],[-240,-1],[-241,-1],[-242,0],[-241,-1],[-162,92],[-161,92],[-162,91],[-161,92],[-163,92],[-161,93],[-162,92],[-162,91],[17,35],[21,94],[-39,-7],[-195,-26],[-195,-27],[-195,-27],[-195,-26]],[[21445,76093],[-4,72],[-15,24],[-21,-15],[-9,88],[5,42],[-2,40],[-20,101],[-50,121],[-110,151],[-55,51],[-45,63],[-27,18],[-35,5],[-10,-29],[-40,19],[6,71],[-38,100],[-32,11],[-80,-7],[-106,54],[-31,32],[-11,59],[-50,50],[-66,49],[-36,-12],[-48,8],[-68,36],[-40,5],[-77,-11],[-29,8],[-27,44],[-29,23],[6,55],[-3,50],[4,39],[-13,85],[9,79],[-24,51],[-51,32],[-10,40],[8,56],[-13,38],[-42,34],[-39,78],[-50,43],[-20,73],[-31,44],[-11,40],[-68,140],[-73,110],[-11,63],[-3,87],[29,53],[15,47],[-6,73],[-25,55],[-96,32],[-79,134],[-5,103],[-31,105],[-5,143],[24,16],[21,-6],[-2,-29],[7,-53],[24,-40],[24,-17],[21,-39],[15,26],[-12,51],[-22,66],[-25,37],[-13,65],[-18,40],[25,29],[32,21],[45,5],[126,-9],[-10,28],[-46,-3],[-51,30],[-42,-35],[-19,3],[-43,40],[-19,6],[-31,-23],[-4,-97],[9,-71],[-18,-7],[-22,29],[-32,18],[-28,27],[-71,94],[-6,111],[-20,18],[-26,90],[-57,53],[-46,87],[-94,144],[-7,127],[-34,160],[15,90],[-3,65],[-16,97],[-18,53],[-76,146],[-74,97],[-11,74],[-5,75],[29,136],[22,-9],[0,49],[30,121],[-2,116],[24,141],[-1,47],[-16,100],[-15,61],[-28,43],[13,62],[-2,60],[-49,86],[-18,112],[-4,48],[5,126],[-13,54],[-33,89],[15,76],[14,47],[37,205],[24,16],[-4,26],[17,81],[19,69],[12,25],[6,226],[11,173],[17,57],[-6,58],[8,80],[-5,80],[37,388],[-5,47],[12,62],[-11,165],[4,185],[13,26],[81,0],[52,25],[19,-8],[22,-34],[27,-7],[8,17],[-37,31],[-20,31],[-63,-2],[-14,20],[-70,-20],[-22,20],[-39,-13],[10,58],[-2,73],[12,19],[24,-55],[11,63],[8,79],[-23,30],[-39,22],[-14,73],[92,63],[-49,13],[-19,28],[-41,-9],[-12,120],[-38,122],[-23,157],[-28,79],[-56,74],[-13,43],[-14,111],[8,83],[-10,59],[26,-4],[69,-46],[87,-36],[26,-26],[42,-20],[232,-30],[58,20],[34,-43],[56,5],[28,29],[3,-38],[39,-121],[-42,-89],[-14,34],[-79,-149],[-27,-71],[22,-24],[6,49],[22,50],[77,88],[14,38],[44,58],[1,45],[18,-5],[8,-65],[-5,-29],[-32,-35],[1,-60],[-21,-2],[31,-52],[11,-77],[-8,-69],[-24,-7],[-21,21],[-25,-56],[-11,64],[-36,-24],[-23,-73],[25,-26],[34,10],[38,-22],[34,34],[21,68],[41,23],[23,36],[-7,98],[2,47],[-14,30],[9,39],[-3,65],[25,70],[26,48],[-38,64],[-11,-14],[-37,24],[-9,62],[38,40],[-27,50],[-62,57],[15,19],[44,6],[-6,30],[1,71],[-12,58],[-36,1],[-24,55],[-23,87]],[[19513,86314],[181,0],[291,0],[146,0],[290,0],[145,0],[291,0],[146,0],[291,0],[145,0],[291,0],[291,0],[145,0],[291,0],[291,0],[291,0],[291,0],[145,0],[291,0],[146,0],[290,0],[146,0],[291,0],[291,0],[145,0],[291,0],[291,0],[145,0],[291,0],[146,0],[290,0],[146,0],[291,0],[291,0],[290,0],[291,0],[291,0],[291,0],[290,0],[227,-1],[2,235],[73,-12],[29,-28],[5,-116],[13,-71],[31,-87],[2,-35],[29,-41],[71,-23],[122,-28],[69,-33],[17,-35],[33,-15],[49,7],[34,15],[29,34],[41,8],[70,-6],[74,-32],[115,-82],[29,-99],[22,0],[17,33],[44,6],[56,-23],[51,-65],[72,-58],[43,-28],[45,0],[57,28],[61,56],[43,9],[26,-5],[14,-43],[18,-17],[47,6],[98,-9],[78,12],[34,-64],[31,-13],[43,13],[109,-12],[62,15],[72,46],[154,106],[79,24],[75,-48],[227,-164],[195,-141],[146,-105],[221,-165],[132,-100],[199,-149],[33,-163],[74,-112],[20,3],[35,34],[22,1],[49,20],[23,-14],[-8,-51],[11,-46],[10,-90],[37,-88],[22,-7],[51,23],[50,4],[47,-58],[4,-18],[-43,-110],[284,-230],[72,-62],[23,-164],[39,-317],[44,-346],[35,-276],[-92,-310],[-28,-206],[-19,-71],[-68,-82],[-42,-67],[-70,-53],[-12,-31],[-14,-68],[3,-103],[38,-88],[115,-98],[86,0],[159,132],[238,200],[203,56],[147,41],[274,177],[140,94],[33,38],[8,28],[-10,33],[-23,22],[-6,40],[-13,28],[3,106],[-38,117],[153,99],[90,4],[294,-2],[178,-1],[87,1],[80,184],[41,82],[74,97],[21,18],[12,39],[94,70],[28,49],[133,171],[76,79],[63,44],[48,21],[50,0]],[[36663,81342],[-25,-40],[23,-4],[78,68],[46,17],[17,-23],[68,29],[-149,-104],[-30,-12],[-85,-53],[-30,-8],[-147,-76],[-24,6],[-121,-40],[-50,-4],[-19,39],[-18,-3],[-19,-33],[-29,-11],[-5,36],[23,54],[29,41],[81,56],[23,24],[29,0],[39,14],[33,-11],[31,3],[52,22],[70,4],[70,12],[27,22],[59,62],[33,17],[-80,-104]],[[38137,83420],[-41,-7],[-3,-44],[-32,27],[0,44],[38,57],[21,-11],[17,-66]],[[36090,81055],[-16,-3],[16,60],[30,27],[8,-45],[-38,-39]],[[37345,81584],[-94,-30],[9,29],[29,46],[19,6],[32,-27],[5,-24]],[[37095,81656],[-26,9],[13,71],[17,21],[-4,-101]],[[37527,81516],[-27,-11],[-61,23],[51,20],[14,35],[23,-67]],[[35628,77774],[19,148],[8,-19],[-15,-104],[-12,-25]],[[35300,77403],[24,71],[61,98],[-85,-169]],[[33978,71503],[-60,-88],[35,92],[34,53],[1,39],[32,31],[-42,-127]],[[30086,74210],[-14,-10],[-56,54],[-3,24],[27,20],[18,-1],[36,-35],[2,-29],[-10,-23]],[[28305,73217],[12,69],[27,64],[20,-17],[-28,-45],[-31,-71]],[[28390,73372],[3,31],[26,18],[55,64],[-9,-36],[-75,-77]],[[28189,72843],[-8,18],[28,120],[56,160],[24,26],[-65,-175],[-35,-149]],[[28978,73989],[58,90],[15,31],[20,-1],[-33,-53],[-60,-67]],[[28251,72134],[-4,-28],[-29,134],[-45,305],[-3,174],[8,60],[12,-246],[51,-311],[10,-88]],[[20360,77019],[-45,5],[24,25],[21,-30]],[[20657,76518],[-37,4],[-10,34],[33,-3],[14,-35]],[[21028,76276],[-20,-6],[-23,12],[-18,60],[-22,48],[12,13],[17,-45],[54,-82]],[[20450,76953],[-24,-9],[-18,9],[-29,59],[61,8],[30,-33],[-20,-34]],[[20505,77053],[69,-32],[37,16],[3,-30],[-84,-24],[-26,18],[-11,44],[12,8]],[[21028,76622],[18,-46],[-51,4],[-16,59],[-23,12],[2,27],[55,-38],[15,-18]],[[19516,86115],[5,-14],[-42,-35],[-32,21],[2,32],[27,20],[40,-24]],[[19437,86009],[-28,-8],[-20,24],[-3,49],[17,4],[30,-46],[4,-23]],[[19587,85795],[24,-48],[47,-58],[0,-30],[-16,-13],[-16,29],[-33,18],[-16,39],[-1,46],[-29,28],[-20,40],[27,70],[14,20],[20,-15],[10,-41],[-52,-33],[33,-25],[8,-27]],[[35700,79418],[-16,-10],[52,124],[8,0],[-44,-114]],[[33653,71197],[-10,-12],[-20,64],[34,-30],[-4,-22]],[[33624,75123],[-15,-152],[-7,54],[0,52],[22,46]],[[34044,72829],[-26,61],[-38,166],[7,22],[57,-249]],[[19648,85322],[-1,-14],[-38,-9],[8,81],[31,-58]],[[19613,85446],[-21,2],[-5,43],[23,10],[3,-55]],[[19503,85966],[-24,2],[-14,30],[6,33],[34,-52],[-2,-13]],[[37989,83335],[-27,-8],[9,46],[18,-38]],[[52437,19601],[1,-35],[-53,32],[4,35],[34,1],[14,-33]],[[48739,22314],[33,-30],[27,21],[77,-17],[33,-50],[-14,-46],[36,9],[31,-37],[43,36],[30,-68],[22,-14],[19,-47],[14,-60],[38,-9],[24,9],[-10,-52],[3,-45],[39,-33],[-48,-44],[-49,-20],[-57,54],[-20,54],[-67,113],[-42,9],[-36,19],[-31,38],[-21,41],[-41,-2],[-51,44],[-116,72],[-46,-7],[-21,19],[2,37],[24,21],[-101,8],[-11,21],[140,1],[52,7],[5,-16],[46,-32],[44,-4]],[[86120,51308],[-22,-36],[-7,63],[7,21],[16,-6],[6,-42]],[[59453,45955],[-31,-4],[3,29],[23,32],[15,-4],[1,-37],[-11,-16]],[[56495,50937],[-17,19],[11,38],[27,-33],[-21,-24]],[[17637,40739],[-10,-2],[-10,37],[16,4],[4,-39]],[[39906,67205],[-54,-31],[2,18],[43,43],[9,-30]],[[41322,24051],[52,-37],[65,13],[28,-10],[16,-30],[-10,-28],[-38,-4],[15,-52],[69,-41],[11,14],[-17,58],[10,26],[97,20],[18,-12],[39,-71],[-36,-10],[-16,-31],[58,-32],[-16,-46],[-107,-35],[-22,-36],[-41,-25],[-118,-45],[16,-54],[-5,-47],[-164,57],[-22,-7],[44,-96],[-33,-18],[-31,12],[-30,-8],[-18,-70],[-47,45],[-39,63],[-1,36],[39,65],[-12,29],[89,90],[16,27],[70,32],[-14,59],[0,61],[72,83],[-10,53],[23,2]],[[40832,23932],[50,-12],[45,43],[31,14],[26,-9],[18,-27],[100,32],[36,22],[41,-42],[-8,-31],[-21,-21],[-28,-50],[-26,-22],[-69,-112],[-70,-101],[-72,-15],[-39,5],[-15,-54],[-22,-41],[-44,-19],[-9,-16],[-61,4],[-43,26],[-50,56],[68,69],[58,-3],[48,46],[39,23],[33,42],[-13,34],[-76,-25],[-28,28],[39,10],[76,35],[-20,37],[-38,22],[-31,37],[-3,81],[24,-28],[54,-38]],[[40582,23731],[49,-6],[-24,-94],[-29,2],[-39,64],[43,34]],[[41462,23590],[2,-54],[-27,17],[-10,26],[35,11]],[[40892,23973],[-47,0],[-9,20],[0,51],[35,5],[35,-22],[-14,-54]],[[41038,23454],[-22,-13],[-13,30],[-3,43],[39,-29],[-1,-31]],[[33641,67905],[11,-12],[18,21],[53,-10],[8,-26],[-41,-1],[-27,-19],[-34,3],[-5,60],[17,-16]],[[39317,75944],[-32,-21],[43,79],[-11,-58]],[[39431,67356],[-11,30],[35,3],[-24,-33]],[[39363,67318],[-27,-3],[7,27],[28,3],[-8,-27]],[[36952,69405],[-20,17],[-38,0],[-5,32],[14,6],[47,-12],[11,-29],[-9,-14]],[[36878,69452],[-6,-6],[-42,54],[3,21],[27,1],[18,-70]],[[36723,69460],[39,-35],[9,-17],[-49,-7],[1,59]],[[40197,66285],[-2,-37],[-23,12],[0,32],[16,36],[9,-43]],[[60706,86463],[3,-32],[-77,-3],[5,56],[47,-7],[22,-14]],[[60538,86625],[-13,-40],[-33,24],[36,25],[10,-9]],[[59889,89538],[-69,-78],[-44,38],[16,65],[28,27],[37,68],[28,19],[17,-10],[13,-77],[-26,-52]],[[60485,87948],[-26,-27],[-81,-26],[-107,-92],[-91,14],[-69,79],[-43,32],[-18,3],[-59,-19],[-41,2],[21,36],[28,20],[-63,15],[-38,36],[-49,4],[-24,-7],[-40,-32],[-63,-36],[-76,49],[-14,22],[0,41],[-11,34],[-21,11],[27,44],[32,28],[72,29],[108,68],[61,28],[56,50],[23,31],[34,92],[24,41],[-23,10],[-11,31],[14,60],[-27,72],[6,59],[-88,-11],[-77,-51],[-34,-6],[15,53],[80,76],[26,57],[74,70],[103,52],[56,-3],[40,8],[35,19],[34,4],[78,-54],[-23,83],[34,21],[50,-75],[19,-8],[24,23],[-41,12],[-20,24],[-32,77],[2,45],[46,92],[-37,25],[-4,44],[6,38],[43,34],[13,52],[6,57],[-8,25],[-43,-3],[-39,-28],[-20,1],[-53,63],[-30,47],[-54,101],[-7,60],[43,130],[67,82],[63,35],[-120,1],[-40,-10],[-36,-34],[-43,-14],[-60,-56],[-59,0],[-26,35],[-32,0],[-73,-49],[-45,19],[-58,36],[-25,-46],[-7,-51],[-41,45],[-35,59],[-12,38],[-1,42],[19,16],[21,-15],[31,101],[61,130],[22,38],[15,50],[-16,60],[-57,63],[7,108],[22,41],[46,18],[-59,52],[-42,-28],[-43,-12],[-7,-27],[-45,-9],[8,84],[47,82],[-67,-66],[-44,-60],[-2,-26],[15,-77],[-4,-36],[-59,-236],[-30,-40],[-42,23],[6,50],[24,112],[26,60],[11,44],[-17,14],[4,150],[18,49],[8,72],[48,164],[22,26],[5,39],[24,42],[9,40],[-118,-115],[-30,-21],[-73,19],[-25,27],[-11,52],[-55,17],[33,29],[54,10],[50,45],[-45,31],[43,36],[49,88],[10,81],[-32,63],[-47,28],[-8,36],[21,38],[60,30],[-34,16],[-22,60],[17,68],[29,64],[89,-2],[20,17],[39,0],[-74,86],[-7,16],[21,46],[5,59],[23,7],[72,0],[17,8],[-24,51],[4,109],[18,28],[31,14],[39,-9],[32,-40],[77,37],[19,-35],[84,27],[112,13],[68,18],[71,7],[66,20],[70,-9],[-19,-74],[3,-51],[-38,-70],[-68,-51],[-124,-116],[-73,-58],[-16,-66],[44,-8],[6,-33],[-64,-68],[-20,-62],[50,3],[41,11],[82,39],[77,29],[37,0],[72,-22],[78,11],[208,-6],[58,13],[38,-16],[32,-40],[31,-73],[-20,-47],[-33,-42],[-30,-58],[-23,-97],[-58,-148],[-57,-83],[-26,-58],[-31,-47],[-62,-48],[-93,-21],[-57,-41],[112,8],[80,-49],[-8,-40],[-32,-32],[-72,-5],[-67,-71],[-64,-32],[-40,3],[-43,-10],[190,-41],[73,47],[81,0],[154,-77],[109,-144],[59,-62],[16,-45],[29,-148],[35,-145],[44,-157],[20,-43],[27,-31],[135,-70],[30,-23],[102,-140],[47,-56],[51,-44],[-25,-24],[-17,-36],[13,-50],[61,-123],[9,-64],[-38,2],[-67,58],[-8,-28],[145,-139],[48,-82],[29,-109],[-20,-49],[-31,-31],[-55,-78],[80,-61],[35,11],[60,88],[50,7],[83,-16],[36,4],[74,-21],[38,-19],[93,-87],[21,-48],[9,-61],[1,-68],[-33,-118],[-12,-73],[-19,-47],[-49,-57],[-33,-23],[-31,-5],[16,-29],[0,-35],[-29,-27],[-30,-11],[-50,14],[-69,-48],[49,-26],[11,-26],[-13,-47],[-31,-20],[-70,-12],[2,-32],[29,-50],[70,-17],[42,0],[83,9],[54,-7],[-6,-113],[-10,-16],[-110,-67],[-29,-75],[-64,4],[-30,-30],[-52,-19],[-79,-49],[-32,-8],[-140,32],[-84,-2],[-115,-28],[-29,4],[-44,27],[-45,18],[-52,8],[-17,-23],[-62,-45],[-119,-20],[-57,6],[24,-61],[-25,-15],[-107,21],[-28,-23],[-40,11],[-37,33],[-40,21],[-43,11],[-34,-3],[-137,-53],[-28,-52],[-14,-74],[-20,-67],[-32,-50],[-40,-7],[-36,35],[-69,39],[-23,26],[-43,-19],[-72,-11],[-75,-32],[-31,-22],[-78,-75],[-24,-60],[-37,-10],[-33,38],[-38,14],[-40,-13],[-24,-21],[-12,51],[29,40],[78,30],[69,79],[63,93],[22,7],[11,30],[94,121],[8,27],[13,97],[77,32],[37,100],[10,8],[108,18],[80,-1],[79,-20],[82,5],[32,27],[55,97],[99,127],[-26,9]],[[59963,89002],[39,-35],[-99,-81],[-34,26],[-28,52],[-5,78],[37,21],[50,-1],[40,-60]],[[60525,92672],[-38,-1],[19,37],[24,9],[35,-20],[-40,-25]],[[61039,93469],[-42,55],[25,73],[29,-3],[-14,-43],[2,-82]],[[60948,93483],[52,-74],[31,-22],[-38,-167],[-8,-66],[-15,-22],[-13,-53],[-25,16],[27,126],[-16,45],[-54,-8],[-11,35],[-43,3],[-8,29],[58,6],[41,25],[-26,84],[-34,8],[46,73],[38,6],[-2,-44]],[[61131,93654],[-18,-60],[-29,-18],[-6,69],[35,21],[18,-12]],[[60315,92401],[-39,-8],[-42,62],[16,24],[29,-9],[20,-57],[16,-12]],[[60395,92368],[-36,51],[48,3],[-12,-54]],[[60351,92547],[22,-15],[61,-15],[19,-16],[-11,-31],[-24,-9],[-45,30],[-59,-12],[-61,41],[0,49],[13,41],[52,3],[36,-23],[-3,-43]],[[60464,92644],[-42,-2],[-4,40],[-51,27],[13,35],[38,-36],[16,-30],[29,-9],[1,-25]],[[59653,90323],[-43,0],[-34,20],[-21,86],[26,56],[45,-11],[27,-73],[0,-78]],[[59424,90880],[-136,-35],[-47,3],[5,28],[39,12],[16,82],[-59,38],[9,37],[35,20],[27,2],[25,-23],[28,-47],[38,-7],[26,-20],[-6,-90]],[[59304,90622],[25,-146],[-11,-23],[-56,-31],[-6,39],[-22,65],[-40,-44],[-15,4],[17,76],[24,24],[22,-10],[62,46]],[[59358,90551],[-24,-5],[-11,53],[35,62],[10,33],[49,39],[25,6],[-25,-70],[-59,-118]],[[59280,92133],[-43,-108],[-17,-3],[-21,-57],[4,-44],[-52,-50],[-36,-19],[-39,-52],[-19,0],[-36,-48],[-42,40],[43,32],[31,42],[-66,43],[25,30],[-31,18],[-3,64],[25,29],[42,-29],[56,10],[-21,53],[15,23],[68,38],[104,75],[15,-42],[-2,-45]],[[59253,91265],[-23,-7],[-30,40],[38,20],[15,-12],[0,-41]],[[59299,91600],[-7,-60],[10,-58],[23,-19],[64,-13],[60,4],[12,-26],[-95,-114],[-23,5],[-7,93],[-43,-12],[-55,12],[-41,78],[-80,22],[-29,49],[20,33],[20,-8],[21,24],[-11,26],[81,25],[7,40],[38,-10],[27,-41],[8,-50]],[[58937,91710],[39,-34],[-32,-58],[-46,0],[-66,43],[5,21],[77,13],[23,15]],[[58922,91358],[-45,10],[-14,61],[4,94],[49,-5],[6,-160]],[[58865,91265],[-31,-8],[-5,34],[23,7],[13,-33]],[[59274,89479],[-29,3],[-34,-21],[-85,-1],[2,65],[-42,20],[-31,45],[-6,38],[-20,28],[-39,21],[-52,-66],[16,-39],[-68,-73],[-19,10],[-67,4],[-24,26],[-61,18],[-10,43],[-79,81],[-10,24],[35,37],[85,36],[16,28],[-47,31],[4,33],[46,-6],[64,36],[34,68],[25,94],[55,40]],[[58933,90102],[13,-22],[27,-5],[24,20],[28,63],[84,7],[77,29],[34,1],[48,-16],[36,0],[32,-45],[17,-71],[40,-71],[52,-61],[1,-37],[-56,-46],[0,-26],[47,20],[54,-6],[18,-28],[20,-74],[-34,8],[-26,-22],[-4,-59],[34,-7],[-17,-61],[-34,-17],[-41,-6],[-38,-91],[-27,-24],[-35,5],[-33,19]],[[61031,87368],[-28,-21],[-16,-35],[-38,-7],[-71,51],[0,20],[44,19],[25,25],[57,-24],[27,-28]],[[80597,71819],[22,-51],[3,-342],[6,-25]],[[80628,71401],[-13,-3],[-29,-66],[-39,-45],[-16,-28],[-14,-7],[-32,75],[16,30],[-6,28],[-29,12],[-31,-37],[-10,-27],[-1,-54],[4,-90],[-9,-37],[-3,-54],[13,-87],[-15,-66],[13,-13],[43,-5],[22,-76],[-2,-18],[-71,-29],[-27,5],[-51,-21],[-27,-31],[17,-35],[4,-41],[-8,-59],[-52,-209],[-53,-219],[-5,-205]],[[80217,69989],[-28,-51],[-216,48],[-141,31],[-226,50],[-286,64],[-72,156],[-112,243],[-144,312],[-7,31],[-2,99]],[[78983,70972],[13,32],[21,-55],[35,3],[8,-112],[17,-39],[22,-16],[72,-9],[45,14],[89,73],[47,27],[129,-5],[103,-30],[161,-19],[31,6],[88,58],[53,51],[31,15],[21,50],[26,108],[31,55],[11,59],[30,59],[120,143],[70,121],[7,40],[38,58],[30,65],[143,184],[29,75],[19,91]],[[80523,72074],[29,-9],[2,-64],[-7,-60],[-2,-98],[13,-28],[22,-12],[17,16]],[[80591,71561],[-1,41],[-15,1],[-8,-56],[24,14]],[[79585,70954],[-25,-4],[-23,25],[48,31],[28,43],[10,-25],[-21,-56],[-17,-14]],[[79341,70973],[-12,40],[16,15],[10,-28],[-14,-27]],[[79789,70904],[0,-22],[-35,6],[-10,-10],[-28,6],[-28,15],[19,25],[49,30],[33,-50]],[[79972,71069],[-4,-13],[-33,13],[-8,17],[22,22],[23,-39]],[[74428,85133],[-11,-6],[-120,9],[-97,-13],[-70,-98],[-41,0],[-59,-26],[-39,-31],[-46,-69],[-37,31],[-44,-1],[-43,-19],[-53,-46],[-28,-8],[-58,13],[-68,-26],[-145,-151],[-49,-110],[-42,-48],[-41,-13],[70,79],[21,29],[4,57],[-21,43],[-57,-107],[-32,-16],[-41,-33],[-2,-72],[5,-53],[17,-68],[32,-90]],[[73333,84290],[-19,-3],[-50,39],[-2,62],[-36,53],[-56,0],[-25,-6],[-33,59],[-44,25],[-33,-8],[-35,10],[-75,64],[-50,7],[-2,-46],[-20,-30]],[[72853,84516],[-56,-24],[-57,42],[-21,31],[-89,-33],[-49,6],[-109,-30],[-50,29],[-101,81],[-38,16],[-32,-4],[-17,27],[22,14],[50,11],[6,40],[-52,21],[-49,6],[-53,51],[54,0],[55,-21],[87,-7],[79,-22],[64,73],[-67,-16],[-77,19],[-29,29],[-24,41],[-10,46],[6,44],[-17,45],[-4,-127],[-9,-45],[-32,-11],[-84,21],[10,69],[-23,-24],[-32,-68],[-28,-10],[-62,7],[-117,-45],[-25,-115],[-22,-62],[-49,-100],[-101,-148],[-135,-84],[-47,14],[-28,-45],[0,-51],[23,-37],[20,-122],[-7,-52]],[[71527,83996],[-48,69],[-56,30],[-61,-11],[-67,-51],[-46,-19],[-23,13],[-19,-15],[-3,-32],[-105,36],[-46,34],[-36,64]],[[71017,84114],[34,30],[54,6],[15,40],[-7,58],[24,43],[35,37],[21,36],[4,52],[37,27],[34,43],[20,79],[-21,70],[-6,84],[10,21],[65,43],[18,-14],[2,-78],[16,8],[18,46],[30,-18],[22,10],[33,-28],[20,-6],[32,31],[15,-6],[30,-55],[81,17],[18,28],[-70,72],[6,115],[-22,65],[-54,34],[-50,50],[-3,52],[-17,27],[12,97],[-13,27],[-18,1],[-43,52],[-59,50],[-12,46],[30,125],[-6,93],[-23,51],[-11,7],[-42,-26],[-36,39],[-31,77],[-83,19],[-24,-37],[-13,35],[-33,8],[7,33],[-19,16],[-45,0],[-24,11],[-3,25],[-64,43],[-25,31],[-36,21],[-56,17],[-49,-39],[-24,11],[-36,-38],[-112,0],[-18,10],[-71,-58],[-7,-21]],[[70474,85859],[-107,-35],[-10,-56],[-39,-75],[-86,-15],[-75,-22],[-77,-14],[-101,-54],[-33,-48],[-61,-18],[-19,27],[-64,72],[-24,34],[-32,9],[-35,-5],[-35,-16],[-35,-4],[-40,24],[-20,-5],[-127,37],[-75,-3],[-71,58],[-21,2],[-29,-50],[-60,-38]],[[69198,85664],[-14,71],[-23,30],[-32,-3],[-32,19],[-22,44],[-57,32],[-12,19],[-22,74],[-41,-1]],[[68943,85949],[4,101],[52,73],[32,117],[46,98],[5,26]],[[69082,86364],[14,3],[41,-24],[37,-11],[13,37],[-48,56],[9,77],[-4,37],[-21,80],[-3,34],[19,42],[112,182],[78,108],[50,63],[33,34],[70,92],[89,20],[40,75],[2,54],[-17,65],[-23,39],[28,21],[12,33],[-38,43],[-16,32],[-25,83],[-68,114],[5,53],[-25,76]],[[69446,87882],[1,57],[34,19],[53,-10],[30,-24],[60,49],[52,69],[28,58],[45,9],[65,3],[99,15],[31,11],[69,5],[107,-8],[69,0],[48,-7],[117,-37],[43,-6],[20,-19],[109,-27],[61,-10],[65,-1],[44,-86],[26,-13],[36,8],[51,-3],[30,-18],[-4,-51],[22,-4],[40,68],[51,-21],[24,4],[35,26],[82,-28],[38,0],[22,-12],[17,-54],[28,-14],[21,47],[19,19],[45,19],[27,34],[26,-5],[14,-23],[42,-104],[16,-19],[70,33],[53,3],[69,11],[53,15],[33,-2],[51,-49],[8,-46],[39,-32],[33,-6],[29,57],[-10,71],[-23,78],[46,135],[30,50],[76,95],[34,19],[48,-17],[43,34],[77,2],[65,-5]],[[72228,88244],[72,-33],[51,2],[55,39],[27,99],[24,21],[25,1],[102,-35],[32,3],[85,52],[47,8],[56,-12],[56,-1],[41,7],[29,-18],[34,-39],[32,-59],[34,-110],[97,-124],[-6,-40],[-88,-22],[-2,-22],[29,-57],[2,-83],[25,-67],[-16,-42],[88,-4],[75,-40],[120,19],[32,-89],[53,-10],[-1,-36],[25,-116],[19,-45],[0,-28],[-16,-44],[7,-45],[26,-49],[19,-12],[16,-45],[28,-13],[74,56],[77,-18],[43,-60],[22,-19],[21,10],[45,-10],[41,-44],[47,51],[79,29],[48,8],[72,41],[27,-4],[27,-44],[28,-30],[8,-48],[33,-66],[85,-90],[33,-27],[39,21],[5,44],[28,17],[65,-55],[68,-7],[43,-42],[48,-37],[38,-5],[51,24],[43,-70],[55,-9],[108,-97],[33,-3],[52,18],[22,-34],[-12,-28],[0,-40],[23,-40],[1,-38],[-21,-66],[-61,-85],[-69,-34],[23,-59],[80,-39],[-2,-27],[-27,-8],[-38,8],[-30,-42],[-20,-92],[41,-12],[23,-18],[19,-113],[-14,-19],[6,-27],[32,-11],[0,-20],[-25,-43],[-38,-127],[1,-47],[-14,-27],[-118,-7],[-79,3],[-88,10],[-27,-10],[-35,-77],[-27,-30],[-45,-27],[-48,-8],[-27,-31],[-10,-50],[-1,-44],[-19,-54],[28,-27],[-28,-64],[4,-52]],[[72313,84582],[-1,-23],[-105,30],[-21,36],[127,-43]],[[72958,55267],[-219,0],[-121,0],[-182,0],[-182,0],[-182,0],[-157,0],[-35,-3],[-24,-27],[-25,-12],[-30,1]],[[71801,55226],[-33,3],[-18,-7],[-28,-64],[-61,-119],[-38,-48],[-20,-15],[-17,12],[-11,62],[-8,10],[-73,-32],[-12,0]],[[71482,55028],[2,19],[-6,146],[-1,90],[10,56],[6,121],[14,97],[-5,58],[28,336],[21,42],[37,156],[17,50],[-4,109],[6,91],[36,27],[46,68],[20,80],[27,52],[54,33],[159,275],[73,149],[32,76],[7,63],[-28,54],[-5,23],[-32,12],[-41,71],[-45,-2],[-35,34],[1,46],[13,93],[27,105],[1,28],[-10,46],[-23,46],[9,76],[16,74],[27,78],[-4,35],[-19,17]],[[71913,58058],[31,88],[40,57],[36,37],[24,0],[46,-30],[42,-35],[23,-2],[27,15],[58,63],[31,-58],[18,-63],[54,-49],[20,-1],[13,50],[17,27],[31,34],[67,27],[70,14],[34,16],[54,51],[53,-65],[59,-13],[56,0],[27,35],[139,255]],[[72983,58511],[53,-206],[19,-12],[-8,-36],[35,-49],[43,-26],[16,-26],[1,-27],[-15,-120],[17,-155],[26,-27],[22,-121],[46,-52],[7,-15],[24,-122],[18,-19],[13,-68],[-7,-39],[10,-117],[17,-104],[5,-124],[0,-88],[-5,-48],[-22,-54],[-40,-109],[8,-67],[-6,-26],[-47,-28],[-39,-53],[-18,-36],[-25,-109],[-40,-84],[-7,-28],[-38,-50],[-17,-63],[-10,-76],[-15,-54],[-32,-76],[-8,-118],[1,-237],[-8,-269],[1,-106]],[[79509,79986],[-22,59],[-9,96],[12,-9],[19,-146]],[[84084,79083],[-17,-2],[-125,43],[-116,96],[-28,-31],[-15,-32],[-11,-62],[-18,-72],[-159,-9],[-47,-27],[-46,-39],[-73,-358],[-13,-79],[-18,-54],[-52,-71],[-91,-71],[-28,-62],[-50,0],[-118,-61],[-73,-34],[-43,0],[-24,-25],[22,-87],[-18,-26],[-12,-43],[-9,-76],[-68,-59],[-46,-49],[-38,-23],[-50,11],[-26,-13],[-27,-37],[-13,11],[-6,38],[-56,80],[-36,40],[-15,3],[-75,-18],[-34,8],[-27,16],[-41,54],[-26,52],[-28,-6]],[[82290,78009],[-9,54],[8,35],[-3,65],[-16,47],[-18,21],[21,76],[0,57],[-13,61],[-5,89],[3,87],[-17,43],[-140,1],[-125,-4],[-96,203],[-38,48],[-90,61],[-42,25],[-36,46],[-31,50],[-7,69],[-15,41],[-21,6],[-103,80],[-41,21],[-57,-20],[-34,23],[-39,-31],[-17,-2],[-43,19],[-52,72],[-75,49],[-60,27],[-99,27],[-29,26],[-2,62],[-24,56],[-23,23],[-39,-4],[-59,2],[-45,23],[-35,4],[-79,-4],[-39,-37],[-10,-60],[-23,-13],[-61,3],[-71,10],[-90,4],[-67,-31],[-54,-43],[-50,-49],[-60,-77],[-18,-35],[-35,-136],[-36,-36],[-20,-3],[-96,-54],[-37,-13],[-95,7]],[[79783,79080],[-22,202],[-8,161],[0,74],[10,148],[-5,142],[16,217],[-6,53],[-18,43],[-31,52],[-7,67],[-30,4],[-48,55],[-48,22],[-23,2],[-22,-17],[-16,-32],[-11,51],[0,53],[38,110],[24,-32],[29,-14],[37,-1],[35,8],[-6,38],[-38,38],[-7,50],[2,51],[10,48],[-28,32],[-40,-1],[-51,12],[-51,6],[-13,-58],[-18,11],[-32,88],[-20,103],[-4,111],[18,92],[21,86],[14,111],[18,108],[40,-92],[30,-40],[64,-27],[30,7],[33,24],[33,-8],[51,-95],[35,-10],[75,36],[36,8],[30,-16],[32,-1],[-13,44],[-6,43],[19,24],[59,-24],[37,16],[18,20],[4,38],[-6,74],[-11,32],[-27,44],[-105,105],[-36,43],[-29,54],[-19,77],[-29,140],[-37,138],[-32,24],[-43,4],[-116,-34],[-41,8],[-20,-15],[-46,-58],[-23,-50],[-30,-114],[23,-37],[-18,-193],[-2,-69],[-27,84],[-47,101],[-39,156]],[[79299,81835],[69,102],[60,72],[48,44],[81,47],[149,56],[82,20],[66,4],[52,-34],[138,-126],[60,-70],[17,-29],[17,-68],[51,-106],[50,-112],[24,-31],[39,-69],[38,-22],[45,11],[55,19],[47,8]],[[70253,80814],[-79,-19],[-25,19],[25,37],[60,27],[21,-38],[-2,-26]],[[75552,81672],[66,-28],[41,-25],[35,39],[98,-5],[87,-29],[14,19],[20,55],[40,16],[35,-13],[12,-45],[29,-15],[52,-71],[31,-29],[1,-44],[18,-23],[52,-5],[26,-22],[2,-30]],[[76211,81417],[5,-26],[21,-38],[39,-46],[32,-130],[-4,-45],[-15,-46],[-34,-57],[16,-55],[-3,-23],[35,-118],[-15,-25],[43,-35],[51,-29],[22,-6],[59,14],[38,3],[37,-28],[55,-67],[60,-88],[11,-27]],[[76664,80545],[17,-33]],[[76681,80512],[-12,1],[-67,73],[-24,-23],[-21,-40],[-22,-152],[-18,-17],[-72,6],[-35,-17],[12,-41],[7,-58],[34,-45],[-2,-56],[-10,-38],[10,-37],[34,-61],[-5,-84],[13,-89],[-2,-85],[10,-29],[38,-11],[6,-24],[-23,-39],[-18,-90],[-21,-44],[-19,-81],[4,-18],[39,-5],[21,-26],[56,-53],[9,-21],[-15,-33],[11,-61],[-1,-77],[48,-48],[27,-42],[-12,-45],[2,-47]],[[76663,78955],[-12,15],[-42,6],[-70,-73],[-41,-50],[-12,3],[-15,43],[2,93],[-18,51],[-48,18],[-61,-56],[-54,3],[-55,11],[-71,43],[-15,1],[-59,32],[-53,-27],[-23,7],[-32,22],[-12,-5],[-35,-71],[-61,-75],[-34,-12]],[[75842,78934],[-15,75],[-15,29],[-35,8],[-37,-52],[-59,-30],[-48,-19],[-78,-23],[-86,-12],[-55,10],[-49,14],[-87,-7],[-86,-55],[-149,-114],[-112,-54],[-63,-22],[-50,-13],[-84,-1],[-69,9],[-48,-1],[-26,14],[-38,46],[-46,45],[-47,19],[-39,5],[-127,-84],[-34,-14],[-96,-62],[-86,8],[-41,-2],[-28,31],[-14,35],[-57,21],[-40,6],[-21,-63],[-21,-151],[36,-121],[-1,-18],[-55,-8],[-35,-31],[-9,-104],[-34,-19],[-16,-22],[-17,-65],[-8,-1],[-55,49],[-25,3]],[[73637,78193],[22,52],[-50,193],[24,60],[51,72],[54,85],[-3,92],[-45,64],[-49,-39],[-36,-44],[-22,-8],[-25,-25],[-12,-44],[-30,-34],[-50,-14],[-74,37],[-79,56],[-45,46],[-37,10],[-34,-19],[-104,-112],[-94,-164],[-23,-28],[-89,-70],[-59,-24],[-27,5],[-117,-30],[-58,-5],[-46,-37],[-89,40],[-53,51],[-32,53],[-52,112],[-37,54],[-84,48],[-145,117],[-38,13],[-99,16],[-104,11],[-21,-42],[-8,-169],[-18,-46],[-8,-88],[-33,-41],[-53,39],[-51,-36],[-100,-50],[-34,-7],[-117,63],[-42,41],[-27,45],[-10,76],[-17,44],[-9,64],[-23,14],[-26,-26],[-27,1],[-33,16],[-80,63],[-61,6],[-37,-78],[-30,-25],[-31,-8],[-1,23],[24,50],[-96,-9],[-51,-38],[-39,6],[-30,16],[5,22],[30,8],[26,17],[103,14],[25,14],[26,55],[48,47],[7,21],[-38,0],[-158,-14],[-109,8],[-29,-27],[-6,63],[18,30],[23,-2],[57,25],[-5,53],[-41,36],[-8,21],[-30,5],[-24,25],[-5,64],[-19,69],[-27,34],[3,18],[50,24],[11,98],[-8,60],[-25,5],[-74,46],[-21,-5],[-25,52],[-42,37],[-35,-29],[-19,8],[-34,32],[-32,17],[-14,21],[18,58],[25,-1],[4,45],[-20,75],[3,39],[21,11],[24,-7],[26,-46],[8,-43],[-5,-42],[15,-42],[19,33],[56,-20],[82,27],[15,22],[-59,-3],[-22,22],[-24,47],[-14,42],[-11,52],[9,16],[41,25],[35,69],[-32,30],[-18,-7],[-17,23],[-2,33],[13,27],[2,36],[-59,110],[10,29],[35,50],[34,61],[-5,20],[-25,8],[-116,-26],[-46,-23],[-81,-10],[-4,63],[18,55],[-1,133],[11,73],[45,22],[55,107],[90,126],[93,-2],[37,35],[56,1],[16,-49],[49,-35],[86,6],[41,33],[-40,61],[13,18],[36,2],[39,-15],[2,-14],[-22,-53],[11,-6],[112,20],[116,-17],[37,9],[91,0],[17,21],[-28,26],[-27,10],[-36,32],[57,60],[33,12],[155,36],[115,19],[-15,13],[-149,31],[-35,24],[-51,56],[-23,44],[17,105],[18,27],[60,4],[203,-48],[145,29],[159,-70],[152,15],[31,30],[38,101],[215,168],[75,87],[80,47],[138,53],[116,71],[32,8],[277,-34],[190,-4],[88,66],[50,-22],[-14,-44],[3,-41],[30,-60],[30,-41],[88,-59],[124,50],[45,-20],[43,-158],[34,-56],[43,-39],[36,-8],[27,41],[20,16],[45,6],[72,-54],[26,-57],[124,-44],[115,-22],[49,-47],[161,-48],[60,7],[100,50],[196,56],[130,-77],[36,-10],[30,7],[44,-22],[46,11],[144,91],[45,52],[48,13],[42,31],[113,101],[32,58]],[[70950,81953],[-10,-71],[22,-78],[50,-109],[51,-55],[205,-135],[37,-12],[-21,-104],[-13,-33],[-60,-22],[-166,61],[-41,6],[-30,-12],[-55,-44],[-60,14],[-85,-25],[-24,-83],[-59,-95],[-96,-76],[-69,-41],[-104,-147],[-47,-86],[-43,-30],[20,79],[-3,70],[66,81],[93,62],[25,51],[-73,-2],[-74,-11],[-47,8],[-40,-5],[-23,72]],[[70276,81181],[24,14],[24,48],[52,79],[8,27],[-11,91],[3,59],[69,65],[23,6],[8,30],[-15,124],[-29,20],[-29,39],[-31,13]],[[70372,81796],[2,35],[12,17],[51,16],[23,76],[12,10],[64,6],[28,11],[44,41],[97,13],[61,-82],[20,-16],[43,25],[48,-3],[27,18],[46,-10]],[[65319,76496],[-16,-177],[-2,-159],[27,-73],[1,-31],[-10,-37],[-115,-98],[-117,-109],[-18,-38],[-56,-57],[-22,-78],[-24,-41],[-57,-19],[-11,-13],[-39,-87],[-16,-50],[20,-132],[24,-136],[4,-104],[-13,-51],[-96,-223],[-14,-23],[-29,-28],[-58,-37],[-41,-33]],[[64641,74662],[-53,375],[-48,336],[-61,434],[-9,20],[-114,127],[-119,145],[-10,95],[-32,143],[-46,101],[-68,51],[-39,38],[-10,22],[-8,59],[-28,115],[-32,105],[-12,71],[-1,90],[6,64],[14,28],[67,81],[30,96],[71,64],[27,32],[23,51],[18,55],[10,152],[13,65],[28,74],[-27,124],[4,111],[-3,45],[-24,92],[-1,42],[20,198],[15,111],[-15,54],[-32,25],[7,31],[47,54],[26,80],[54,45],[-9,65]],[[64320,78828],[84,37],[80,99],[29,23],[186,91],[52,-19],[-19,-61],[16,-47],[22,28],[-7,45],[72,-1],[37,-29],[-2,-106],[49,-105],[-13,-52],[40,-31],[36,37],[18,55],[66,31],[64,80],[35,9],[8,-66],[16,-58],[-23,-20],[-31,-61],[-58,-155],[-53,-46],[-39,-60],[-13,-42],[-4,-50],[10,-88],[29,-90],[33,-55],[33,-17],[75,-86],[-2,-51],[11,-61],[4,-74],[26,-58],[-56,-129],[-30,-92],[-60,-128],[-53,-83],[-114,-123],[-28,-41],[-18,-43],[-9,-44],[3,-52],[38,-129],[49,-75],[51,-41],[89,17],[-4,-50],[7,-59],[59,12],[21,57],[43,-39],[22,-120],[37,-37],[-19,-38],[47,-24],[21,9],[36,-26]],[[65241,77471],[-52,-44],[10,39],[35,47],[7,-42]],[[65132,76831],[-34,-22],[-46,32],[8,93],[59,3],[33,-43],[7,-24],[-27,-39]],[[40671,62831],[-16,19],[33,43],[50,29],[5,-38],[-72,-53]],[[40585,62183],[-56,-35],[-144,-8],[-60,12],[-46,-9],[84,76],[10,32],[35,6],[10,9],[12,168],[-5,41],[-21,38],[-32,21],[15,30],[43,10],[33,20],[66,5],[33,17],[55,5],[-40,-106],[5,-69],[-6,-47],[7,-60],[16,-38],[-11,-39],[-3,-79]],[[1650,42743],[10,19],[16,-13],[-24,-64],[-16,25],[-45,41],[-9,31],[46,-7],[22,-32]],[[2062,44315],[-19,-37],[-20,36],[23,43],[27,-11],[-11,-31]],[[1735,42662],[-2,-93],[-18,62],[20,31]],[[61702,62716],[-9,-66],[-18,-83],[-12,-27],[-8,-201],[10,-21],[183,-221],[5,-21],[1,-245],[11,-65],[2,-63],[13,-48],[49,-91],[12,-54],[2,-305],[6,-179],[0,-339],[0,-452],[-32,-3],[17,-72],[7,-86],[-8,-32],[7,-48],[14,-17],[35,-97],[12,-82],[-57,-27],[4,-21]],[[61948,59750],[-106,-43],[-43,-36]],[[61799,59671],[0,34],[-35,19],[-28,58],[-6,32],[-24,5],[-60,77],[-10,42],[-2,38],[-10,7],[-26,94],[-24,67],[-1,55],[19,40],[14,138],[5,79],[-15,22],[-19,6],[-9,22],[-3,70],[36,112],[-8,260],[6,39],[30,60],[-1,31],[-24,77],[-45,60],[-23,48],[-15,66],[40,57],[2,27],[-12,49],[2,88],[11,66],[11,85],[-1,25],[-27,51],[-26,3],[-28,-33],[-19,19],[10,20],[-4,25],[9,22],[-2,61],[18,11],[9,148],[5,193],[5,35],[-16,9],[-40,52],[-60,108],[-34,41],[-10,53],[10,53],[16,56],[8,80],[-5,22],[-22,37]],[[61371,62792],[78,-28],[110,-48],[3,-24],[20,1],[32,17],[88,6]],[[104250,50835],[-23,-107],[-25,23],[27,60],[21,24]],[[104053,49983],[-12,80],[-23,55],[-2,50],[6,11],[41,3],[17,42],[0,50],[-17,24],[-42,-37],[-20,20],[2,56]],[[104003,50337],[36,51],[30,94],[21,37],[70,45],[144,52],[35,3],[90,-1],[123,11],[30,7],[77,51],[41,38],[31,-19],[54,-16],[28,-32],[-62,-99],[-68,-81],[-42,-25],[-43,-17],[-33,-32],[-29,-49],[-35,-28],[-40,-9],[-34,-16],[-32,-28],[-43,-51],[-36,-3],[-36,-19],[-111,-72],[-68,-79],[-48,-67]],[[103701,50088],[55,53],[84,41]],[[103840,50182],[-11,-76],[-32,-63],[-12,-8],[-66,7],[-18,46]],[[96392,63140],[-6,-64],[-20,26],[13,48],[13,-10]],[[96331,63335],[-24,-9],[-19,4],[-10,86],[15,14],[21,-43],[17,-52]],[[94960,60797],[-4,-46],[-14,0],[-21,-33],[-11,94],[13,130],[45,-31],[-12,-76],[4,-38]],[[95544,68506],[-2,-37],[20,10],[15,41],[17,24],[17,5],[19,-28],[20,-62],[20,-35],[10,-4],[8,-55],[-26,-124],[-24,-83],[8,-69],[32,-57],[38,-33],[40,9],[22,17],[17,27],[37,16],[64,-20],[20,-19],[3,-38],[-8,-99],[10,-72],[18,-76],[2,-70],[-22,-114],[-19,-109],[-36,-86],[-3,-45],[29,-74],[3,-90],[-11,-68],[-39,-146],[-30,-133],[16,-26],[50,-38],[22,11],[45,78],[39,59],[51,63],[42,43],[20,39],[10,50],[15,20],[19,-12],[25,22],[30,55],[22,25],[16,-4],[29,-34],[40,-64],[37,-38],[32,-12],[16,-24],[-1,-35],[22,-33],[20,46],[30,34],[31,19],[32,6],[20,26],[14,68],[19,52],[18,23],[22,12],[5,17],[-10,42],[13,22],[27,10],[41,-4],[49,-22],[55,-41],[37,-13],[16,15],[35,-64],[50,-142],[43,-107],[36,-72],[38,-56],[40,-39],[28,-53],[26,-100],[-19,-138],[-5,-120],[2,-147],[23,-113],[45,-79],[26,-62],[7,-49],[35,-41],[62,-35],[25,-31],[-10,-29],[-1,-32],[9,-37],[21,-31],[35,-24],[20,-26],[6,-26],[0,-44],[-8,-61],[-14,-47],[-21,-33],[-8,-64],[0,-80],[15,-54],[4,-68],[-8,-55],[-8,-113],[0,-44],[-8,-38],[-18,-35],[-28,-35],[-53,-44]],[[97271,64798],[-37,-73],[-14,0],[-18,38],[-4,48],[-31,23],[-35,15],[-69,-23],[-56,-13],[-62,16],[-59,-20],[-81,0],[-26,7],[-48,29],[-19,-2],[-39,-24],[-79,-29],[-58,-50],[-41,-72],[-12,-50],[-50,-132],[-37,-79],[-25,-35],[7,-21],[-7,-25],[-72,-16],[-6,-12],[5,-157],[11,-59],[33,-110],[10,-116],[3,-98],[45,-62],[43,-89],[-17,-106],[10,-103],[67,-239]],[[96503,63159],[-48,114],[-10,76],[-37,85],[-21,34],[-18,-59],[-36,44],[-32,45],[-28,88],[-10,-39],[-33,70],[-33,55],[-31,19],[-37,49],[-39,29],[-95,-43],[-121,34],[-46,-33],[-19,21],[-12,38],[11,64],[3,134],[15,95],[-8,72],[13,80],[-19,19],[-85,36],[-19,29],[-23,-33],[-102,-18],[-39,-28],[-36,-54],[-8,-68],[20,-45],[13,-78],[-36,-170],[-7,-51],[15,-208],[-6,-114],[-20,-77],[-32,-68],[-13,-117],[-25,-55],[-34,-123],[-22,-154],[-16,-71],[-10,-131],[-68,-199],[-17,-112],[-24,-43],[8,-33],[2,-57],[-8,-149],[-3,-125],[10,-66],[33,-132],[-8,-38],[-4,-54],[28,-25],[20,-8],[113,63],[38,-17],[23,-108],[19,-274],[10,-52],[48,-100],[8,10],[4,40],[21,-52],[18,-96],[60,-514],[31,-134],[-37,34],[-9,114],[-11,48],[-33,6],[-1,20],[15,38],[-2,44],[-21,37],[-34,-30],[1,-79],[15,-62],[57,-136],[18,-58],[23,-16],[33,9],[39,-59],[31,-54],[77,-83],[46,9],[50,21],[35,-6],[32,-21],[40,-69],[63,-174],[103,-144]],[[96219,59766],[-11,-36],[-5,-54],[-40,-74],[-6,-41],[-16,-54],[-28,-29],[-24,-5],[-24,16],[-16,50],[-16,20],[-102,-74],[-22,-76],[-27,-19],[-45,83],[4,47],[28,69],[4,48],[-4,82],[-7,47],[-22,10],[-39,-8],[-20,54],[-8,58],[-27,34],[-29,-20],[-22,12],[-75,51],[-28,82],[-29,-6],[-5,-19],[-8,-95],[-7,-29]],[[95543,59890],[-86,191],[-58,79],[8,143],[-18,27],[-22,3],[-17,40],[15,84],[-23,-16],[-32,3],[-26,24],[-20,117],[-40,98],[-36,0],[-12,29],[3,76],[-26,47],[-35,38],[-29,21],[-29,123],[-42,54],[-27,-16],[-9,-44],[-18,-43],[-20,5],[-19,25],[-23,122],[-4,75],[5,139],[28,125],[16,200],[24,126],[18,42],[23,172],[48,219]],[[95060,62218],[5,47],[18,102],[2,78],[-7,65],[11,30],[34,49],[47,82],[56,115],[58,177],[40,138],[33,47],[14,57],[-31,193],[-21,62],[-23,176],[4,46],[-11,28],[-26,37],[-27,54],[-15,88],[0,49],[-17,43],[-6,46],[24,80],[-2,164],[-12,136],[-17,66],[-25,78],[-27,63],[-72,116],[-52,77],[-25,70],[-86,212],[-15,100],[-8,107],[5,35],[13,24],[34,22],[41,49],[29,-3],[10,32],[-4,97],[2,130],[11,175],[77,81],[16,35],[8,38],[0,33],[-18,41],[-49,-70],[-10,16],[-23,114],[-39,136],[-3,100],[-11,50],[-62,108],[-28,57],[-84,181],[-47,93],[-32,94],[15,63],[-7,64],[-24,84],[-17,80],[-26,-4],[-25,40],[-24,84],[6,14],[30,-14],[63,41],[20,7],[8,30],[-16,193],[3,41],[31,82],[-4,85],[8,120],[34,82],[25,38],[8,60],[12,13],[22,-5],[43,-44],[45,-2],[42,8],[91,43],[53,1],[14,21],[10,35],[12,112],[18,35],[42,10],[29,-21],[19,-2],[39,25],[16,43],[-14,109],[62,-26],[45,12],[40,52],[22,-6],[57,-61]],[[95528,61911],[-26,31],[-5,29],[20,-1],[10,-26],[1,-33]],[[95527,61842],[1,-35],[-7,-42],[-32,-25],[-10,34],[8,65],[40,3]],[[95388,59939],[-19,47],[16,73],[16,-89],[-13,-31]],[[95022,60816],[-21,109],[26,-32],[-5,-77]],[[94926,61511],[-20,-7],[8,56],[9,5],[3,-54]],[[74866,52055],[26,-132],[-3,-25],[-28,-17],[-12,22],[-8,44],[-14,-10],[-24,53],[-23,3],[-21,63],[8,56],[-5,95],[26,48],[14,81],[16,-56],[4,-86],[23,-102],[21,-37]],[[74992,52842],[-3,-60],[-1,-156],[-20,-87],[-16,-30],[-26,23],[-9,23],[18,159],[-9,116],[37,-12],[29,24]],[[71883,50801],[-10,56],[-55,200],[-53,200],[-11,75],[-20,84],[-35,103],[-36,76],[-49,69],[-56,70],[-30,47],[-41,138],[-17,49],[-12,89],[-8,91],[3,37],[37,117],[3,34],[-5,45],[-40,207],[-45,207],[-7,53],[1,38],[26,211],[0,30]],[[71423,53127],[107,-5],[79,92],[68,139],[13,57],[29,88],[27,45],[10,30],[16,88],[36,60],[34,45],[-7,33],[24,35],[37,22],[8,46],[0,52],[-11,82],[-24,4],[-36,27],[-31,11],[-27,27],[-3,31],[17,80],[-17,33],[37,134],[7,16]],[[71816,54399],[55,23],[16,-5],[22,20],[10,45],[7,76],[-4,62],[-16,48],[-4,72],[7,98],[-5,81],[-17,65],[-18,38],[-27,18],[-42,99],[-13,48],[2,30],[12,9]],[[72958,55267],[26,0],[52,-51],[145,-147],[146,-149],[145,-147],[146,-148],[145,-148],[219,-222],[144,-148],[108,-108],[5,-16],[10,-109],[-2,-38],[-19,-62],[-6,-56],[21,-12],[19,-27],[11,-47],[13,-24],[136,-178],[209,-275],[131,-170],[11,-10]],[[74773,52975],[-8,-51],[-27,-128],[-1,-52],[-21,-103],[-26,-179],[-24,-66],[-31,-156],[-5,-120],[17,-84],[7,-79],[36,-76],[29,-27],[21,-36],[35,-80],[19,-81],[64,-39],[25,-90],[-9,-62],[-29,-52],[-28,-84],[-22,-109],[-1,-168],[16,26],[33,-42],[4,-122],[-34,-144],[-11,-68],[-2,-57],[26,-172],[37,-88],[-13,-50],[65,-155],[-5,-135],[24,-105],[11,-90],[16,-71],[3,-47],[-20,-53],[48,-14],[27,-43],[13,-43],[34,2],[19,-28],[27,-24],[59,-70],[25,-69]],[[75196,49391],[-162,-222],[-58,-56],[-43,-26],[-44,-15],[-42,-35],[-41,-55],[-51,-27],[-63,0],[-66,-38],[-103,-115],[-60,63],[-47,20],[-55,-2],[-32,-7],[-13,-14],[-10,-39],[-9,-64],[-35,-61],[-63,-58],[-57,-23],[-53,15],[-35,24],[-19,35],[-28,15],[-36,-2],[-34,-24],[-34,-46],[-52,-20],[-73,6],[-39,22],[-6,38],[-32,45],[-58,51],[-43,1],[-27,-49],[-26,-31],[-43,-14],[-29,14],[-81,5],[-75,-2]],[[73319,48700],[-8,70],[-29,70],[-27,6],[-29,102],[-17,31],[-14,56],[3,29],[16,73],[5,51],[-2,51],[-9,52],[-18,63],[-4,60],[3,67],[-3,49],[-16,104],[0,27],[-16,50],[-51,120],[-3,15],[-79,121],[-31,26],[-16,-44],[4,-38],[-6,-28],[-30,6],[-31,32],[-23,8],[-58,-6],[-21,-7],[-16,7],[-30,55],[-36,11],[-33,3],[-53,63],[-18,-8]],[[74939,50936],[-18,-9],[-19,34],[20,22],[19,43],[45,63],[17,1],[-25,-107],[-21,-7],[-18,-40]],[[85597,80878],[-4,-32],[-71,-35],[-32,-30],[-7,-52],[-37,-30],[-22,61],[-130,77],[-35,18],[-69,-27],[-80,-38],[-21,-48],[7,-43],[-20,-25],[-42,36],[-10,-32],[-17,-97],[17,-59],[7,-87],[56,4],[47,26],[58,-10],[125,0],[12,16],[25,-25],[50,24],[37,4],[37,-15],[42,-94],[22,-11],[71,11],[20,50],[19,13],[52,13],[45,39],[23,4],[16,-32],[-5,-46],[15,-16],[43,-4],[20,-15],[-2,-72],[27,-19],[63,47],[18,0],[35,-57],[29,-33],[43,81],[96,31],[80,-16],[80,0],[43,8],[53,43],[28,11],[55,-8]],[[86509,80387],[1,-32],[-9,-104],[28,-78],[36,-63],[0,-38],[-23,-16],[-11,-38],[20,-96],[16,-57],[23,-28],[34,-18],[19,4],[13,43],[23,32],[50,-1],[81,-37],[79,-56],[23,-31],[8,-35],[-22,-80],[6,-106],[18,-41],[16,-69],[4,-58],[13,-37],[-16,-107],[8,-18],[62,-75],[7,-41],[-37,-57],[-40,-39]],[[86939,79010],[-56,78],[-24,23],[-45,-7],[-61,23],[-30,-3],[-32,-53],[-30,-8],[-112,-53],[-33,5],[-1,33],[23,23],[1,56],[-81,33],[-34,-6],[-59,-34],[-107,-88],[-48,-58],[-34,-89],[-102,-29],[-70,-51],[-72,-83],[-47,-46],[-23,-5],[-23,8],[-24,22],[-23,69],[-33,175],[24,296],[15,120],[11,42],[-10,43],[-22,-1],[-33,-16],[-38,8],[2,56],[16,101],[-26,84],[-69,69],[-59,24],[-49,-21],[-41,-55],[-33,-88],[-34,-73],[-36,-56],[-34,-37],[-5,-24],[19,-75],[-1,-63],[-22,-51],[-23,-24],[-25,2],[-36,33],[-41,6],[-67,-9],[-45,-26],[-25,-41],[-7,-55],[10,-67],[-5,-51],[-20,-36],[-31,-26],[-29,31],[-44,67],[-31,36],[-35,-5],[-25,-36],[-39,0],[-11,-21],[-31,-25],[-54,-29],[-30,-31],[-13,-46],[-16,5],[-50,-45],[-37,14],[-42,58],[-23,46],[-3,20]],[[85510,80621],[-31,-24],[-18,3],[-24,45],[3,11],[57,-16],[13,-19]],[[102668,69937],[-21,-73],[-17,-77],[-6,-72],[0,-76],[-5,-67],[-9,-67],[-32,19],[-18,48],[-5,79],[-33,122],[-34,53],[-32,27],[-21,36],[-18,52],[-13,56],[-29,160],[-22,74],[-4,35],[24,155],[-6,78],[2,79],[9,35],[161,478],[44,101],[26,50],[23,56],[21,72],[26,65],[19,20],[92,58],[29,56],[23,17],[26,-1],[31,-58],[57,-47],[18,-30],[8,-52],[-24,-49],[-13,-43],[-2,-49],[4,-65],[0,-67],[-30,-154],[-34,-97],[-8,-48],[-11,-119],[-19,-120],[-17,-151],[-27,-156],[-35,-128],[-46,-118],[-52,-97]],[[101781,71118],[15,-42],[-6,-25],[-48,13],[39,54]],[[75842,78934],[-3,-29],[-91,-147],[-100,-141],[-127,-52],[-22,-31],[-19,-50],[-12,-69],[-6,-124],[37,-163],[0,-106],[-35,-132],[-11,-87],[-6,-161],[-1,-161],[-72,-211],[-17,-27],[-84,-33],[-193,-177],[-291,-265],[-169,-155]],[[74620,76613],[-245,-233],[-103,-103],[-149,-149],[-170,-169],[-116,27],[-37,16],[-52,67],[-55,24],[-34,83],[-22,29],[-36,13]],[[73601,76218],[15,53],[3,35],[16,42],[-10,28],[-9,108],[-16,79],[3,27],[16,50]],[[73619,76640],[25,32],[4,21],[33,39],[2,22],[-19,16],[-11,27],[10,40],[17,32],[25,30],[20,5],[67,-8],[5,18],[-27,24],[5,40],[20,32],[35,29],[26,48],[17,54],[-27,131],[-17,21],[-45,29],[37,62],[-17,28],[-30,13],[-11,-28],[-98,-3]],[[73665,77394],[-26,139],[-3,129],[18,102],[-9,46],[-5,76],[-47,93],[26,173],[18,41]],[[64643,85402],[35,-36],[-6,-46],[-28,-75]],[[64644,85245],[-15,-61],[1,-69],[32,-3]],[[64662,85112],[57,-12],[34,-19],[11,-43],[40,-33],[47,-21],[16,7],[57,76],[23,-13],[13,-61]],[[64960,84993],[-16,-81],[-3,-43],[14,-29],[-3,-43],[-54,10],[-26,35],[-37,-14],[-17,-73],[25,-74],[12,-68],[-36,-10],[-34,77],[-52,-9],[-51,-32],[-38,7],[-16,26],[-18,83],[-42,8],[-15,-12],[-3,-118],[-16,-41],[-62,-104],[-8,-43],[16,-67],[-31,-28],[-17,20],[-7,35],[-37,49],[14,49],[-60,21],[-62,84],[-7,23],[1,75],[-25,26],[-47,-64],[-51,-54],[15,-58],[-38,-68],[-8,-23],[-69,-58],[-86,35],[-71,-41],[-68,-20],[-37,29]],[[63789,84410],[-23,56],[-19,22],[-43,70],[16,69],[-11,24],[-9,63],[-62,13],[-51,-4],[-36,-23],[-34,-46],[17,-42],[-25,-36],[-38,-29],[-40,2],[0,40],[43,40],[9,62],[-22,31],[35,113],[85,90],[10,106],[6,14],[57,34],[111,164],[17,34],[-34,45],[23,36],[29,22],[29,1],[22,-36],[21,-4],[53,18],[26,58],[41,27]],[[63992,85444],[28,-13],[79,-4],[56,7],[36,19],[44,0],[30,-10],[49,21],[-2,22],[-35,-5],[-16,23],[11,27],[25,22],[37,0],[37,-42],[22,10],[31,-37],[102,9],[117,-91]],[[67901,91805],[-28,-14],[-17,-44],[-44,-22],[-8,-138],[40,-53],[-43,-23],[-28,-74],[-55,-28],[-52,-68],[-16,-68],[-31,-29],[-35,-7],[20,56],[27,45],[-25,31],[-36,86],[16,42],[-8,69],[2,66],[50,62],[42,62],[45,47],[63,20],[29,-19],[12,42],[39,0],[41,-41]],[[67032,90846],[-33,-29],[-10,41],[-3,108],[6,53],[75,191],[33,16],[47,117],[13,52],[42,106],[31,-16],[-23,-24],[1,-45],[-58,-139],[-15,-89],[-21,-22],[-85,-320]],[[65279,92552],[28,-79],[25,-11],[33,21],[24,57],[29,169],[-38,165],[-2,23],[53,65],[33,103],[19,17],[62,13],[42,34],[67,87],[10,123],[24,90],[-12,59],[-36,90],[-45,125],[-7,69],[59,24],[73,4],[50,109],[18,80],[-42,59],[-55,59],[-37,19],[-113,92],[46,278],[4,73],[-65,190],[9,81],[-10,123],[37,50],[-27,55],[-47,125],[72,125],[-13,65],[43,47],[123,167],[45,36],[66,32],[107,15],[225,-38],[62,100],[2,53],[-9,80],[-15,47],[-70,31],[-76,41],[159,227],[81,140],[43,81],[24,214],[29,91],[0,32],[-31,177],[128,15],[80,23],[76,38],[37,34],[-21,114],[46,39],[112,134],[120,129],[56,49],[11,62],[-25,60],[-79,108],[22,49],[90,29],[43,47],[68,166],[132,84],[53,46],[201,-87],[72,106],[17,41],[-10,166],[6,38],[73,21],[133,-39],[97,-4],[71,-17],[208,-64],[34,-4],[92,75],[-93,40],[61,41],[59,91],[6,90],[-75,76],[173,9]],[[68429,98761],[93,-35],[8,-45],[90,-48],[81,-65],[15,-22],[181,-105],[68,-27],[57,-8],[143,-45],[108,-84],[29,-75],[46,-3],[53,-71],[56,-38],[-46,-50],[-5,-49],[16,-128],[-24,-44],[1,-43],[90,-17],[15,-58],[-41,-38],[-11,-52],[18,-72],[91,-118],[16,-42],[-33,-65],[-9,-80],[-57,-60],[-9,-62],[9,-80],[18,-38],[53,-26],[48,-99],[36,-115]],[[69633,96754],[-90,-13],[-68,28],[-34,-15],[-59,0],[-67,-11],[-41,-32],[-62,32],[-59,52],[-43,-40],[-28,-7],[-25,36],[-34,-6],[-31,-73],[-7,-79],[-57,8],[21,-36],[-21,-14],[-57,1],[10,-38],[-24,-29],[-68,-13],[-39,3],[-14,-31],[30,-37],[-36,-33],[25,-52],[-2,-22],[-51,-70],[-78,-85],[-19,-43],[48,-51],[38,-112],[43,-51],[-18,-52],[-71,-50],[-82,-75],[-86,-192],[-30,-26],[-76,-33],[-28,-31],[-57,-38],[-99,-32],[-45,-45],[-20,-47],[-23,-3],[-52,32],[-3,-53],[-48,33],[-23,-30],[-17,-50],[-69,-68],[-63,-9],[-63,-29],[-20,0],[-26,-71],[-64,-19],[-10,-23],[64,-4],[-13,-58],[-73,-29],[-27,-37],[-26,29],[-67,-3],[26,-69],[-24,-38],[46,-37],[-31,-13],[-38,-47],[-40,-2],[-24,-30],[-27,0],[-54,35],[-13,-51],[19,-57],[37,-44],[9,-32],[-18,-28],[-47,-187],[15,-78],[17,-34],[-45,4],[-47,21],[7,-43],[-30,-50],[12,-73],[-9,-48],[21,-43],[-7,-38],[11,-164],[-3,-21],[26,-87],[-10,-69],[37,-37],[67,0],[13,-8],[24,-58],[27,3],[73,31],[19,-49],[81,-93],[51,-15],[54,-52],[-8,-63],[23,-20],[63,-25],[50,-85],[20,-71],[-7,-44],[-86,-62],[-48,-57],[-103,-80],[-38,-4],[-68,-44],[5,-19],[52,-8],[47,32],[43,1],[39,24],[17,-8],[20,-43],[-41,-21],[-28,-1],[-15,-69],[-30,-44],[-64,-29],[-41,-37],[-51,-30],[-21,7],[-32,-31],[-73,-35],[-37,-49],[-84,-43],[-43,-35],[-115,-2],[-110,8],[25,-39],[30,8],[106,-18],[46,-58],[-34,-20],[-58,-16],[40,-136],[-24,-34],[-2,-150],[-33,-3],[-15,-63],[11,-32],[-1,-74],[7,-45],[17,-43],[-8,-43],[-53,-103],[2,-48],[16,-74],[-41,-162],[-21,-61],[-45,-74],[-21,-55],[-54,-173],[-57,-61],[-68,38],[-40,-2],[-63,-20],[-94,14],[-92,-7],[-23,-17],[14,-63],[-34,-8],[-33,18],[-53,-45],[-48,-55],[-16,-34],[-5,-65],[49,-125],[-58,-81],[-32,-3],[-93,23],[-166,-51],[-148,40],[18,44],[0,32],[13,99],[-13,70],[-36,47],[-82,159],[-30,96],[68,-35],[33,18],[-49,109],[68,8],[21,38],[-12,64],[-57,29],[-49,99],[-52,51],[-92,200],[-33,136],[-31,-13],[-27,116],[-2,41],[-49,24],[-11,159],[-53,17],[-33,73],[-7,138],[-34,25],[-28,-8],[8,67],[-16,127],[-6,116],[-20,76],[16,55],[34,5],[32,-30]],[[67929,91860],[-7,-39],[-33,31],[32,44],[50,-2],[-42,-34]],[[72291,39770],[39,-38],[3,-57],[-10,-106],[3,-41],[19,-108],[2,-198]],[[72347,39222],[-29,18],[-11,-4],[-9,-89],[-7,-132],[4,-83],[-73,-2],[-94,9],[-67,36],[-72,78],[-42,122],[-19,77],[-30,17],[-2,93],[0,99],[5,26],[78,196],[19,72],[41,86],[44,54],[26,6],[78,-75],[78,-71],[26,15]],[[42923,59217],[-29,-44],[-31,-62],[-41,-108],[2,-34],[-9,-27],[-2,-49],[3,-54],[10,-36],[5,-67],[-8,-61],[18,-151],[-1,-25],[19,-39],[-3,-53],[33,-95],[20,-41],[29,-41],[27,-87],[14,-24],[-6,-88],[-18,-59],[-43,-108],[-5,-26],[11,-90],[-9,-109],[-70,-221],[-28,-28],[-18,-45],[-27,-10]],[[42766,57335],[-16,0],[-12,20],[-8,51],[-16,8],[-29,-10],[-25,37],[-27,59],[-22,-28],[-40,-1],[-33,-30],[-20,-6],[-15,-30],[-93,-13],[-24,-8],[-70,68],[-20,-11],[-9,-65],[-37,-59],[-3,-25],[22,-14],[18,-49],[36,-73],[-5,-95],[-31,-27],[-158,62]],[[42129,57096],[-27,38],[-48,20],[-20,49],[-27,100],[-31,74],[-4,38],[-18,47],[-11,66],[-11,17],[-15,64],[-36,71],[1,50],[-6,24],[-2,66],[-16,34],[-4,118],[-5,15],[-41,-1],[-4,-9],[-38,-6],[-34,27],[-1,76],[-24,44],[-38,54],[-12,70],[-14,43],[-42,90],[-8,62],[0,43],[16,40],[20,71],[14,97],[22,100],[-25,95],[25,64],[32,19],[13,23],[48,8],[54,0],[28,10],[9,18],[-2,35],[35,67],[-25,21],[-13,55],[21,68],[3,24],[18,40]],[[41886,59335],[19,59],[2,59],[10,57],[17,68],[29,33],[172,-34],[79,-33],[100,-56],[16,0],[-6,61],[29,42],[61,16],[92,-21],[78,25],[108,-3],[163,-49],[73,-33],[29,-30],[6,-54],[-3,-69],[-11,-67],[-26,-89]],[[71913,58058],[-28,82],[-19,13],[-39,-13],[-9,18],[-8,84],[-10,30],[-30,30],[-77,60],[-59,122],[-51,92],[-31,96],[-35,66],[-43,31],[-28,-16],[-29,-70],[-55,-66],[-24,-3],[-33,36],[-40,26],[-72,11],[-30,-31],[-39,-51],[-33,-30],[-21,-4],[-19,13],[-41,7],[-38,46],[-34,67],[-47,40],[-18,30],[-24,83],[-19,42],[-59,76],[-18,44],[-12,43]],[[70741,59062],[-24,48],[-26,64],[-8,94],[-1,76],[-6,35],[-23,64],[-21,34],[-48,49],[-74,88],[-45,13],[-27,32],[-23,70],[-9,57],[-23,44],[-15,68],[18,112],[-66,91],[-28,56],[-17,52],[-50,68],[-111,102],[-63,65],[-65,115],[-3,23],[20,57],[3,47],[-16,52],[-66,98],[-53,107],[-40,33],[-95,30],[-56,32],[-28,49],[-11,57],[15,91],[-9,29],[-16,7]],[[69631,61271],[22,63],[30,29],[79,45],[6,75],[6,28],[28,78],[5,99],[11,55],[29,63],[3,52],[-2,101],[11,41],[50,92],[13,42],[8,112],[14,36],[13,11],[37,11],[25,-6],[175,62],[20,-8],[10,-38],[2,-89],[9,-20],[28,-29],[29,-65],[28,-33],[131,-273],[36,-25],[36,8],[71,57],[35,15],[247,-16],[30,7],[37,-137],[18,-32],[272,-1],[-5,39],[3,43],[55,95],[41,39],[42,27],[78,32],[29,49],[16,46],[0,89],[30,35],[91,80],[15,17],[161,-186],[90,-146],[10,-10],[20,18],[112,9],[24,18],[147,262],[46,100],[21,60],[27,114],[161,246],[7,34],[-24,83],[-5,42],[-1,64],[4,101],[-4,84],[-90,181],[227,2],[-8,80],[3,52],[162,-4],[-2,-51],[-20,-120],[1,-72],[-5,-82],[-17,-63],[34,-461],[-12,-47],[1,-22],[75,-50],[34,-66],[147,-219],[23,-90],[-4,-70],[5,-60],[-22,-79],[-10,-104],[8,-54],[64,-1]],[[73018,61765],[5,-261],[3,-227],[-3,-58],[-25,-56],[-23,-30],[-57,-8],[-48,1],[-80,10],[-44,-7],[-16,-25],[-57,-221],[-19,-56],[1,-51],[23,-28],[49,-39],[57,-23],[42,-10],[51,-23],[81,-100],[26,-47],[14,-41],[4,-44],[11,-45],[74,-138],[70,-65],[26,-73],[51,-74],[13,-58],[30,-166],[21,-87],[20,-72],[9,-116],[33,-115],[29,-57],[35,-55]],[[73424,59300],[-133,-238],[-170,-303],[-138,-248]],[[69631,61271],[-34,16],[-43,11],[-83,15],[-33,20],[-16,31],[6,79],[-22,31],[-9,34],[2,42],[44,91],[9,49],[7,170],[4,60],[-3,69],[-35,129],[-30,90],[-49,133],[-20,43],[-99,183],[-35,103]],[[69192,62670],[26,170],[1,47],[-6,48],[-25,36],[-22,4],[-49,66],[-17,39],[-12,57],[9,198],[-6,27],[-26,7],[-18,166],[-16,94],[9,52],[-21,71],[-41,30],[-79,-23],[-43,17],[-17,56],[5,46],[23,85],[28,70],[57,63],[16,34],[8,37],[2,43],[-11,86],[-32,120],[-1,43],[24,69],[29,42],[85,93],[10,21],[-4,26],[-27,50],[-8,98],[-15,68],[30,51],[22,18],[34,16],[13,21],[3,80],[12,29],[16,63],[59,101],[9,47],[3,46],[-12,138],[26,57],[32,48],[47,-4],[74,11],[49,20],[36,-1],[81,-26],[13,48],[0,369],[0,277],[0,277],[0,277],[-1,277],[0,277],[0,277],[0,277]],[[69574,67997],[0,310],[168,0],[168,0],[4,4],[0,310],[0,309],[1,310],[0,309]],[[69915,69549],[261,0],[260,0],[260,0],[261,0],[260,0],[131,0],[261,0],[260,0],[171,0],[17,4],[34,116],[13,8],[22,-6],[8,-28],[-18,-94],[176,0],[223,0],[225,0],[112,0],[223,0],[112,0],[224,0],[224,0],[224,0],[112,0]],[[73971,69549],[3,-141],[16,-113],[52,-162],[44,-87],[16,-48],[-13,-19],[-23,16],[-4,-76],[6,-54],[5,-101],[19,-109],[-14,-100],[3,-170],[23,-204],[-5,-131],[39,-304],[37,-169],[21,-42],[23,-22],[44,-14],[66,-86],[52,-91],[18,-48],[26,-51],[27,23],[17,-42],[82,-91],[13,-42]],[[74564,67071],[-30,-41],[-34,-72],[-26,-87],[-27,-42],[-5,-19],[-53,-37],[-25,7],[-25,-12],[-30,-29],[-20,-3],[-51,-61],[-37,-27],[-13,-23],[-19,-111],[-14,-29],[-56,-3],[-26,-10],[-38,12],[-18,-1],[-4,-23],[-7,-96],[1,-41],[-30,-110],[5,-102],[3,-102],[-30,-152],[-4,-35],[-31,-122],[-15,-44],[-38,-227],[-16,-69],[-32,-73],[15,-246],[18,-298]],[[73852,64743],[-27,-167],[1,-90],[-19,-135],[-15,-62],[-14,-36],[-32,-122],[-18,-111],[-8,-112],[0,-66],[-10,-49],[-98,-26],[-31,-15],[-20,-23],[-25,-54],[-51,-147],[-26,-90],[-41,-123],[-48,-88],[-10,-42],[-7,-79],[-18,-125],[-16,-88],[3,-72],[-16,-124],[3,-60],[-40,-66],[-15,-8],[-33,36],[-35,47],[-48,-57],[-30,-80],[-23,-81],[13,-172],[-8,-79],[-35,-128],[-23,-117],[-14,-135],[0,-32]],[[88670,61870],[-21,-6],[-21,58],[15,17],[8,-39],[19,-30]],[[88638,61510],[10,-47],[-47,59],[32,-3],[5,-9]],[[88675,61983],[67,-2],[25,-8],[42,-96],[115,-171],[61,-174],[15,-71],[28,-24],[61,-168],[8,-34],[3,-64],[36,-20],[13,-26],[17,-134],[5,-60],[78,-208],[6,-62],[15,-36],[24,-100],[12,-22],[14,-87],[1,-167],[-5,-74],[-15,-90],[-17,-88],[-19,-64],[-26,-54],[-88,-114],[-24,-23],[-115,-72],[-84,-68],[-78,-18],[-78,37],[-59,90],[-30,131],[-20,137],[-30,152],[-23,469],[-11,131],[-17,167],[1,73],[12,69],[0,-152],[21,1],[8,158],[6,66],[31,174],[-4,129],[46,122],[12,71],[6,73],[-2,78],[-9,77],[38,-25],[42,-44],[37,9],[-15,42],[-43,39],[-72,24],[-23,31],[-9,27],[10,43]],[[61938,79905],[-64,-1],[11,61],[20,-35],[33,-7],[0,-18]],[[62467,80599],[33,-20],[34,18],[37,-16],[4,-39],[-16,-44],[-41,-93],[-16,-56],[-59,-53],[-59,42],[-35,10],[-10,15],[-8,62],[-38,29],[-46,-48],[-14,32],[-22,6],[-8,46],[141,149],[41,33],[87,39],[14,-50],[-19,-62]],[[62859,80631],[-6,-7],[-106,72],[-42,19],[4,54],[70,7],[57,-26],[33,-84],[-10,-35]],[[61887,80058],[-12,-38],[-52,14],[-11,15],[11,43],[15,5],[1,31],[16,31],[73,24],[17,-20],[4,-30],[-45,-67],[-17,-8]],[[60782,82846],[15,-52],[43,-26],[53,-9],[20,-17],[-3,-57],[-21,-48],[18,-21],[20,0],[17,37],[12,-24],[120,-68],[58,-6],[8,-18],[53,-69],[35,0],[62,16],[55,-48],[33,-37],[83,19],[18,-16],[42,5],[48,-9],[39,2],[7,69],[15,27],[23,-4],[84,-37],[68,-40],[48,-14],[27,-60]],[[61882,82341],[-5,-29],[5,-54],[19,-17],[34,14],[41,29]],[[61976,82284],[76,-48],[20,-42],[16,-3],[57,42],[125,-46],[29,-4],[6,33],[76,39],[27,7],[62,-23],[20,0]],[[62490,82239],[9,-39],[17,-15],[7,-34],[-48,-20],[-6,-58],[30,-50],[3,-86],[-34,-52],[-49,-58],[-236,-187],[-57,-90],[-21,-21],[-176,-57],[-123,-61],[-59,-22],[-74,-106],[-34,-42],[27,-13],[32,-50],[-11,-23],[-67,-45],[-22,1],[-79,-184],[-70,-131],[-40,-58],[-40,-85],[-86,-222],[-1,-63],[42,-220],[25,-58],[34,-49],[64,-41],[16,-41],[-22,-39],[-64,-68],[-112,-94],[-48,-74],[-11,-71],[-32,-31],[-13,-99],[-23,-88],[-21,-51],[-3,-35],[34,-51],[-34,-30],[-39,-6],[-133,-7],[-107,-108],[-54,-96],[-48,-178],[-58,-105],[-27,-19],[-40,46],[-50,7],[-49,-15],[-25,-37],[-40,-20],[-39,17],[-85,10],[-37,-2],[-59,-30],[-50,20],[-85,10],[-184,-23],[-23,-12],[-23,-44],[-59,-76],[-89,-3],[-81,-49],[-19,-30],[-34,-86],[-11,-63],[-28,10],[-7,-48],[-30,-22],[-26,-8],[-61,39],[-53,59],[-27,3],[-44,91],[-19,58],[-14,62],[-1,43],[-39,25],[-9,57],[28,74],[-23,-10],[-33,77],[-134,148],[-99,9],[-78,-18]],[[58869,78978],[-34,252],[21,89],[21,36],[30,74],[37,62],[55,24],[14,48],[3,45],[-45,-8],[-81,172],[13,68],[8,91],[21,35],[32,35],[27,50],[14,48],[3,45],[-16,31],[-44,17],[-45,127],[-10,79],[-38,43],[-31,79],[28,11],[115,1],[28,20],[21,52],[21,87],[6,52],[-8,22],[-38,53],[5,41],[53,57],[17,27],[-13,42],[10,151],[-13,139],[-24,81],[15,33],[36,29],[29,66],[43,55],[56,45],[38,49],[26,48],[-10,43],[-22,26],[-29,13],[-51,6],[-6,19],[0,106],[-20,42],[-29,-5],[-44,18],[-11,-12],[-56,4],[-40,19],[-17,-16],[-4,-37],[-21,-19],[-46,-20],[-37,1],[-62,33],[-69,-11],[-8,8],[-59,-43],[-27,4],[-18,47],[4,19],[28,57],[-28,71],[-111,-39],[-49,-38],[-32,-42]],[[58401,81935],[-34,4],[-4,98],[67,105],[-42,7],[2,30],[27,48],[-28,36],[4,81],[-4,25],[-60,-34],[-16,5],[0,43],[33,64],[4,20],[-39,10],[-30,32],[-37,69],[0,37],[20,85],[52,41],[52,59],[71,-11],[44,13],[39,30],[59,33],[-1,36],[-13,27],[11,24],[86,72],[52,7],[53,36],[35,-22],[31,7],[36,-27],[46,-63],[69,-26],[55,20],[96,4],[49,-8],[86,16],[48,-6],[81,31],[61,-38],[120,-19],[71,-32],[199,-53],[72,-1],[101,30],[43,23],[39,-13],[58,25],[28,-5],[36,-37],[127,-50],[33,42],[25,10],[91,-26],[92,-53],[48,-4],[70,15],[67,39]],[[55823,73513],[-28,-141],[-27,-56],[-16,-18],[-39,-16],[-47,88],[-24,90],[-13,28],[21,23],[31,-4],[80,27],[68,90],[66,11],[1,-30],[-73,-92]],[[56716,73844],[-23,-41],[-26,14],[12,90],[13,27],[47,38],[39,16],[11,42],[13,16],[14,-25],[-10,-28],[-9,-90],[-26,-29],[-55,-30]],[[56552,73383],[-46,-71],[-46,16],[38,30],[42,54],[27,118],[42,131],[9,56],[17,21],[33,-2],[11,-29],[-1,-66],[-12,-109],[-22,-97],[-92,-52]],[[56142,73369],[-3,-48],[8,-48],[-2,-73],[-16,-40],[-41,-40],[-34,7],[-18,17],[-33,64],[-1,66],[30,43],[14,56],[78,-10],[18,6]],[[55533,73291],[-30,10],[-18,49],[23,54],[15,-2],[29,-28],[10,-45],[-29,-38]],[[55293,73160],[-33,-102],[-41,38],[-19,34],[40,3],[41,51],[12,-24]],[[55311,73583],[-56,166],[24,53],[45,1],[18,-37],[7,-39],[-9,-22],[-2,-74],[-27,-48]],[[104587,79352],[11,11],[0,73],[30,39],[87,162],[27,27],[27,13],[43,5],[82,-5],[72,9],[54,-12],[46,5],[45,32],[18,35],[19,67],[21,52],[11,10]],[[105180,79875],[84,-278],[79,-179],[69,-131],[97,-250],[28,-134],[2,-83],[16,-114],[-14,-65],[5,-103],[-6,-53],[-12,-39],[-1,-75],[5,-93],[18,-28],[39,27],[-3,-64],[-27,-161],[-22,-118],[-31,-103],[-39,-94],[-47,-36],[-33,-13],[-63,-5],[-52,16],[-45,-12],[-18,-19],[-13,-34],[10,-52],[-2,-38],[-19,3],[-38,22],[-42,3],[-20,11],[-20,55],[-20,-2],[-36,-32],[-53,-8],[-26,-40],[7,-28],[28,-38],[-9,-38],[-29,-20],[-22,47],[-15,46],[-41,-10],[-4,-50],[30,-73],[-26,-46],[-8,-32],[-19,-22],[-51,51],[7,36],[23,35],[2,37],[-7,22],[-74,-92],[-45,-105],[-25,8],[-24,38],[-49,-68],[-9,-53],[-18,-2],[-8,22],[0,49],[-9,41],[-51,59],[-23,52],[12,29],[43,-16],[34,2],[-7,25],[30,53],[-15,8],[-24,-17],[-20,9],[-7,67],[-24,71],[-13,68],[24,38],[34,149],[11,28],[30,21],[11,22],[-44,22],[1,25],[39,42],[39,34],[12,64],[-35,31],[11,72],[-48,80],[5,43],[-4,65],[2,85],[-14,67],[-7,67],[-34,-26],[-54,24],[-17,1],[-7,50],[20,61],[46,55],[26,7],[19,23],[32,8],[37,-37],[33,-8],[18,-63],[41,37],[1,32],[-31,11],[-28,79],[-14,57],[15,63],[-32,72],[-16,22],[3,65],[-27,64],[-5,39],[24,40]],[[105306,77499],[-33,-38],[-43,51],[-10,29],[32,41],[29,48],[18,3],[7,-134]],[[105076,77504],[-5,-60],[-24,-4],[-14,39],[-24,-19],[-11,49],[-2,38],[28,28],[42,-26],[10,-45]],[[104451,77234],[-22,-10],[-21,27],[5,28],[35,56],[7,19],[33,-12],[12,-29],[-15,-45],[-34,-34]],[[104548,79324],[-1,-82],[-32,12],[-19,92],[15,31],[28,-25],[9,-28]],[[104627,77217],[6,-29],[-27,5],[-15,28],[18,28],[18,-32]],[[104513,78552],[-5,-41],[-22,27],[-7,88],[23,-26],[11,-48]],[[104429,77458],[-19,-11],[-21,77],[-16,18],[24,30],[31,-53],[1,-61]],[[106048,79164],[-16,-19],[-19,19],[8,36],[22,11],[10,-16],[-5,-31]],[[104482,76521],[-29,-5],[-26,60],[12,35],[47,57],[122,56],[22,2],[48,-23],[11,-45],[-21,-64],[-55,-43],[-44,-20],[-87,-10]],[[72066,41978],[4,-48],[41,-215],[39,-282],[-1,-91],[5,-35],[20,-44],[24,-75],[17,-75],[25,-61],[21,-92],[17,-121],[20,-87],[6,-53],[-1,-110],[1,-388],[-2,-60],[2,-169],[-22,-88],[3,-70],[6,-44]],[[72347,39222],[30,4],[53,-17],[182,7]],[[72612,39216],[-14,-143],[-48,-225],[-17,-103],[-42,-367],[-54,-186],[-31,-77],[-88,-135],[-46,-45],[-39,-16],[-150,-274],[-57,-131],[-50,-193],[-50,-105],[-73,-226],[-65,-174],[-63,-159],[-108,-218],[-48,-64],[-32,-29],[-87,-126],[-120,-204],[-94,-182],[-138,-204],[-80,-90],[-121,-177],[-33,-26],[-136,-165],[-98,-99],[-158,-116],[-63,-32],[-150,30],[-62,-17],[-53,-69],[-5,-100],[-22,-15],[-32,4],[-106,42],[-57,-8],[-32,-54],[-27,-68],[-80,-3],[-140,70],[-166,43],[-38,5],[-80,-53],[-28,-7],[-117,11],[-65,33],[-62,0],[-47,-27],[-58,-10],[-155,-188],[-81,0],[-69,-22],[-35,1],[-64,26],[-61,-13],[-37,-34],[-83,-14],[-32,-28],[-142,-173],[-58,19],[-73,2],[-83,91],[-32,-6],[8,28],[3,49],[-29,50],[-33,-3],[-18,41],[-49,4],[-42,-12],[-1,109],[-6,49],[-34,23],[-60,-9],[-24,-51],[0,-111],[-18,32],[-20,67],[-6,70],[7,84],[37,32],[-3,57],[-8,49],[-58,183],[-36,40],[-27,94],[-29,34],[-11,65],[-28,53],[-9,83],[15,49],[24,25],[25,-41],[30,16],[42,60],[26,92],[1,146],[-6,91],[-34,236],[-16,54],[-77,170],[-89,226],[-113,356],[-54,214],[-81,433],[-72,245],[-88,228],[-11,15]],[[67005,38118],[13,28],[47,53],[44,21],[11,36],[8,81],[22,85],[20,36],[42,24],[32,-31],[13,-32],[6,-41],[14,-20],[22,1],[16,-25],[10,-52],[-2,-37],[-13,-24],[2,-30],[16,-39],[18,-84],[85,-43],[49,-6],[46,-21],[43,-38],[71,-9],[99,20],[81,-9],[64,-37],[46,-6],[29,22],[13,34],[-5,44],[15,27],[32,12],[26,32],[19,54],[45,44],[71,35],[35,-2],[0,364],[0,276],[0,277],[0,276],[0,276],[0,276],[0,276],[0,261]],[[68210,40503],[124,-157],[29,-73],[15,-46],[46,-168],[34,-150],[29,-113],[7,-155],[-20,-62],[-44,-111],[-2,-86],[7,-100],[15,-49],[19,-16],[44,24],[68,-27],[131,12],[66,-13],[31,29],[17,61],[15,20],[61,26],[27,34],[44,119],[86,106],[27,24],[31,67],[53,244],[7,52],[21,85],[24,54],[25,29],[43,22],[40,14],[42,-16],[45,-32],[51,-56],[76,-104],[26,-15],[77,-5],[46,-68],[24,-4],[119,-42],[41,2],[44,37],[73,-1],[45,10],[34,16],[48,67],[25,105],[15,84],[23,96],[28,132],[10,91],[10,25],[75,48],[91,35],[18,19],[18,43],[39,74],[74,96],[52,333],[34,78],[21,34],[13,0],[43,62],[30,25],[34,10],[21,27],[11,45],[17,21],[25,-1],[14,14],[4,30],[15,25],[27,21],[13,26],[2,28],[31,71],[63,112],[58,62],[55,13],[52,23],[49,34],[37,53],[22,72],[40,41],[80,12]],[[71196,37196],[56,39],[67,75],[16,135],[36,51],[15,32],[18,78],[14,76],[1,31],[-31,111],[-42,33],[-76,97],[-33,66],[-46,54],[-32,66],[-54,-21],[-81,-53],[-50,-49],[-43,-58],[-77,-41],[-70,-184],[-24,-42],[-34,-94],[-22,-40],[-68,-50],[-14,-40],[26,-109],[38,-109],[39,-89],[-2,-55],[14,-42],[34,-30],[20,-30],[40,-81],[29,-36],[91,-27],[13,8],[25,66],[3,46],[13,25],[47,119],[26,44],[37,11],[50,2],[31,15]],[[74307,26737],[-15,-11],[-69,10],[-7,23],[32,53],[36,-9],[33,-39],[-10,-27]],[[75561,54837],[1,51],[-5,25],[-93,218],[-93,218],[0,349],[-1,524],[-2,524],[0,523],[-1,368],[4,18],[125,223],[92,241],[93,240]],[[75681,58359],[10,34],[37,66],[70,40],[43,6],[149,50],[22,20],[13,23],[12,52],[29,73],[38,51],[71,65],[85,66],[138,59],[130,-12],[185,-20],[9,8],[67,130],[170,339],[103,205],[166,310],[85,149],[102,180],[165,288],[179,315]],[[77759,60856],[101,277],[117,323],[109,303],[1,221],[0,389],[0,512]],[[78087,62881],[42,8],[111,44],[86,68],[160,48],[122,123],[21,60],[36,75],[54,25],[136,-89],[22,-6],[-13,-108],[-28,-95],[-17,-105],[12,-161],[7,-261],[-3,-38],[-24,-100],[43,29],[1,46],[36,-35],[24,-14],[6,-56],[-40,11],[-20,17],[-59,-28],[-36,-31],[-11,-51],[-8,-205],[-14,-132],[-3,-176],[-48,-116],[-16,-82],[-71,-163],[-37,-141],[-12,-68],[-63,-193],[-85,-146],[-31,-189],[-31,-118],[-34,-107],[-76,-190],[-38,-133],[-49,-230],[-14,-145],[-137,-422],[-142,-336],[-88,-283],[-158,-329],[-216,-423],[-282,-503],[-77,-103],[-309,-310],[-200,-261],[-103,-177],[-107,-154],[-86,-146],[-257,-496],[-52,-90],[-33,-84],[-22,-33],[-61,-142],[-39,-73],[-43,-72],[-19,-52],[-12,-59],[-15,-33],[-38,-141],[-34,-92],[-34,-72]],[[77759,60856],[-116,0],[-225,0],[-20,18],[-213,129],[-252,155],[-227,134],[-200,120],[-96,58],[-13,14],[-124,204],[-14,2],[-33,24],[-30,63],[-32,80],[-29,100],[-12,68],[-39,29],[-18,54],[-35,79],[-24,38],[-20,104],[-20,76],[-19,47],[-3,33],[35,104],[35,71],[20,60]],[[76035,62720],[110,311]],[[76145,63031],[67,-95],[64,-193],[76,-157],[104,-144],[42,-49],[36,-27],[190,5],[135,132],[122,96],[41,19],[71,-26],[78,-7],[70,-29],[36,7],[139,111],[88,109],[60,46],[23,0],[81,-39],[105,17],[143,94],[46,19],[35,1],[77,-42],[13,2]],[[115861,50606],[-16,-9],[-24,23],[-11,21],[5,32],[14,13],[16,-22],[16,-58]],[[118331,48645],[-42,-7],[-20,53],[15,13],[22,-5],[6,-32],[19,-22]],[[118060,49209],[-28,-11],[-29,-2],[-22,-46],[-29,6],[-10,36],[16,15],[8,36],[17,18],[39,8],[47,-20],[-9,-40]],[[116164,48563],[-24,-21],[-38,27],[-13,47],[-30,30],[-40,13],[-22,30],[-29,10],[-8,25],[8,41],[26,-13],[127,-126],[43,-63]],[[116495,49912],[2,-89],[-26,48],[-11,-17],[-12,23],[3,104],[-5,41],[1,50],[48,-160]],[[115691,50224],[-40,8],[-12,22],[14,31],[18,20],[33,-23],[2,-40],[-15,-18]],[[116025,50303],[29,-7],[53,-83],[-13,-25],[-35,11],[-5,25],[-27,24],[-24,2],[-3,30],[25,23]],[[115205,50771],[21,-51],[24,-113],[-4,-39],[-17,-2],[-6,-25],[-24,55],[-31,15],[-23,34],[-10,109],[-19,7],[-52,-11],[-17,-36],[-24,12],[-5,32],[4,32],[32,31],[6,41],[32,69],[19,12],[37,-25],[5,-99],[13,-32],[39,-16]],[[115354,50411],[-16,23],[19,66],[15,-74],[-18,-15]],[[115322,50497],[-34,-49],[-24,16],[-20,42],[10,64],[20,14],[11,22],[36,-18],[9,-12],[-21,-31],[13,-48]],[[115077,50478],[-19,9],[-41,83],[7,29],[38,54],[12,7],[10,-33],[-9,-50],[-12,-13],[-5,-46],[19,-40]],[[114838,50969],[-7,-8],[-19,43],[0,38],[-35,61],[-3,42],[20,41],[27,-24],[27,-52],[31,-16],[-6,-35],[-29,-61],[-6,-29]],[[114809,50815],[-22,61],[4,63],[7,8],[14,-85],[-3,-47]],[[115003,50855],[-8,-10],[-37,4],[-28,63],[0,48],[22,44],[27,7],[15,-17],[13,-36],[5,-46],[-9,-57]],[[114548,51482],[-34,-15],[-21,21],[9,46],[12,25],[43,-44],[-9,-33]],[[115164,50451],[-20,-16],[-44,33],[-1,15],[43,1],[22,-33]],[[115882,50131],[76,-100],[32,10],[99,-3],[58,-71],[34,-32],[19,-64],[24,-15],[14,-32],[8,-59],[-35,-32],[-22,-9],[-58,21],[-54,46],[-109,5],[-50,13],[-34,41],[-25,55],[-21,65],[-5,111],[7,26],[20,26],[22,-2]],[[115926,50589],[-45,38],[-35,64],[-99,69],[-22,35],[-17,5],[-51,58],[-50,38],[-38,71],[-18,13],[-31,54],[-31,37],[-11,67],[-30,46],[-7,20],[95,-37],[43,-73],[38,-41],[13,-30],[34,-42],[30,-4],[30,-40],[28,-12],[21,-21],[141,-185],[-17,-50],[19,-35],[10,-45]],[[115110,51337],[11,-22],[-26,-37],[-35,20],[-8,32],[-25,-7],[-48,18],[-68,90],[-70,167],[-69,93],[-13,28],[-1,48],[8,19],[43,-21],[55,-76],[90,-79],[25,-41],[16,-98],[15,-28],[49,-75],[51,-31]],[[116223,50727],[85,-186],[-3,-33],[-12,-20],[-4,-63],[11,-23],[24,-11],[39,-67],[15,-81],[2,-25],[16,-36],[0,-79],[38,-107],[3,-52],[-19,-9],[-44,122],[-51,52],[-6,23],[-52,71],[-35,120],[-37,213],[18,50],[-42,104],[2,28],[30,-5],[22,14]],[[116553,49439],[43,-36],[24,5],[38,-24],[27,13],[18,-32],[45,-126],[4,-76],[-34,14],[-26,-10],[-28,25],[-47,13],[-40,29],[-85,94],[0,46],[-13,23],[-4,58],[-31,18],[-35,4],[-3,27],[6,48],[27,0],[32,-20],[82,-93]],[[68943,85949],[-7,-7],[-117,-34],[-16,5],[-30,45],[-24,48],[-38,35],[-23,1],[-64,-27],[-44,-3],[-68,24],[-77,3],[-52,-14],[-53,-144],[-149,-102],[-93,57],[-20,-6],[-24,-32],[-10,-32],[-68,-23],[-120,-14],[-42,-31],[-14,-38],[9,-54],[-18,-41],[-197,-15],[-131,5],[-44,25],[-52,48],[-56,64],[-58,9]],[[67243,85701],[-21,21],[-6,27],[-32,72],[-37,117],[-1,33],[27,68],[4,30]],[[67177,86069],[11,49],[26,65],[43,49],[37,-11],[64,-9],[48,9],[45,28],[63,77],[37,15],[12,18],[8,71],[18,49],[69,49],[18,33],[61,63],[53,1],[28,11]],[[67818,86636],[36,-8],[10,-63],[62,2],[35,69],[17,8],[47,46],[14,-13],[51,-106],[49,-22],[5,-63],[-11,-40],[15,-8],[40,18],[48,-25],[16,56],[20,28],[68,43],[59,-3],[27,7],[39,-14],[24,-26],[50,-7],[18,15],[27,48],[93,7],[99,-11],[24,-18],[61,-24],[26,-28],[18,-55],[62,-35],[92,-45],[23,-5]],[[67028,84766],[-67,22],[-28,-32],[5,-59],[-8,-10],[-42,6],[-14,-7],[-22,-41],[-74,-44],[-51,-21],[-13,-56],[24,-38],[0,-89],[-14,-44],[-58,-23],[-61,-40],[26,-45],[-21,-30],[0,-44],[16,-46],[-32,-16],[-46,5],[-53,31],[-37,-20],[-38,25],[-43,63],[-25,22],[-36,-86],[-20,-16],[-30,4],[-68,-6],[-31,20],[-19,-37],[-20,-13],[-90,30],[-13,24]],[[66025,84155],[49,44]],[[66074,84199],[43,4],[10,14],[-15,40],[-37,50],[-48,32],[-4,14],[15,79],[-36,8],[-7,40],[44,58],[5,27],[-48,25],[-31,5],[-7,23],[7,35],[56,61],[39,29],[8,36]],[[66068,84779],[44,-6],[65,-18],[27,-13],[137,-28],[16,-11],[16,23],[55,40],[28,50],[55,29],[74,10],[76,-8],[36,15],[30,27],[46,8],[64,-20],[8,17],[-1,59],[40,38]],[[66884,84991],[65,-3],[8,-19],[9,-65],[17,-26],[-1,-25],[46,-87]],[[96857,56716],[-51,-40],[-59,37],[19,60],[39,15],[31,-19],[29,-31],[-8,-22]],[[57887,61159],[-11,-108],[-15,-77],[-10,-19],[-43,-20],[-19,-33],[-26,-194],[-15,-14],[-64,-123],[-41,-47],[-29,-40],[-28,-52],[-35,-51],[-37,-86],[-26,-89],[-19,-28]],[[57469,60178],[-13,26],[-64,88],[-67,59],[-141,98],[-48,27],[2,36],[16,63],[-27,75],[11,54],[-11,0],[-20,-32],[-44,9],[-28,47],[-24,17],[-10,24],[-15,123],[-11,56],[-21,34],[-44,9],[-18,75],[-24,59],[3,36],[20,-3],[15,-26],[26,-11],[30,64],[28,34],[-14,20],[-46,7],[-11,-23],[-21,-7],[-16,74],[8,91],[46,8],[4,16],[-32,10],[-40,55],[-8,39]],[[56860,61509],[21,13],[35,-14],[35,35],[10,27],[14,72],[43,24],[26,45],[24,69],[33,115],[10,21],[19,98],[26,22],[51,20],[46,-34],[75,29],[4,44],[217,2],[24,-11],[8,-33],[22,-51],[24,-35],[61,-168],[37,-81],[23,-44],[1,-33],[-21,-87],[8,-24],[38,-15],[3,-118],[18,-65],[18,-47],[-1,-18],[-43,-80],[-17,-81],[-11,-40],[52,-12],[21,28],[35,74],[12,9],[26,-6]],[[57122,60507],[-5,-16],[-22,40],[-118,60],[33,32],[82,9],[35,-33],[4,-30],[-9,-62]],[[80338,52975],[1,-57],[-16,19],[-5,37],[-33,53],[25,32],[28,-84]],[[69139,83361],[-27,-27],[-10,-74],[-60,-42],[-19,-90],[1,-51],[9,-46],[27,-65],[9,-52],[19,-39],[72,-62],[31,-64],[40,-40],[-12,-56],[-48,-70],[-32,-62],[-50,-4],[-32,-22],[-9,-31],[9,-26],[-10,-76],[12,-53],[18,-25],[0,-38],[-35,-70],[-26,-9]],[[69016,82167],[-36,27],[-64,-33],[-50,10],[-31,-11],[-26,-22],[-41,-16],[-19,3]],[[68749,82125],[-15,51],[31,36],[3,22],[38,107],[8,47],[-31,7],[-92,43],[4,50],[-57,51],[-5,26],[-56,84],[-31,16],[-42,35],[-7,41],[-20,12],[-48,-37],[-5,-13],[16,-49],[-11,-40],[-51,-50],[-2,-60],[-43,-19]],[[68333,82485],[-1,41],[-24,27],[-34,20],[-77,70],[-56,18],[-78,63],[-46,82],[-67,66],[-9,52]],[[67941,82924],[21,31],[36,6],[31,-20],[15,51],[-3,37],[-42,88],[-40,75],[20,18],[49,-10],[35,5],[11,35],[-83,114],[-37,34],[-27,13],[-11,36],[4,77],[7,27],[48,105],[22,101],[-15,24],[-26,10],[-78,-28]],[[67878,83753],[18,26],[13,39],[-12,102],[48,19],[62,3],[5,25],[-24,34],[-20,6],[-61,37],[-31,39],[2,41],[16,38],[-34,19],[-13,27],[10,34],[-18,69],[-19,42],[18,19],[5,41]],[[67843,84413],[38,18],[24,35],[20,-18],[45,9],[61,53],[25,42],[28,9],[79,-15],[31,10],[77,-13],[27,-20]],[[68298,84523],[40,-83],[76,-65],[25,-57],[19,-27],[22,9],[-3,-94],[10,-81],[26,-25],[24,-38],[28,-28],[43,-18],[26,-32],[70,-30],[21,-27],[-24,-72],[-22,-26],[18,-21],[42,-24],[-4,-23],[-47,-7],[-8,-27],[56,-23],[25,-21],[13,-28],[36,-19],[57,-9],[40,-29],[23,-48],[37,12],[51,72],[50,18],[50,-35],[26,-27],[-7,-32],[-27,5],[-23,-14],[-17,-32],[-3,-33],[12,-36],[52,-56],[8,-31]],[[57206,65086],[32,-100],[-14,-117],[18,-52],[21,-32],[32,-73],[3,-84],[-3,-60],[20,-62],[-8,-54],[-20,-34],[-4,-62],[33,-76],[22,-41],[5,-50],[16,-31],[9,8],[16,41],[42,-15],[18,-49],[12,-75],[35,-88],[18,-53],[-9,-69],[1,-35],[-10,-92],[-1,-59],[22,-33],[-3,-46]],[[57509,63593],[-62,14],[-80,-25],[-28,10],[-52,-3],[-37,-14],[-48,-30],[-37,7],[-19,25],[-27,-2],[-29,13],[-32,22],[-29,12],[-30,42],[-15,8],[-27,-34],[-17,8],[-7,28],[7,49],[-8,12],[-49,4],[-61,14],[-110,7]],[[56712,63760],[-212,1],[-122,1],[-167,2],[-129,-118],[-90,-33],[-104,13],[-33,-9],[-60,-47],[-35,-12],[-47,10],[-19,-6]],[[55694,63562],[-25,73],[9,33],[71,49],[35,-15],[-2,27],[-32,24],[-17,33],[-13,-19],[-12,-39],[-25,-23],[-11,53],[6,20],[-3,112],[4,60],[-2,53]],[[55677,64003],[39,55],[143,4],[135,-2],[6,104],[54,19],[127,26],[14,20],[18,66],[14,13],[43,-27],[25,-25],[95,-75],[80,-51],[65,-21],[136,62],[8,45],[-9,44],[-43,40],[-58,-4],[-61,-30],[-27,9],[-35,35],[-21,35],[-67,33],[-58,72],[-30,13],[-29,4],[-54,-14],[-54,-39],[-29,-88],[-272,7],[-86,-6]],[[55746,64327],[-9,64],[-21,50],[-33,43],[-7,40],[11,35],[32,29],[-10,18],[-25,-19],[-17,-1],[-2,55],[-28,72],[-32,121],[-36,49],[-30,98],[-32,38],[-29,18],[-25,-4],[-8,-45],[-32,65],[42,22],[91,81],[104,231],[93,274],[12,64]],[[55755,65725],[11,49],[7,112],[14,66],[13,13],[15,51],[19,90],[22,50],[24,9],[19,-4],[13,-19],[39,-11],[65,-4],[51,13],[35,31],[47,16],[57,0],[31,13],[3,26],[31,2],[10,18],[21,-14],[49,-6],[86,7],[80,-47],[74,-101],[37,-66],[3,-34],[11,-33],[22,-35],[20,-6],[19,22],[13,-3],[11,-26],[21,-5],[23,16],[17,-6],[6,-23],[26,-23],[22,-54],[17,-74],[13,-95],[18,-52],[22,-9],[12,-20],[9,-38],[29,-3],[22,-32],[23,-70],[2,-61],[30,-35],[12,-34],[26,-31],[39,-26],[29,-40],[17,-54],[44,-49]],[[73981,71653],[-9,0],[-52,93],[-66,42],[20,12],[54,-38],[61,-83],[-8,-26]],[[75715,66270],[25,54],[38,-58],[-1,-70],[-20,14],[-12,33],[-38,-11],[-22,19],[-33,58],[-9,42],[29,29],[19,63],[11,-36],[0,-116],[13,-21]],[[75993,66056],[-4,50],[-20,74],[-1,52],[-10,51],[-17,40],[-33,42],[-3,57],[-23,55],[-31,45],[-18,84],[-13,111],[-82,145],[-103,135],[-32,75],[-51,154],[-26,122],[-69,141],[-3,54],[-10,65],[-25,131],[-70,254],[-22,40],[-19,57],[-12,68],[-48,41],[-45,107],[-138,168],[-67,17],[-53,61],[-39,79],[-42,136],[-73,147],[-62,209],[19,76],[-1,54],[-20,90],[-20,69],[-15,66],[12,94],[4,106],[13,56],[9,62],[-12,123],[-21,67],[2,44],[-23,22],[-19,47],[19,0],[-35,67],[-13,37],[-14,90],[-18,69],[-56,157],[-26,96],[-60,123],[-65,92],[-41,41],[-20,38],[-34,1],[-36,54],[-58,11],[-39,103],[-31,98],[-54,127],[29,87],[-16,118],[-24,87],[-78,218],[-20,32],[-33,36],[-21,94],[-9,85],[-53,41],[-93,304],[-53,106],[-21,71],[-61,118],[-31,118],[-62,107],[-53,187],[-83,187],[-35,32],[-85,14],[-37,13],[-32,-41],[-3,52],[22,73],[33,150],[6,133],[53,393]],[[73316,74118],[132,-37],[231,-64],[17,6],[140,183],[77,209],[18,21],[243,81],[8,10],[48,187],[13,22],[106,94],[-111,204],[-60,111],[-177,301],[181,83],[211,96],[291,133],[11,8],[51,73]],[[74746,75839],[191,-51],[111,-30],[116,-35],[37,-27],[112,-105],[159,-147],[179,-166],[94,-87],[165,-226],[102,-138],[199,-255],[225,-289],[201,-259],[9,-5],[267,-39],[293,-42],[59,20]],[[77265,73958],[155,-31],[153,-35],[30,-94],[21,-130],[31,-60],[262,7]],[[77917,73615],[19,-59],[9,-58],[35,-138],[50,-108],[12,-39],[8,-59],[-12,-48],[38,-59],[61,-50],[52,-35],[-22,-34],[36,-79],[42,-80],[46,-18],[61,-122],[92,-79],[55,-103],[-41,23],[-7,-13],[7,-94],[54,-76],[10,-60],[-21,-129],[-20,11],[-22,-5],[17,-92],[17,-71],[20,-57],[17,-83],[14,-35],[60,-88],[18,-73],[17,-136],[37,-77],[20,-59],[27,-49]],[[78723,71284],[17,-68],[25,-53],[13,-13],[44,-6],[59,26]],[[78881,71170],[24,-26],[25,4],[2,-24],[-17,-34],[-20,-85],[88,-33]],[[80217,69989],[74,-209],[82,-228],[-50,-269],[-61,-343],[-75,-413],[-40,-220],[-213,-129],[-176,-107],[-176,-107],[-235,-142],[-224,-136]],[[63927,56863],[-13,-16],[-15,13],[-4,25],[28,59],[13,-42],[-9,-39]],[[63666,55964],[-35,-45],[-13,12],[-8,31],[-9,69],[3,32],[16,38],[35,37],[20,3],[22,-49],[0,-52],[-31,-76]],[[65653,83153],[-20,-5],[-10,25],[15,29],[25,-18],[-10,-31]],[[2615,47527],[38,-58],[15,-78],[-16,-74],[-36,18],[-53,-15],[-17,5],[-42,91],[-29,41],[-12,39],[37,-5],[55,25],[60,11]],[[2915,47166],[-93,0],[-47,28],[-17,1],[-39,58],[-6,31],[21,20],[43,11],[87,-44],[13,-40],[20,-4],[16,-18],[2,-43]],[[40529,64060],[-10,-9],[-25,42],[3,48],[30,43],[14,1],[5,-40],[-3,-56],[-14,-29]],[[40624,64473],[-19,-65],[-37,41],[-4,51],[3,31],[40,98],[13,12],[7,-51],[-3,-117]],[[40066,66522],[-17,-13],[-14,18],[3,43],[27,-18],[1,-30]],[[40033,66596],[-9,-10],[-16,38],[-25,10],[-22,23],[16,39],[27,-30],[29,-70]],[[71816,54399],[-24,15],[-26,39],[-46,-22],[-14,1],[-31,-42],[-17,2],[-40,46],[-15,-2],[-6,-129],[-7,-72],[-8,-33],[-29,-30],[-29,-18],[-105,-9],[-14,11],[-18,74],[-33,32],[-33,16],[-13,-5],[-13,-38],[-4,-35]],[[71291,54200],[-32,24],[-10,29],[0,50],[-12,67],[7,29],[38,54],[40,50],[14,63],[-6,169],[23,86],[53,126],[17,6],[59,75]],[[108183,90107],[-41,-108],[-30,-2],[-23,23],[-46,-9],[10,40],[68,51],[62,5]],[[112758,92540],[-27,-7],[-14,29],[41,27],[26,39],[21,-41],[-47,-47]],[[102413,101278],[-86,-28],[-74,1],[-51,49],[41,19],[108,1],[62,-42]],[[103874,101750],[-61,16],[-10,33],[72,4],[36,-29],[-37,-24]],[[97641,104456],[-84,8],[12,28],[100,5],[36,42],[63,-3],[26,-44],[-73,-2],[-80,-34]],[[98032,103857],[-50,29],[33,36],[78,-11],[29,-38],[-90,-16]],[[94429,103209],[-38,36],[46,61],[61,-33],[-27,-41],[-42,-23]],[[95549,105330],[-76,-8],[14,55],[118,-12],[-56,-35]],[[87575,101500],[-34,-5],[-145,24],[-51,29],[57,20],[173,-68]],[[89605,101900],[-33,-21],[-79,26],[-18,20],[67,19],[63,-44]],[[90304,102129],[-16,-37],[-96,19],[-14,15],[99,36],[27,-33]],[[90950,102453],[29,-11],[90,18],[42,-33],[-67,-67],[-80,11],[-104,1],[-45,26],[25,29],[110,26]],[[81625,106380],[-73,-8],[-129,13],[-29,29],[150,24],[70,-20],[11,-38]],[[68,98701],[70,-20],[42,4],[66,-55],[138,-44],[63,-49],[-21,-10],[20,-70],[153,-49],[50,-27],[27,-63],[33,-22],[43,31],[-23,26],[-144,87],[12,14],[193,-111],[53,-43],[-21,-43],[62,13],[81,-44],[90,-34],[533,-274],[36,-98],[2,-46],[-49,-56],[75,6],[53,44],[51,-55],[-6,-49],[-21,-41],[-2,-68],[18,-58],[34,-52],[4,-83],[-33,-36],[-19,-64],[85,-11],[59,-41],[28,-103],[19,-15],[54,64],[42,14],[22,-57],[-16,-95],[57,51],[43,76],[-50,55],[-62,11],[-32,25],[-13,32],[59,36],[19,55],[-28,102],[-23,24],[-44,13],[-20,23],[-72,15],[36,25],[192,2],[70,24],[63,-25],[114,-23],[-56,-71],[-8,-64],[59,8],[-19,65],[29,19],[62,-36],[110,-10],[20,33],[-143,34],[-2,20],[132,-24],[118,-38],[83,5],[80,-25],[77,-71],[72,-88],[72,-53],[75,-38],[155,-130],[78,-30],[19,-44],[-19,-20],[122,-4],[38,-13],[16,-52],[-35,-37],[-58,21],[-54,-15],[-82,-50],[-48,-39],[-7,-26],[7,-70],[-6,-34],[-37,-22],[-78,14],[-76,33],[-88,67],[-26,-6],[51,-59],[58,-44],[28,-49],[-19,-24],[-37,-5],[-86,19],[-149,-24],[-18,29],[-111,25],[-52,54],[-59,13],[-60,-5],[78,-43],[69,-73],[-22,-28],[63,3],[7,-19],[-19,-76],[-37,-46],[31,-14],[21,-48],[4,-49],[-64,-52],[-66,-35],[-67,-16],[-71,-4],[68,-53],[-43,-54],[24,-58],[37,-5],[89,-36],[32,-43],[-3,-38],[-115,-1],[-18,53],[-54,5],[11,-85],[-32,-45],[-50,-11],[-41,6],[-34,41],[0,34],[23,20],[-6,61],[-50,-70],[-45,-38],[-43,-1],[-92,53],[-108,117],[-86,49],[-159,60],[-75,-12],[-47,5],[-43,40],[-114,89],[8,59],[-8,79],[-24,75],[-58,73],[-155,47],[-173,41],[-41,-7],[-107,-61],[-71,-8],[-209,-3],[-35,6],[-31,27],[-7,34],[8,91],[-61,35],[-68,87],[-20,60],[66,-12],[17,69],[37,46],[18,73],[-28,24],[-46,-73],[-56,-35],[-64,32],[-1,71],[-80,-37],[4,-77],[-98,-22],[-23,35],[-35,-103],[-1,-73],[20,-60],[96,-72],[28,-31],[5,-76],[-57,-81],[-40,-88],[-24,-35],[-100,-75],[0,152],[0,152],[0,152],[0,152],[0,152],[0,152],[0,152],[0,152],[0,152],[0,152],[0,152],[0,152],[0,152],[0,152],[0,152],[0,152],[68,-27]],[[105969,82160],[-12,43],[-33,63],[-9,38]],[[105915,82304],[19,20],[-2,34],[-20,32],[-27,7],[-5,26],[23,32],[29,20],[99,32],[25,-6],[43,31],[6,84],[31,65],[22,121],[8,60],[-27,44],[-3,124],[13,186],[14,42],[-67,365],[-31,87],[4,28],[35,41],[50,6],[75,39],[44,62],[26,76],[30,23],[18,39],[19,14],[20,-33],[23,-19],[255,-101],[39,-12],[34,-20],[60,63],[-6,55],[6,63],[25,108],[27,31],[58,37],[10,29],[-6,33],[22,108],[33,26],[26,55],[9,38],[-4,44],[17,28],[38,38],[14,75],[-12,82],[53,133],[5,89],[12,58],[22,73],[22,37],[-13,81],[2,27],[42,69],[65,22],[39,47],[34,63],[19,56],[-35,98],[-28,92],[35,82],[-2,62],[-34,43],[-37,20],[-56,12],[-29,-9],[-125,-53],[-58,-41],[-33,-47],[-36,-22],[-111,5],[-42,-25],[-49,-53],[-35,-25],[-23,4],[-24,-35],[-25,-75],[-29,-33],[-33,8],[-79,-6],[-124,-24],[-78,1],[-31,26],[-50,3],[-67,-19],[-41,-4],[-14,11],[-16,83],[-23,54],[-39,56],[-7,67],[25,79],[6,53],[-20,56],[-29,33],[-21,57],[-16,17],[5,48],[18,57],[-22,55],[-68,3],[-54,16],[-54,50],[-84,141],[-41,50],[-27,5],[-20,23],[-12,40],[-39,0],[-25,-21],[-21,15],[-44,-10],[-62,54],[-41,8],[-16,19],[7,30],[-30,36],[-60,-3],[-99,-22],[-81,6],[-63,33],[-36,31],[-25,55],[-29,25],[-17,45],[-4,63],[7,60],[27,85],[-67,56],[-19,32],[5,27],[-16,37],[14,60],[0,45],[-13,53],[-38,76],[-61,97],[-32,71],[-13,80],[-18,53],[5,37],[-16,46],[2,35],[-33,38],[-7,27],[4,58],[-16,48],[-50,90],[-13,66],[-5,59],[-21,29],[-3,71],[-21,27],[-4,43],[-25,28],[-28,63],[-37,16],[-11,24],[15,50],[-4,30],[-36,38],[-24,44],[-49,12],[-17,24],[5,46],[-15,24],[-35,3],[-43,22],[-67,52],[-51,23],[-35,-4],[-22,-15],[-9,-27],[-24,3],[-58,47],[-60,12],[-32,26],[-27,43],[-24,19],[-23,-8],[-54,30],[-87,65],[-45,22],[-17,-12],[-46,2],[-39,15],[-53,-6],[-67,-29],[-73,-19],[-78,-7],[-46,4],[-15,14],[-84,-21],[-234,-84],[-143,-20],[-95,-70],[-97,-126],[-69,-80],[-42,-33],[-18,-42],[8,-53],[36,-19],[64,15],[55,-7],[46,-30],[14,-46],[-16,-60],[5,-60],[27,-59],[2,-68],[-23,-76],[-59,-77],[-93,-78],[-58,-76],[-34,-111],[-52,-97],[-20,-54],[-4,-45],[-20,-48],[-38,-52],[-21,-52],[-4,-51],[-19,-48],[-35,-43],[-21,-45],[-8,-48],[-22,-64],[37,-16],[15,-47],[-6,-78],[-23,-54],[-39,-33],[-57,-21],[-76,-11],[-104,-73],[-197,-206],[-60,14],[-75,46],[-80,10],[-121,70],[-70,53]],[[101193,86830],[-18,33],[-27,27],[-114,56],[-29,0],[-70,-36],[-71,-45],[-99,10],[-53,33],[-59,68],[-33,50],[-89,58],[-122,14],[-30,12],[-77,-43],[-65,-64],[-105,-59],[-139,-131],[-38,-112],[-85,-57],[-37,-10],[-69,15],[-41,-11],[-100,-56],[-118,-16],[-54,-14],[-50,-21],[-32,8],[-173,-117],[-67,-18],[-70,51],[-36,-3],[-42,-27],[-70,21],[-158,40],[-26,17],[-74,24],[-172,0],[-40,-8],[-32,11],[-39,35],[-66,79],[-61,44],[-8,32],[-25,28],[-1,98],[5,47],[-11,14],[-98,22],[-135,4],[-66,60],[-34,69],[-78,71],[-47,11],[-121,-15],[-47,17],[-71,45],[-61,6],[-106,37],[-40,-9],[-59,-43],[-40,-5],[-100,-25],[-29,-16],[-45,-6],[-38,-19],[-60,-66],[-34,-10],[-41,2],[-53,12],[-58,-23],[-72,30],[-40,8],[-24,39],[-25,17],[-42,6],[-61,21],[-60,33],[-47,46],[-26,40],[-46,11],[-16,26],[-1,31],[11,52],[-35,69],[4,45],[-11,92],[-14,35],[-4,68],[5,60],[-15,25],[-99,42],[-86,29],[-36,2],[-29,-11],[-54,38],[-108,56],[-126,68],[-22,8],[-149,6],[-38,12],[-69,72],[-107,32],[-78,47],[-29,22],[-20,0],[-26,42],[-22,9],[-15,-29],[-16,-70],[-55,-97],[-98,-52],[-17,-26],[-22,-60],[-6,-46],[-40,-13],[-23,-21],[-30,-63],[-9,-42],[-4,-72],[-26,-71],[-3,-41],[43,-81],[4,-53],[22,-77],[40,-47],[45,-22],[5,-29],[-14,-114],[-50,-140],[-34,-40],[-51,-41],[-46,-2],[-45,-20],[-16,-43],[-62,-63],[-52,-7],[-24,19],[-52,76],[-93,18],[-39,-21],[-31,25],[-42,-14],[-23,3],[-29,33],[-56,28],[-45,-24],[-29,33],[-21,-1],[-27,-28],[-48,-14],[-16,-21],[-46,19],[-75,2],[-42,11],[-11,29],[-28,22],[-72,0],[-35,-13],[-17,41],[-37,48],[-35,34],[-3,51],[-20,129],[-12,28],[-60,11],[-29,-3],[-125,10],[-121,19],[-57,-7],[-32,31],[-23,77],[-55,0],[-14,-42],[-38,-14],[-48,48],[-45,61],[-21,-9],[-10,-46],[-24,-46],[-30,-6],[-103,1],[-33,-17],[-37,-56],[-52,-33],[-10,-34],[-26,1],[-109,-33],[-62,-57],[-27,-11],[-36,-52],[-47,-6],[-100,-60],[-58,-15],[-16,-14],[-10,-54],[-34,-19],[-46,-2],[-34,-29],[-3,-49],[12,-45],[-5,-21],[-61,-35],[-27,-30],[-52,9],[-22,-59],[-59,-37],[-36,42],[-13,-8],[-10,-49],[-30,-1],[-38,24],[-62,-8],[-20,6],[-69,-19],[-19,-44],[-7,-77],[-62,-57],[-40,-2]],[[91347,86419],[-19,3],[-83,-27],[-35,-29],[-32,6]],[[91178,86372],[-8,39],[-22,42],[-55,23],[-40,43],[-48,103],[-34,44],[-30,2],[-4,29],[40,53],[-1,33],[-18,19],[-23,-6],[-65,-81],[-43,-32],[-38,-55],[-70,0],[-14,33],[-192,45],[-27,-15],[-21,10],[-7,30],[-46,98],[-25,45],[-9,35],[4,69],[-21,17],[-29,1],[-80,69],[-70,23],[-27,0],[-22,31],[-21,93],[-7,51],[-26,52],[-33,45],[-19,61],[-78,70],[-47,30],[-76,36],[-67,-3],[-23,-18],[-25,-39],[-88,-3],[-51,-76],[-40,-27],[-58,9],[-77,-19],[-56,34],[-62,-1],[-41,-15],[-57,0],[-11,19],[6,33],[-22,83],[-23,6],[-66,-13],[-18,14],[2,29],[21,82],[-5,27],[-55,0],[-30,57],[-48,7],[-30,-10],[-15,-33],[-53,-26],[-9,-29],[11,-86],[-11,-32],[-27,-17],[-42,-4],[-46,-44],[-7,-52],[-27,11],[-91,239],[-85,207],[-110,233],[-145,304],[-84,174],[-95,181],[-115,211],[-53,68],[-195,180],[-190,170],[-21,31],[-32,75],[0,24],[80,-4],[16,23],[30,86],[16,76],[-27,-4],[-89,-63],[-79,-15],[-43,-33],[-88,-56],[-76,-38],[-75,-11],[-14,-13],[-7,-61],[-53,-47],[-58,-42],[-74,0],[-130,-112],[-17,-88],[-17,-11],[-49,56],[-48,22],[-71,5],[-75,-27],[-59,-68],[-33,-8],[-3,32],[-26,58],[6,67],[32,65],[54,35],[42,38],[11,70],[-32,15],[-38,-42],[-42,-23],[-52,-3],[-38,14],[-70,79],[-99,17],[-20,-27],[7,-59],[-47,-34],[-15,15],[-5,98],[-41,93],[-28,32],[-28,-10],[-13,-47],[-21,-16],[-40,9],[-72,-27],[-116,-12],[-83,33],[-14,30],[34,65],[2,108],[10,38],[-66,218],[-29,110],[-58,110],[-86,-14],[-39,-44],[-65,-30],[-68,22],[-82,68],[-85,30],[-176,21],[-46,-20],[-44,-31],[-64,-64],[-76,-12],[-33,-16],[14,-67],[-13,-31],[-46,-27],[-83,-9],[-47,-45],[-148,-27],[-54,-25],[-118,-31],[-181,-44],[-92,-5],[-14,21],[-70,-46],[-79,2],[-33,-36],[-48,-30],[-27,-94],[-24,-15],[-55,35],[-41,-18],[-53,-10],[-65,20],[-89,-23],[-47,-27],[-20,-22],[-54,-19],[-43,5],[-105,-39],[-75,-7],[-40,-41],[-151,-22],[-46,-35],[-156,-7],[-18,-30],[-20,-5],[-113,30],[-90,34],[-35,-19],[-30,-34],[-10,-50],[0,-81],[-44,-59],[-2,-23],[92,-43],[55,22],[22,-4],[21,-35],[-13,-24],[-33,-19],[-30,7],[-29,-12],[-14,-25],[-8,-43],[12,-31],[39,-7],[43,-23],[47,-10],[28,3],[37,-33],[84,-41],[23,-32],[0,-32],[-37,-39],[-29,9],[-121,13],[-45,11],[-66,-4],[-54,-10],[-35,-70],[-49,-72],[-10,-42],[16,-66],[54,-109],[5,-36],[-19,-35],[-91,-81],[-58,-2],[-26,-13],[-65,-63],[-57,-30],[-12,-27],[13,-27],[72,-34],[37,-39],[26,-75],[173,-71],[15,-28],[118,-31],[66,-73],[10,-59],[-25,-57],[-16,-92],[-26,-80],[-55,-53],[-97,-49],[-104,-20],[-44,3],[-75,22],[-60,81],[-37,3],[-17,-25],[-49,-135],[-21,-24],[-78,-31],[1,55],[-25,24],[-96,17],[-97,29],[-24,26],[-91,146],[-64,57],[-58,11],[-49,-8],[-71,14],[-25,-28],[-38,-75],[-33,-18],[-39,-5],[-44,36],[-46,56],[-57,18],[-55,-12],[-78,-41],[-45,25],[-118,-109],[-32,-81],[-86,-70],[-38,-12],[-49,12],[-62,40],[-56,49],[-62,78],[-98,79],[-29,8],[-24,-13],[-9,-27],[21,-41],[10,-61],[5,-75],[-5,-43],[-14,-25],[-27,-6],[-16,26],[-16,122],[-43,84],[-87,124],[-29,29],[-61,32],[-31,24],[-52,92],[-67,51],[-38,2],[-64,-13],[-46,1],[-29,18],[-31,2],[-53,-10],[-26,19],[-56,104],[-38,18],[-73,-23],[-79,-73],[-56,-44],[-91,-6],[-15,14],[-10,61],[-36,33],[-96,44],[-31,6],[-12,-33],[-83,-106],[-91,-133],[-49,-22],[-58,-36],[-38,-40],[-53,-19],[-58,-11],[-24,-36],[-35,-108],[-91,-78],[-49,-51],[-36,-27],[-52,12],[15,-166],[17,-77],[23,-80],[9,-54],[-29,-53],[-54,-33],[-57,-29],[-33,18],[-38,46],[-56,100],[-72,118],[-49,59],[-36,22],[-33,-6],[-60,-81],[-11,-34],[0,-99],[-16,-36],[-88,-92],[-34,-97],[-23,-120],[-7,-84],[17,-40],[34,-31],[22,-33],[-1,-63],[-18,-37],[-37,-43],[-51,-102],[-32,-144],[18,-100],[65,-56],[52,-24],[20,-32],[19,-66],[-9,-111],[13,-44],[24,-52],[31,-32],[65,39],[40,-9],[174,-27],[19,-23],[37,-74],[95,-167],[55,-137],[40,-91],[43,-111],[-3,-30],[-22,-14],[-37,3],[-59,35],[-29,-19],[-3,-53],[26,-45],[127,-84],[77,-58],[16,-7]],[[78186,84665],[6,-28],[-42,-7],[-15,-57],[-93,-55],[-43,-9],[7,-68],[16,-35],[-20,-20],[-35,29],[-35,0],[-78,-97],[-34,-26],[-36,-9],[-76,-37],[-43,15],[-61,-53],[2,-44],[-14,-47],[-26,-21],[-8,-78],[-13,-48],[-19,-43],[-25,-77],[-36,-74],[-11,-55],[-28,37],[-15,-59],[-40,-39],[-29,-39],[-13,-59],[1,-68],[11,-19],[55,-21],[37,-27],[34,-51],[37,-43],[26,-55],[18,-68],[24,-133],[11,-140],[34,174],[22,-18],[-20,-75],[-20,-109],[-6,-79],[7,-102],[-17,-114],[23,-42],[36,-39],[25,-58],[6,-81],[32,-42],[89,-161],[50,-107],[54,-142],[64,-67]],[[77962,81875],[-62,-150],[-32,-36],[-82,-53],[-32,-78],[-35,-75],[-24,-9],[-92,19],[-69,33],[-20,20],[-19,87],[-21,38],[-45,44],[-27,52],[-36,45],[-27,44],[-19,11],[-26,-15],[-21,3],[-6,36],[-36,13]],[[77231,81904],[-74,61],[-56,12],[-32,17],[-37,46],[-71,59],[-1,18],[18,76],[13,73],[-24,27],[-32,11],[-74,-3],[-47,73],[-17,16],[-73,35],[-32,10],[-27,-80],[-27,57],[-16,16],[-47,8],[-61,-27],[-77,-54],[-33,-14],[-16,-18],[-45,3],[-23,14],[-4,40],[16,28],[-4,28],[-54,37],[-23,23],[-71,33],[-88,57],[-31,38],[-3,25],[-78,49],[-67,-9],[-51,43],[-47,2],[-78,-23],[-160,18],[-76,71],[-94,25],[-48,27],[-48,38],[-52,34],[-44,-13],[-126,36],[-23,-11],[-36,-83]],[[75030,82853],[-36,33],[-121,159],[-64,105],[-209,242],[-28,19],[-110,35],[-45,28],[-112,173],[-50,-23],[-45,6],[-55,40],[-21,33],[-23,72],[-27,42],[-89,61],[-100,35],[-10,37],[86,41],[24,23],[-76,51],[50,35],[38,-27],[43,-51],[37,-19],[18,24],[131,42],[8,69],[-22,7],[1,40],[20,56],[58,90],[32,125],[28,29],[40,-28],[17,57],[44,1],[30,-10],[32,7],[-61,94],[-81,95],[-34,-8],[-22,15],[-35,78],[-15,64],[69,-11],[65,46],[24,6],[39,-14],[54,-9],[-5,42],[-17,51],[66,37],[57,20],[112,73],[49,13],[8,38],[-34,102],[-58,2],[-33,-60],[-89,-20],[-39,4],[31,38],[-22,17],[-32,-39],[-93,-53]],[[72228,88244],[-25,75],[-38,57],[3,136],[10,8],[-31,55],[-2,40],[15,21],[-10,42],[-62,83],[-32,52],[45,104],[9,8],[86,3],[27,-11],[35,-49],[100,-8],[37,22],[59,51],[15,38],[37,26],[43,15],[-6,69],[-74,61],[-15,44],[8,47],[-85,55],[-70,9],[-59,-3],[-23,12],[24,78],[5,40],[-16,34],[-132,87],[-36,60],[-18,62],[-21,38],[-37,24],[27,74],[-12,23],[-46,30],[-64,54],[11,82],[50,84],[-6,54],[-49,87],[2,33],[27,41],[2,108],[-96,60],[-57,74],[-77,37],[-64,-6],[-37,6],[-65,-47],[-21,0],[-69,-53],[-43,62],[15,60],[-8,35],[-98,52],[-48,-12],[-52,-37],[-19,8],[-35,66],[-25,18],[-53,-1],[-43,-21],[-45,55]],[[70996,90755],[18,73],[-11,78],[-23,98],[-32,34],[-6,29],[-34,59],[-3,52],[-27,26],[-56,-13],[24,82],[3,47],[15,51],[17,19],[8,51],[-14,42],[-88,70],[-9,49],[-55,13]],[[70723,91615],[17,86],[31,36],[18,46],[71,26],[6,26],[-33,32],[-10,50],[-53,158],[15,103],[-35,185],[12,67],[54,65],[46,66],[48,140],[40,15],[46,45],[-47,68]],[[70949,92829],[17,43],[-16,106],[14,36],[26,3],[27,-39],[42,-19],[30,25],[11,50],[21,22],[30,-19],[49,-7],[68,13],[45,82],[23,24],[178,-27],[155,-51],[17,52],[-67,43],[-36,59],[-51,46],[-52,4],[-68,-16],[-103,10],[-87,86],[-58,28],[-41,67],[34,5],[10,74],[-47,41],[-114,-66],[-131,-21]],[[70875,93483],[209,223],[87,66],[26,35],[175,143],[82,97],[67,63],[109,131],[101,129],[89,101],[126,122],[86,98],[33,53],[53,129],[32,68],[-8,44],[-59,70],[-54,87],[-69,57],[-190,127],[-124,114],[-17,37],[69,34],[101,136],[7,35],[-4,76],[-42,51],[-97,52],[-41,98],[0,21],[46,54],[-4,55],[-12,19],[-99,25],[-28,26],[-33,76],[6,44],[64,43],[0,60],[-62,11],[-4,26],[34,45],[4,84],[31,60],[-32,40],[54,19],[72,11],[-2,65],[-63,189],[-80,115],[-27,50],[-43,109],[-58,102],[-68,95],[-10,27],[8,49],[53,78],[112,141],[126,139],[13,87],[-54,41],[-101,109],[-62,82],[-225,80],[-73,185],[3,30],[93,146],[7,42],[-23,16],[-85,4],[-14,20],[52,15],[136,58]],[[71274,98752],[53,17],[30,30],[61,125],[152,38],[55,21],[58,67],[21,83],[53,-31],[80,-32],[83,3],[22,70],[-19,82]],[[71923,99225],[62,-8],[138,-50],[72,20],[42,58],[83,12],[-21,49],[5,25],[139,-53],[59,-39],[128,-33],[23,-19],[-4,-60],[-28,-15],[-55,3],[-197,42],[-29,-25],[82,-49],[16,-47],[88,7],[131,-27],[-14,-49],[138,48],[27,-42],[-17,-68],[-29,-72],[37,-13],[65,98],[20,14],[185,1],[42,-7],[175,-46],[106,2],[39,28],[194,-52],[259,-117],[380,-194],[214,-172],[25,-37],[77,-20],[59,1],[251,-157],[88,-8],[24,35],[48,-62],[58,-45],[60,-69],[49,-26],[151,-47],[32,-168],[24,-35],[0,-75],[44,-30],[33,-5],[-2,-55],[-27,-128],[-29,-55],[-227,-236],[-143,-91],[-278,-104],[-217,-40],[-87,-2],[-170,19],[-92,21],[-114,59],[-106,30],[-73,13],[-136,6],[-293,57],[-51,21],[-184,113],[-73,-32],[-43,-6],[-29,40],[19,23],[-105,32],[-86,2],[-102,48],[-38,-12],[-114,50],[-50,40],[-53,70],[28,40],[-180,41],[-173,6],[30,-20],[75,-10],[102,-68],[-13,-55],[76,-53],[83,-78],[86,-15],[15,-47],[-3,-45],[64,-30],[86,-25],[-30,-76],[186,-60],[97,-60],[100,-109],[32,-54],[3,-30],[-27,-95],[-34,-96],[-24,-33],[-47,-38],[90,-141],[46,-113],[9,-116],[41,-27],[-32,-30],[3,-92],[57,-74],[85,-49],[51,-9],[73,20],[53,-27],[117,-91],[53,-96],[22,-19],[208,-59],[136,-57],[23,-2],[66,50],[114,34],[35,47],[-3,41],[-29,72],[-8,70],[-73,48],[-106,-14],[-48,2],[-36,19],[-49,50],[-92,122],[-50,41],[-32,60],[2,57],[40,-3],[46,33],[32,114],[88,14],[133,-53],[164,-143],[36,-15],[101,2],[10,-19],[58,-25],[151,-45],[175,-89],[65,4],[31,70],[72,50],[49,9],[70,-18],[12,14],[-24,73],[-32,63],[-47,41],[-84,119],[-33,59],[-17,61],[23,93],[174,96],[64,57],[61,74],[28,15],[103,21],[136,64],[104,84],[103,128],[44,33],[81,-23],[52,-37],[70,-7],[68,6],[77,-3],[109,-59],[35,-44],[-35,-48],[25,-17],[74,-2],[90,-83],[14,65],[-17,76],[42,107],[33,46],[59,118],[-18,76],[-2,89],[-9,41],[-39,59],[-74,43],[-74,13],[-25,41],[4,47],[21,68],[62,143],[64,202],[0,99],[-19,107],[-261,174],[-24,40],[47,5],[196,-81],[44,-5],[308,23],[150,-20],[128,-41],[90,-117],[93,-108],[87,-92],[2,-75],[-90,-16],[-86,-3],[-221,-38],[-201,-174],[-12,-40],[12,-38],[68,-42],[145,-61],[65,-122],[45,-61],[35,-23],[106,-7],[51,-15],[83,4],[275,65],[54,29],[18,43],[20,143],[48,111],[-11,80],[137,41],[128,28],[61,-8],[16,31],[-62,88],[19,14],[69,-26],[68,10],[265,121],[103,68],[62,27],[97,62],[47,20],[83,8],[88,24],[95,46],[129,39],[45,-4],[54,-45],[-35,-53],[48,-21],[118,54],[18,36],[-26,13],[-32,54],[-71,9],[116,77],[249,113],[133,51],[130,5],[65,-24],[-171,-24],[-26,-26],[59,-25],[-28,-27],[-45,-104],[55,-60],[4,-63],[-35,-33],[-47,12],[-42,-22],[-77,-14],[-27,-47],[86,-5],[155,-21],[45,20],[100,10],[57,-1],[54,-55],[49,11],[21,107],[77,66],[91,54],[88,6],[86,38],[40,7],[79,-16],[118,-3],[98,-32],[74,-8],[109,54],[249,154],[21,-34],[40,51],[192,54],[48,1],[18,-68],[38,-29],[51,-69],[-51,-29],[-37,-47],[-5,-106],[173,-58],[40,0],[59,44],[16,55],[-27,58],[11,63],[90,-4],[112,19],[51,35],[60,68],[41,57],[-26,98],[-66,-22],[-112,215],[-56,83],[36,39],[96,24],[87,81],[69,19],[257,-56],[293,-12],[250,-42],[282,-88],[138,-61],[114,-68],[-11,-48],[47,13],[100,-42],[140,-44],[26,-34],[92,-25],[114,-55],[116,-35],[84,-11],[50,-74],[167,-108],[31,-41],[146,-69],[72,-55],[46,21],[111,136],[106,238],[-73,4],[-56,-25],[-75,31],[-64,62],[-81,106],[-15,114],[-23,37],[-79,30],[-51,35],[-191,67],[-34,-23],[-23,-63],[-32,65],[10,114],[32,107],[49,-6],[58,64],[-32,69],[3,47],[31,127],[13,148],[-48,61],[-110,-24],[-41,13],[-12,51],[31,39],[31,62],[-53,-13],[-18,24],[44,36],[51,89],[121,41],[91,40],[143,84],[106,84],[68,105],[47,99],[76,236],[71,173],[120,177],[76,17],[33,-16],[-22,-37],[83,-9],[97,11],[165,-6],[288,14],[40,-7],[106,-51],[59,6],[118,-24],[124,-62],[-20,-216],[-44,-164],[-85,-160],[-33,-78],[-51,-54],[-74,-38],[-15,-56],[72,-94],[172,-96],[42,-117],[9,-87],[-11,-228],[-16,-33],[-63,-80],[21,-64],[24,-235],[5,-192],[-19,-65],[-10,-186],[16,-69],[34,-58],[46,-37],[129,-67],[122,-83],[15,-57],[-43,-32],[-68,-85],[-43,-70],[-3,-56],[14,-73],[-7,-67],[-29,-61],[-40,-44],[-121,-68],[-255,-360],[-61,-42],[-103,14],[63,-125],[-4,-48],[-67,2],[-95,-51],[-43,-35],[-72,-18],[-56,18],[-61,34],[20,41],[85,47],[-38,5],[-46,-35],[-55,-6],[-65,42],[-49,47],[-25,10],[-46,-20],[-179,9],[-70,-25],[27,-40],[35,-90],[75,-42],[98,-16],[96,-52],[122,-37],[275,15],[72,-4],[71,-16],[120,-54],[51,4],[87,49],[33,142],[315,152],[59,34],[94,84],[32,56],[34,150],[31,53],[205,175],[32,45],[6,81],[-15,109],[-38,90],[-41,53],[-41,73],[30,148],[34,57],[186,69],[159,24],[176,46],[72,10],[48,-8],[50,-50],[44,-75],[129,-112],[43,-79],[8,-96],[-4,-232],[-26,-101],[138,-83],[33,-34],[33,-12],[73,-7],[319,18],[-28,27],[-96,5],[-135,24],[-196,45],[-23,98],[5,62],[45,113],[31,20],[81,23],[-30,138],[-42,92],[-46,170],[-62,0],[-47,34],[-233,99],[-220,73],[-150,10],[-48,-8],[-125,-76],[-81,-16],[-155,33],[-131,-19],[-48,19],[-21,33],[39,137],[-20,53],[-57,71],[-35,56],[6,59],[85,232],[37,60],[92,107],[47,83],[-11,46],[-198,258],[-77,121],[-121,76],[-23,37],[201,249],[90,43],[128,26],[168,75],[64,41],[33,74],[3,98],[-13,80],[-18,44],[-75,119],[53,26],[71,-1],[75,-35],[80,-134],[-5,-76],[51,-100],[-64,-79],[-54,-116],[-41,-15],[-9,-90],[88,-99],[-13,-74],[-64,-65],[18,-55],[137,-48],[128,-29],[216,-10],[64,-46],[22,33],[203,-8],[163,-113],[86,-35],[70,-11],[142,13],[48,43],[-66,-3],[-29,-15],[-74,13],[-68,58],[-59,111],[-104,36],[-70,-15],[-76,7],[-126,61],[-82,23],[-149,66],[-42,26],[-32,55],[-63,141],[132,59],[154,17],[65,-18],[166,-100],[78,-4],[140,44],[15,28],[-31,57],[-42,29],[-81,14],[-98,-26],[-28,23],[20,52],[90,23],[80,62],[88,30],[87,11],[321,-9],[181,-98],[178,-44],[98,-39],[32,-74],[223,-139],[51,-19],[143,-6],[160,33],[71,3],[78,-9],[85,-51],[-88,-134],[-20,-20],[-145,-79],[-58,-20],[-28,-162],[33,-119],[-23,-63],[-36,-67],[32,-34],[66,91],[48,124],[50,32],[44,8],[49,-36],[14,-50],[2,-75],[-10,-71],[-37,-107],[-61,-76],[-20,-42],[60,-70],[76,-7],[17,39],[-20,75],[75,27],[70,15],[55,45],[26,80],[-54,137],[-83,138],[-62,71],[39,107],[65,119],[25,29],[14,50],[-13,56],[-66,89],[-47,29],[-152,18],[-37,13],[-112,91],[-46,103],[-134,56],[-70,15],[-103,4],[-64,19],[-92,62],[-58,139],[6,29],[57,118],[-28,47],[-86,38],[-18,43],[-19,125],[20,36],[47,37],[-4,59],[302,44],[118,12],[590,4],[41,13],[256,22],[110,25],[116,-27],[127,10],[55,54],[125,22],[209,23],[103,-4],[47,-40],[-227,-126],[-93,-27],[-91,-52],[-11,-35],[8,-68],[96,-34],[71,-48],[127,-55],[12,12],[-254,137],[-20,27],[10,41],[73,48],[76,22],[253,29],[85,87],[70,34],[-124,43],[-175,196],[-43,30],[-134,22],[-60,23],[62,66],[73,17],[91,-22],[80,-55],[113,24],[-115,53],[-66,45],[-93,39],[-106,27],[-111,10],[31,59],[61,-7],[48,54],[154,-82],[72,22],[61,38],[128,100],[17,45],[-111,37],[-70,-3],[-5,27],[29,36],[56,13],[171,-38],[284,100],[77,49],[198,63],[96,-8],[202,83],[279,36],[163,0],[124,46],[192,17],[66,18],[323,46],[180,36],[28,30],[-160,-24],[-39,21],[-57,-34],[-78,36],[-37,-29],[-62,-1],[-10,43],[38,59],[46,-30],[52,45],[35,1],[98,-29],[67,29],[88,14],[138,-9],[23,27],[158,-24],[110,16],[191,-16],[53,-19],[-31,-46],[-113,-72],[31,-12],[65,32],[195,50],[32,-9],[-35,-62],[130,25],[111,54],[50,10],[51,-34],[47,31],[11,30],[84,7],[35,28],[110,29],[109,38],[110,-21],[197,-62],[71,-49],[-57,-110],[85,48],[-9,128],[-71,65],[-179,89],[-98,60],[22,18],[241,-23],[123,11],[131,-7],[179,29],[73,-30],[85,1],[99,-25],[29,29],[-258,44],[58,91],[-61,74],[-4,49],[28,56],[67,23],[36,45],[77,60],[373,193],[178,73],[146,4],[155,61],[58,0],[215,-48],[51,-36],[118,-28],[136,-15],[63,-23],[57,-61],[-112,-24],[-119,-71],[-161,-39],[-201,-26],[-41,-19],[381,-6],[112,5],[22,-62],[37,-2],[111,29],[65,3],[125,-22],[81,13],[115,-27],[52,-40],[-167,-122],[-103,-98],[-87,11],[10,-48],[92,2],[49,-22],[113,27],[159,-8],[95,36],[43,93],[52,12],[156,-11],[249,18],[209,-23],[167,29],[219,-22],[96,-23],[70,-40],[64,-12],[104,-76],[-26,-37],[96,9],[110,-32],[22,-103],[39,-55],[7,-44],[78,34],[35,38],[-56,41],[98,7],[53,-86],[46,-138],[100,18],[4,-40],[-41,-94],[-44,-69],[-78,53],[-91,12],[-169,85],[-60,-3],[94,-58],[77,-103],[98,25],[39,-47],[69,-21],[57,-32],[-38,-98],[-235,-172],[-250,-100],[-110,-71],[-194,-51],[-139,-68],[-177,-51],[-50,-54],[-132,-36],[24,-37],[-34,-57],[-103,-50],[-148,-35],[-299,-210],[-148,-43],[-168,-3],[-36,-19],[-127,-133],[-39,-28],[-168,-14],[-174,-217],[-97,-73],[4,-31],[104,28],[122,70],[49,69],[91,49],[215,24],[89,-9],[130,6],[86,39],[97,19],[22,28],[77,5],[175,37],[82,67],[105,-20],[74,11],[196,97],[117,38],[33,25],[-51,31],[-113,-33],[-101,-11],[-116,8],[-30,49],[69,81],[74,39],[60,15],[225,-44],[47,-5],[25,71],[144,-16],[-111,-37],[25,-52],[34,-36],[137,-51],[118,-22],[86,1],[135,22],[49,55],[-35,79],[66,-30],[51,-47],[80,-118],[-17,-41],[-71,-76],[41,-42],[73,-29],[-5,-184],[-37,-66],[-82,-70],[20,-62],[43,-45],[121,-15],[-13,27],[-113,38],[-28,42],[69,78],[43,76],[13,55],[-8,56],[71,53],[41,17],[-118,55],[-11,44],[119,18],[69,32],[258,14],[178,59],[395,-17],[277,-47],[390,-6],[143,-32],[22,-35],[-61,-11],[-102,0],[-28,-60],[19,-76],[180,-79],[159,-34],[111,-53],[59,-4],[230,6],[136,-28],[122,21],[182,-5],[48,-40],[174,-12],[52,8],[14,25],[-79,24],[39,36],[132,-39],[54,-6],[48,29],[55,89],[55,29],[-81,96],[-22,52],[-5,64],[37,64],[26,18],[104,-24],[76,53],[126,26],[52,-2],[87,-24],[280,-119],[-6,-46],[223,63],[31,-26],[-29,-53],[100,-53],[97,61],[41,59],[26,11],[241,-40],[74,-22],[24,-35],[87,-37],[-8,-39],[112,-3],[103,-45],[8,-50],[64,1],[-16,-41],[-155,-93],[143,-14],[72,-61],[7,-44],[-148,-74],[-62,-22],[-29,-33],[194,-7],[56,-30],[44,-76],[0,-92],[-44,-47],[-118,-7],[-157,103],[-95,40],[-134,77],[-27,-13],[39,-65],[64,-36],[113,-101],[189,-207],[43,17],[59,84],[85,-110],[-77,3],[-97,-23],[-37,-28],[27,-38],[72,-5],[32,-52],[56,-65],[127,-177],[90,-34],[87,-73],[87,-34],[45,-2],[56,29],[22,-82],[42,-36],[47,-3],[94,54],[43,45],[72,125],[46,63],[44,25],[-10,66],[76,182],[114,156],[31,19],[39,-79],[124,-119],[100,-71],[90,-36],[142,-34],[204,5],[38,46],[71,33],[115,18],[68,42],[111,12],[70,-7],[108,-30],[242,-96],[68,-35],[35,-37],[80,-57],[98,-46],[12,21],[-45,36],[58,21],[27,30],[76,11],[-135,36],[68,113],[68,23],[71,-25],[49,45],[38,-4],[77,-45],[69,-70],[38,0],[107,28],[120,2],[-16,41],[-83,89],[9,115],[-124,40],[96,30],[70,93],[58,8],[41,30],[-177,10],[-63,-39],[-87,0],[-12,103],[113,86],[44,18],[289,-2],[88,16],[127,42],[-33,27],[-3,54],[-110,78],[19,30],[206,-21],[71,-43],[185,-42],[496,-13],[57,-17],[212,-18],[90,-20],[215,-25],[98,-18],[78,-27],[126,-17],[57,-18],[-5,-58],[-262,9],[-87,19],[-108,2],[-41,-9],[-64,-48],[-78,-24],[-65,-5],[42,-41],[61,-11],[193,53],[531,26],[81,-4],[-8,-37],[-71,-70],[-68,-55],[-98,-56],[-37,1],[77,119],[-61,3],[-86,50],[-30,-10],[-16,-87],[32,-28],[0,-50],[-120,-32],[-96,23],[-27,-16],[9,-43],[-28,-48],[29,-29],[38,-7],[211,31],[91,38],[101,71],[179,171],[80,59],[46,22],[58,8],[331,-18],[191,-36],[184,-55],[90,-46],[67,-61],[19,-60],[-47,-33],[-205,-11],[-79,-18],[-43,-50],[16,-16],[91,-1],[89,-15],[123,-39],[69,-56],[184,5],[24,-40],[-145,-116],[246,70],[61,-4],[150,-54],[60,-43],[114,-121],[-113,-25],[254,-92],[99,1],[226,26],[113,1],[212,59],[210,37],[193,2],[102,36],[269,-1],[261,-12],[201,-22],[227,-65],[221,-89],[129,-88],[62,-89],[33,-122],[-8,-55],[-32,-39],[-20,-48],[2,-57],[-37,-74],[35,-53],[98,-34],[212,-46],[58,-31],[6,-91],[18,-78],[19,-147],[35,-36],[58,-35],[11,-49],[-72,-155],[-93,-72],[84,15],[43,57],[46,105],[44,16],[24,34],[0,99],[-29,86],[0,61],[20,50],[139,102],[75,42],[72,23],[194,20],[87,20],[101,-13],[71,5],[82,21],[73,-10],[121,-68],[425,-15],[75,-24],[309,-29],[64,34],[189,115],[79,-7],[31,-18],[68,-76],[28,-81],[25,-109],[40,-19],[56,-8],[123,-40],[124,-52],[36,-99],[66,-83],[156,8],[160,16],[157,137],[0,55],[-38,80],[-58,78],[-45,121],[-144,26],[14,36],[54,42],[49,66],[8,50],[-14,105],[260,-19],[246,-47],[201,-20],[106,-30],[64,-34],[75,-26],[26,62],[29,15],[100,-35],[74,-10],[126,4],[160,-16],[174,3],[155,27],[58,-5],[63,-22],[103,-57],[176,-76],[161,-21],[183,-73],[174,-26],[138,-41],[35,-57],[110,-22],[203,-153],[45,-19],[0,-2432],[-59,-20],[-60,-70],[-69,-62],[-102,-25],[-154,-93],[-61,-18],[-80,43],[-183,28],[-57,37],[-83,96],[-29,14],[-25,37],[-102,43],[-87,-28],[-72,21],[13,-29],[65,-11],[102,6],[32,-10],[64,-87],[-26,-35],[-27,-11],[-81,39],[-93,-6],[-44,10],[-125,65],[-96,-73],[-131,-37],[-102,-4],[-187,-58],[51,-1],[136,40],[79,0],[119,22],[62,27],[67,49],[38,-12],[27,-26],[35,-86],[-71,-74],[125,60],[76,-36],[38,6],[71,53],[115,34],[27,-23],[-19,-102],[8,-79],[86,-87],[91,-51],[61,8],[11,46],[22,34],[52,-64],[32,-83],[-8,-72],[29,-22],[38,-7],[15,-77],[13,-108],[-99,-38],[9,-20],[64,-10],[18,-22],[-13,-51],[40,1],[2,61],[43,-87],[1,-34],[36,-39],[104,-57],[19,-27],[6,-43],[-49,-43],[14,-43],[27,-34],[44,-14],[21,-55],[0,-53],[-32,-46],[-64,-65],[-39,-25],[-19,-92],[-376,141],[-121,22],[-107,2],[-19,36],[22,57],[-63,8],[-28,25],[-23,-8],[-20,-52],[14,-41],[63,-22],[-11,-19],[-156,-34],[-90,-59],[-37,-40],[-244,-101],[-59,-35],[-59,-16],[-26,-42],[-135,-59],[-27,6],[-36,-51],[-33,-27],[-78,-4],[-50,-13],[-108,-73],[-68,24],[-79,-100],[-89,-93],[-26,0],[-68,39],[-16,-20],[34,-78],[-13,-11],[-48,13],[-11,-40],[-38,-37],[-65,-15],[-11,-31],[10,-34],[-61,-40],[-50,-51],[-81,-48],[-34,3],[-81,-73],[-185,-125],[-51,-17],[-66,-38],[-6,-57],[-26,-52],[-30,-132],[-25,-51],[-68,13],[-58,50],[-29,50],[-4,44],[-24,30],[-67,107],[-117,73],[-16,25],[-150,-21],[-40,0],[-71,19],[-111,-12],[-133,-40],[-42,-25],[-136,-39],[-89,-62],[-175,-223],[-41,-47],[-49,-14],[-18,81],[11,68],[21,55],[27,147],[15,43],[-58,-2],[-82,-76],[-122,-76],[-58,-19],[-44,-44],[-68,-22],[-4,-95],[-19,-53],[-56,-12],[-25,20],[-38,77],[-49,39],[-51,-1],[-42,-53],[-47,-47],[7,54],[-76,33],[-45,2],[-71,-79],[-56,-49],[-30,-80],[-18,-116],[2,-134],[-64,-107],[-26,11],[-24,-21],[22,-59],[-24,-35],[-30,-15],[-69,-87],[-65,-56],[-106,-163],[-32,-108],[-30,-122],[27,-98],[54,-55],[92,-40],[19,86],[45,28],[22,-2],[145,-67],[28,-29],[-13,-95],[-27,-46],[-52,-54],[-61,-74],[-6,-71],[16,-88],[2,-49],[-8,-92],[4,-39],[16,-35],[25,-21],[43,12],[40,-10],[31,-23],[-4,-77],[17,-72],[14,-134],[-25,-36],[-73,-81],[-26,-6],[-45,19],[-73,104],[30,61],[61,43],[28,31],[-33,16],[-70,9],[-63,-57],[14,-85],[-66,-46],[-64,-37],[-21,-24],[-56,-154],[-50,-116],[-17,-98],[1,-86],[19,-95],[14,-41],[58,-88],[29,-69],[9,-83],[-47,-40],[-83,-96],[-35,-11],[-112,3],[-56,48],[-67,-12],[-55,-23],[-87,-69],[-78,-88],[-74,-62],[-21,-36],[-30,-76],[-27,-140],[9,-68],[29,-76],[-19,-65],[0,-41],[35,-65],[8,-91],[-26,-3],[-61,65],[-63,5],[-153,-74],[-63,-44],[-71,-86],[-21,16],[-14,50],[-26,22],[-32,-11],[-13,-47],[44,-22],[16,-30],[-26,-115],[-18,-38],[7,-104],[-13,-96],[-45,-133],[-78,-174],[-95,-127],[-66,-44],[-34,-35],[-14,-43],[-98,-123],[-121,-127],[-34,-24],[-11,97],[-15,63],[-44,53],[-14,101],[-4,272],[-38,282],[-5,89],[-46,72],[-25,75],[-15,74],[-4,88],[-51,458],[-15,114],[-68,368],[-30,213],[-19,208],[-3,93],[30,276],[26,174],[90,386],[29,54],[158,149],[68,81],[40,86],[44,109],[-9,93],[-17,38],[-37,44],[27,35],[39,16],[79,-33],[80,14],[74,137],[105,-21],[80,24],[22,-10],[15,47],[45,49],[81,73],[119,89],[59,59],[33,57],[50,53],[47,67],[87,201],[172,165],[67,96],[56,33],[49,16],[124,136],[79,113],[104,77],[31,50],[54,116],[22,30],[67,43],[153,76],[88,77],[130,10],[38,31],[84,42],[-54,68],[23,53],[94,80],[37,64],[-10,47],[-58,26],[27,111],[47,44],[16,102],[2,106],[46,153],[27,34],[106,77],[24,2],[75,-26],[80,-13],[93,51],[-120,15],[-86,33],[-77,65],[-50,19],[-56,-6],[-315,-90],[-30,-59],[19,-52],[-47,-70],[-15,-66],[4,-65],[-38,-98],[-3,-62],[67,-34],[18,-23],[-59,-80],[-31,-17],[-25,34],[-23,66],[-35,4],[-18,-36],[-66,10],[-39,-4],[-69,-76],[-393,-359],[-42,-43],[-50,-87],[-98,-8],[-66,-45],[-38,-18],[17,120],[53,121],[-67,14],[-62,-26],[-40,-39],[-32,8],[54,106],[-22,102],[16,20],[79,133],[28,68],[24,90],[-2,63],[-43,5],[-158,-90],[-57,-24],[-20,39],[-24,17],[-44,65],[-74,6],[-87,-45],[-94,-25],[-73,10],[-62,-38],[-28,-8],[-92,27],[-113,2],[-33,-32],[-98,-45],[-66,-69],[-72,-52],[-17,-129],[-97,-73],[-99,-99],[-69,-136],[-47,-59],[-98,-82],[-156,-108],[-134,-174],[-47,-131],[-50,-32],[-8,-109],[-41,-80],[22,-28],[49,-1],[77,36],[132,-56],[67,-55],[-2,-106],[-50,3],[-65,-5],[-41,-28],[-84,46],[-28,-18],[-44,-49],[-80,-20],[-41,24],[-67,69],[-114,-7],[-30,-77],[-66,-6],[-67,-88],[-22,-8],[-83,17],[-60,45],[-27,3],[-53,-21],[-26,-54],[-131,-27],[-129,5],[-70,129],[131,51],[78,-11],[88,8],[91,40],[-30,33],[-78,4],[-49,24],[-107,125],[-46,23],[-62,14],[-64,-8],[-40,-59],[-45,-4],[-65,35],[44,19],[-73,21],[-45,30],[-41,8],[-191,74],[-75,-6],[-46,-20],[-76,-61],[47,-89],[-95,-8],[-44,36],[-29,-52],[11,-46],[50,16],[25,-19],[-17,-54],[-64,-15],[-80,2],[-80,95],[-131,-17],[-63,-60],[-59,-13],[-162,59],[-81,5],[-91,52],[-31,-16],[-58,-130],[-77,-32],[-40,18],[-35,82],[-25,27],[-69,24],[-365,-23],[-123,20],[-86,2],[-118,-42],[-114,16],[-208,-80],[-86,-55],[-104,-95],[-91,-158],[-53,-60],[-87,-74],[-122,-70],[-68,-70],[-36,-57],[-64,-215],[-17,-32],[-151,-79],[-49,-85],[-19,-22],[-63,-37],[-38,-60],[-22,-18],[-90,-42],[-73,-108],[-103,-76],[-152,-209],[-27,-81],[-22,-41],[-130,-182],[-41,-16],[-64,-86],[-66,-51],[-62,-61],[-74,-63],[-113,-72],[-37,-42],[-61,-98],[-145,-119],[-71,-29],[-95,-106],[-18,-63],[16,-68],[61,-25],[142,-67],[131,19],[117,-1],[75,5],[8,-37],[-1,-68],[-17,-61],[-14,-182],[-16,-80],[13,-79],[28,-13],[28,35],[46,5],[47,-16],[35,126],[-29,20],[-26,44],[15,34],[81,62],[50,5],[48,-4],[-53,-79],[-59,-35],[47,-45],[50,-36],[72,-14],[-16,-27],[-48,-24],[-44,-98],[-69,-47],[-32,-33],[37,-25],[140,13],[72,27],[103,76],[43,114],[39,32],[26,-8],[0,-80],[-56,-90],[-39,-51],[-14,-42],[69,8],[20,20],[51,109],[13,78],[8,108],[-6,64],[4,47],[-20,47],[13,14],[139,-64],[74,-15],[132,51],[30,-12],[22,-32],[109,-95],[21,-32],[36,-116],[116,-135],[108,-64],[4,-24],[69,-75],[53,-25],[10,-68],[-25,-54],[-50,-51],[-101,48],[-4,-33],[72,-88],[58,-36],[3,-116],[-6,-64],[-39,-71],[13,-42],[107,-118],[-33,-75],[-7,-85],[-37,-37],[-44,-82],[-67,-68],[-32,-128],[-52,-112],[-6,-113],[-8,-40],[-43,-115],[-15,-158],[20,-258],[31,-30],[-55,-106],[0,-53],[16,-41],[2,-102],[-29,-164],[-23,-69],[-19,-104],[8,-36],[16,-19],[-53,-120],[-18,-154],[-20,-63],[-39,-62],[-81,-88],[-29,-56],[-53,-72],[-50,-54],[-70,-157],[-57,-157],[-141,-202],[-20,-50],[-10,-54],[-37,-90],[-19,-125],[-43,-50],[-35,-132],[-115,-200],[-29,-69],[-88,-110],[-95,-153],[-117,-139],[-23,-56],[-46,-63],[-48,-97],[-72,-96],[-14,-65],[-23,-46],[-53,-30],[-38,-41],[-117,-250],[-15,-46],[-2,-39],[-76,-94],[-44,-98],[-73,-62],[-76,-84],[-183,-155],[-50,-58],[-103,-73],[-41,-1],[-88,-40],[-58,-42],[-35,16],[-21,53],[-45,-9],[-53,51],[-45,-3],[-33,25],[-60,-17],[11,221],[-9,46],[-26,-42],[-70,-78],[-28,-15],[-28,-1],[11,48],[40,68],[-26,13],[-49,-29],[-24,-32],[-71,-128],[-42,-108],[-34,-32],[-16,-47],[-30,-44],[-45,12],[-27,-6],[-65,24],[-16,-11],[42,-83],[-35,-122],[-15,-14]],[[77576,106100],[156,-26],[118,7],[69,-11],[82,-55],[-21,-55],[-199,25],[-91,54],[-60,-8],[-101,-85],[-100,-27],[-114,-1],[-56,-53],[-127,-18],[-58,76],[-112,-20],[-168,38],[-8,33],[410,52],[161,13],[76,36],[143,25]],[[78544,106145],[178,-8],[308,-140],[-190,-53],[-64,-38],[-232,-9],[-148,-18],[-18,-45],[-71,-31],[-235,-4],[-75,-43],[97,-21],[6,-65],[-136,21],[-38,-53],[-103,14],[-77,-27],[-105,14],[118,63],[-29,17],[-153,-6],[-35,-27],[-120,-3],[-118,73],[259,90],[86,35],[254,42],[77,-38],[158,5],[32,27],[-12,95],[33,68],[90,27],[263,38]],[[84508,103233],[-218,-80],[-160,-38],[-128,-40],[-226,-49],[-143,-40],[-155,-32],[-165,-42],[-206,-32],[-116,-41],[-93,-17],[-334,-92],[-153,-67],[-89,-3],[-71,-57],[-72,-36],[-96,-68],[-61,0],[-68,-30],[-12,-22],[72,-16],[16,-26],[-95,-66],[-81,-33],[-81,1],[2,-68],[-53,-14],[-122,49],[-19,-17],[-28,-98],[-59,-28],[-135,23],[10,-49],[35,-81],[-16,-39],[-61,-62],[-229,-71],[36,-101],[-40,-50],[-52,3],[-53,32],[-54,-8],[59,-42],[27,-55],[-28,-29],[-111,-66],[-58,-86],[-113,-38],[-69,-4],[-135,29],[-165,7],[-93,22],[-93,39],[-81,-3],[-69,-19],[-91,-43],[-57,82],[24,38],[-124,95],[-26,43],[140,75],[72,31],[88,14],[64,85],[66,56],[108,145],[26,10],[226,29],[-45,37],[-98,9],[-27,44],[113,105],[104,63],[96,37],[-54,35],[-117,-7],[-45,35],[-19,41],[77,44],[43,-6],[139,-54],[105,90],[-23,53],[95,34],[177,-27],[60,103],[106,54],[-12,43],[123,36],[79,35],[79,49],[307,56],[87,24],[27,51],[56,18],[153,5],[73,-20],[38,30],[-7,70],[57,31],[126,10],[74,-4],[154,-31],[79,-7],[106,9],[65,-6],[189,46],[319,43],[166,66],[85,9],[113,42],[77,8],[37,20],[68,83],[96,47],[165,63],[149,25],[92,28],[165,-11],[160,-35],[72,-40],[60,-50],[23,-51],[-29,-60],[15,-24],[-117,-76],[-133,-103],[-137,-29]],[[80263,101414],[159,-25],[120,-7],[99,-34],[-11,-39],[-71,-66],[-6,-115],[-30,-36],[-90,0],[-33,-14],[-7,-59],[-29,-46],[-60,-14],[-29,-69],[15,-93],[41,-58],[-40,-71],[-9,-57],[-26,-50],[59,-41],[48,-111],[70,-113],[77,-101],[140,-148],[150,-112],[58,-31],[143,-52],[49,-40],[-62,-42],[-62,-16],[-40,-29],[-170,36],[-47,51],[-85,-9],[53,-30],[49,-45],[-42,-19],[-100,59],[-19,-25],[-50,19],[-49,-20],[-31,16],[-7,32],[-153,-17],[-126,8],[-76,39],[-15,-38],[-92,40],[-208,44],[-116,36],[79,26],[-9,85],[29,21],[63,-10],[22,42],[59,-20],[21,12],[-92,44],[-100,63],[10,22],[-72,5],[-32,37],[16,88],[-155,-29],[-79,6],[-89,20],[-81,-29],[-82,-10],[-43,11],[-76,49],[-27,48],[-25,80],[2,98],[47,85],[104,50],[125,-14],[52,41],[19,36],[55,30],[29,55],[14,58],[40,41],[-14,26],[31,48],[-79,8],[-53,35],[17,33],[80,52],[72,24],[78,-6],[40,8],[-42,35],[-17,108],[55,48],[53,9],[82,34],[115,-11],[81,14],[118,44],[90,9],[130,-47]],[[94318,106237],[78,-73],[225,-71],[142,-27],[8,-63],[-217,-28],[-66,-73],[77,-107],[56,-25],[-82,-51],[-450,-39],[-305,-17],[-135,-15],[-81,-31],[-155,-41],[-75,-1],[-222,58],[-274,48],[-37,27],[-155,30],[-38,54],[126,74],[233,35],[85,53],[53,52],[96,55],[-168,-14],[-61,8],[59,69],[102,59],[101,27],[94,4],[172,32],[161,16],[153,46],[34,51],[218,6],[62,-43],[70,-17],[116,-68]],[[94709,105668],[78,-39],[40,-45],[-72,-42],[-16,-37],[202,-7],[49,42],[-8,35],[42,27],[238,-22],[83,-47],[64,-13],[75,-44],[40,-45],[-50,-24],[-46,-68],[-35,-190],[-48,-29],[-126,19],[-43,-9],[94,-40],[68,-61],[101,-21],[40,-83],[-168,-79],[-211,-10],[-140,-19],[-121,20],[-170,4],[-105,25],[-108,41],[-42,33],[-157,19],[-189,-9],[-90,60],[-135,-30],[-117,22],[-55,34],[-108,104],[-32,58],[-157,31],[-166,4],[-69,23],[114,85],[151,44],[140,79],[30,70],[128,43],[91,53],[100,-42],[74,47],[313,0],[240,29],[189,4]],[[96486,105106],[-47,-91],[-102,-143],[48,-3],[124,114],[85,10],[79,34],[82,15],[86,-17],[57,-68],[107,-23],[16,-60],[62,-28],[84,12],[91,-22],[37,-53],[30,-87],[-11,-58],[-163,-92],[-182,-11],[-198,-47],[-244,-2],[-71,-42],[-61,23],[-149,-12],[-333,-8],[-56,-31],[-170,-59],[-156,-45],[-82,-11],[-117,11],[-72,39],[51,29],[37,58],[161,100],[36,82],[46,64],[8,65],[45,47],[70,27],[87,-8],[-7,70],[16,52],[44,26],[7,62],[50,50],[118,32],[16,59],[80,12],[61,-65],[84,-5],[-24,73],[77,37],[131,-26],[105,-57],[-73,-29]],[[109163,102979],[115,-20],[37,-66],[55,-35],[54,-2],[44,44],[-6,103],[36,76],[91,46],[63,46],[88,-18],[88,-41],[157,-86],[159,-48],[88,-8],[128,29],[43,2],[536,-173],[35,-34],[-115,-25],[-75,-46],[-26,-31],[53,-60],[-162,-104],[-65,-26],[-67,-10],[-134,25],[-79,-1],[-77,21],[-119,94],[-31,43],[-10,69],[12,60],[45,16],[46,55],[-21,34],[-133,4],[-159,-37],[22,-126],[39,-69],[121,-132],[106,-44],[67,-58],[-119,-64],[-104,-29],[-63,18],[-102,88],[-82,-5],[-149,-37],[-222,-26],[-134,-22],[-88,30],[-85,43],[-53,-11],[-59,-122],[-36,-39],[-77,-18],[-80,27],[-264,60],[-31,18],[-108,113],[-81,29],[-78,43],[-72,68],[-20,57],[11,25],[106,-11],[-26,128],[18,121],[31,20],[119,-14],[-70,93],[42,49],[120,25],[79,54],[75,10],[131,43],[37,-3],[64,-54],[143,-59],[73,-38],[105,-77]],[[111463,102695],[91,-4],[149,47],[319,-16],[26,-17],[-11,-71],[39,-23],[102,-5],[66,21],[191,-11],[157,-15],[145,-75],[55,35],[45,1],[-60,-132],[-107,-48],[-169,-44],[-82,-15],[-186,0],[-258,18],[-69,15],[-159,83],[-164,25],[-151,72],[-189,52],[37,121],[62,102],[34,15],[73,-45],[14,-86]],[[122400,99873],[-23,-3],[-56,140],[19,36],[71,78],[117,58],[107,77],[57,11],[58,35],[39,9],[0,-337],[-41,-11],[-79,-48],[-169,-12],[-100,-33]],[[110087,89669],[74,-158],[3,-34],[-20,-81],[-3,-100],[61,-190],[43,-119],[22,-101],[13,-106],[2,-164],[-3,-53],[-20,-84],[-21,-22],[-10,-59],[-6,-165],[12,-86],[21,-60],[14,-64],[2,-70],[8,-30],[32,-39],[13,-31],[6,-106],[21,-33],[69,-460],[27,-139],[80,-240],[31,-146],[20,-69],[25,-148],[23,-82],[31,-80],[60,-71],[27,-40],[7,-32],[3,-112],[-15,24],[-17,85],[-29,49],[-86,109],[-54,86],[-54,42],[-51,20],[-29,2],[-119,-13],[-50,-17],[-45,-40],[-27,-58],[-19,-117],[-109,-416],[-26,-108],[-10,-117],[4,-91],[7,-33],[32,-92],[25,-52],[41,-38],[25,-43],[23,-62],[28,-138],[44,-128],[35,8],[44,-9],[13,-25],[19,-111],[13,-133],[-24,-81],[-16,-99],[-32,179],[-6,73],[-23,52],[-80,20],[-75,8],[-47,66],[-39,-6],[-34,-36],[-24,-55],[-35,-122],[-33,-167],[-20,-56],[-25,-51],[-39,60],[-45,272],[12,151],[50,208],[9,69],[-19,128],[-6,150],[38,136],[25,59],[11,69],[-16,172],[-36,116],[-45,110],[-11,60],[39,137],[14,67],[16,144],[25,160],[4,402],[-3,59],[-25,126],[-2,72],[12,91],[37,137],[-1,140],[-39,128],[-29,57],[-45,68],[-52,66],[30,33],[-30,35],[-18,54],[-2,211],[7,53],[41,122],[18,149],[6,152],[-12,62],[-5,125],[9,30],[39,42],[60,24],[61,-55],[35,3],[35,22],[20,56],[-26,31],[16,41],[43,13],[-13,39],[21,99],[-11,45],[-70,112],[-45,82],[74,-1],[22,15],[26,70],[23,-13]],[[383,100339],[179,-30],[101,-57],[27,-29],[152,-79],[3,-60],[-102,-61],[-82,-16],[-159,-17],[-215,-47],[-119,-10],[-77,30],[-91,14],[0,118],[0,134],[0,85],[106,26],[98,-8],[99,19],[80,-12]],[[73611,96368],[14,-65],[-6,-48],[-21,-15],[-34,50],[-42,23],[-9,35],[68,29],[30,-9]],[[75964,97311],[-14,-8],[-67,29],[-3,31],[55,-2],[29,-50]],[[79439,100208],[58,-79],[41,-15],[4,-34],[-54,-80],[-73,34],[-32,59],[-66,43],[-41,-7],[-60,29],[16,44],[73,18],[91,9],[43,-21]],[[118709,89775],[15,-33],[-138,115],[-64,60],[8,39],[27,-37],[40,-17],[59,-49],[53,-78]],[[116213,99871],[-74,-3],[-23,20],[5,51],[40,-6],[52,-62]],[[116468,98677],[-3,59],[-32,30],[-62,23],[-16,18],[-4,54],[13,84],[-27,46],[9,39],[73,45],[62,60],[38,-29],[-3,-56],[-23,-40],[-57,-14],[-8,-28],[15,-164],[42,-84],[-17,-43]],[[113541,103161],[-34,-22],[-78,36],[82,32],[30,-46]],[[112266,103495],[-256,-7],[110,62],[187,0],[-41,-55]],[[108450,100296],[-85,-53],[-87,38],[-65,-17],[-63,28],[16,34],[53,15],[182,5],[49,-50]],[[98127,104409],[-73,-45],[-46,25],[-117,-2],[-201,28],[58,17],[316,13],[63,-36]],[[99758,103471],[63,-69],[-44,-37],[-81,54],[-48,8],[-48,52],[158,-8]],[[94319,103259],[-61,-41],[-17,-57],[-66,21],[-90,3],[-57,21],[-125,13],[24,46],[73,-25],[66,28],[124,-14],[41,21],[88,-16]],[[94236,103723],[-147,-32],[-60,29],[-108,-6],[19,28],[149,25],[230,68],[11,-48],[-94,-64]],[[91926,103824],[-73,-3],[-54,27],[47,46],[115,6],[17,-36],[-52,-40]],[[86859,101144],[-76,22],[-87,41],[-27,29],[33,55],[72,13],[108,-14],[81,-29],[-75,-18],[-33,-39],[4,-60]],[[87148,101506],[-45,13],[67,39],[123,21],[42,-15],[-78,-56],[-109,-2]],[[89891,101888],[-47,-20],[-86,23],[-116,10],[29,22],[84,15],[125,-18],[11,-32]],[[84364,99067],[-27,-54],[-57,3],[-24,23],[65,57],[43,-29]],[[85277,97188],[-60,-8],[-66,47],[-62,93],[12,22],[101,-9],[95,-25],[-7,-60],[17,-19],[-30,-41]],[[78467,105616],[-28,-9],[-142,61],[112,45],[125,-7],[23,-29],[-84,-40],[-6,-21]],[[78929,105535],[-326,-12],[-123,35],[288,70],[108,-28],[-3,-36],[56,-29]],[[78706,106220],[-81,-1],[-51,48],[119,30],[78,-39],[-65,-38]],[[80318,105740],[-97,-29],[-74,18],[89,43],[82,-32]],[[79954,105863],[-47,-32],[-158,34],[30,25],[-8,56],[181,-41],[2,-42]],[[81753,105542],[-122,-20],[-141,38],[29,43],[185,40],[88,-22],[37,-55],[-76,-24]],[[81389,106216],[96,-89],[-14,-73],[-197,-10],[-118,18],[-64,60],[-117,16],[-67,64],[68,18],[84,-10],[134,54],[195,-48]],[[78539,98854],[6,-60],[-41,-32],[-24,55],[-59,-46],[-27,-48],[-73,-71],[-152,-51],[-92,-22],[-83,-6],[-78,44],[-42,86],[-13,60],[15,143],[32,47],[74,57],[110,45],[92,1],[264,-125],[58,-33],[33,-44]],[[83010,106004],[-127,8],[-164,68],[203,90],[253,9],[81,11],[73,110],[168,13],[126,-33],[72,-54],[19,-78],[-150,-70],[-153,-39],[-401,-35]],[[81162,105646],[-53,-11],[-139,21],[-38,34],[-32,126],[-60,44],[22,16],[152,-11],[327,-7],[168,-30],[96,-45],[-292,-15],[-39,-14],[-10,-59],[-102,-49]],[[82599,106088],[20,-25],[-52,-111],[-104,-9],[-59,-41],[-107,-19],[-79,-53],[-112,10],[-152,36],[-214,-38],[-103,45],[-21,42],[34,87],[70,65],[171,19],[63,-29],[70,2],[284,36],[96,19],[173,-16],[22,-20]],[[82249,106160],[-107,-13],[-173,16],[-90,18],[180,64],[297,10],[38,-33],[-145,-62]],[[79650,105685],[-227,-8],[-175,25],[-44,31],[159,35],[59,51],[113,7],[102,-56],[125,-34],[-112,-51]],[[80863,105787],[15,-20],[-15,-138],[-31,-15],[-269,3],[-162,18],[98,62],[4,84],[215,-6],[18,20],[127,-8]],[[81113,106530],[70,-39],[143,-12],[44,-28],[-66,-20],[-175,-12],[54,-70],[-35,-36],[-158,-38],[-215,63],[-105,-38],[-109,30],[-163,-22],[-85,76],[108,11],[127,-16],[85,52],[107,23],[128,73],[245,3]],[[80058,106263],[257,-60],[238,6],[103,-20],[149,-52],[225,-58],[4,-40],[-261,-57],[-170,-19],[-206,3],[-58,40],[-145,30],[-153,-8],[-47,28],[-158,19],[-7,36],[109,20],[17,52],[74,78],[29,2]],[[83104,106569],[-41,-8],[-220,7],[-204,61],[173,8],[313,-20],[-21,-48]],[[81278,106635],[-132,4],[26,46],[51,20],[385,16],[50,-18],[-18,-41],[-362,-27]],[[93007,105374],[-181,0],[-160,65],[-105,28],[-85,43],[-19,48],[121,42],[255,-2],[143,-31],[303,-34],[110,-23],[-69,-54],[-152,-50],[-161,-32]],[[92626,106278],[-118,-48],[-424,31],[-26,36],[58,27],[354,-10],[126,-9],[30,-27]],[[109491,101843],[-172,-50],[-34,2],[-77,52],[-27,111],[31,33],[73,18],[150,4],[65,-19],[20,-46],[-29,-105]],[[109891,101779],[155,-58],[240,-145],[41,-68],[10,-133],[-102,-15],[-120,15],[-170,5],[-74,17],[-181,19],[-141,49],[-177,38],[-92,-10],[-125,-46],[-83,-4],[-33,44],[160,20],[76,15],[73,51],[99,133],[69,54],[77,4],[212,26],[86,-11]],[[107764,102719],[-69,-17],[-100,5],[7,45],[41,70],[-11,38],[18,81],[59,19],[40,-64],[90,-55],[-63,-52],[13,-52],[-25,-18]],[[107848,101790],[-49,10],[-115,80],[-28,39],[-78,50],[-5,32],[82,-21],[139,-80],[76,-66],[-22,-44]],[[108444,90102],[30,-24],[48,4],[12,-17],[-37,-26],[-28,-56],[-9,-50],[-91,-98],[-21,-6],[-46,108],[-21,29],[-64,-50],[0,61],[37,68],[17,9],[48,113],[114,-54],[11,-11]],[[119106,99099],[-98,-5],[-193,58],[-70,29],[-121,77],[26,40],[113,67],[55,4],[347,-82],[20,-32],[-35,-38],[-23,-88],[-21,-30]],[[117208,92282],[-56,-58],[-16,43],[51,38],[51,98],[21,82],[-8,53],[149,50],[108,81],[19,-3],[20,-68],[11,-87],[-16,-54],[-115,-29],[-109,-58],[-110,-88]],[[118236,89945],[-2,-90],[-42,45],[-20,37],[-48,23],[-69,103],[-19,66],[-25,34],[-82,65],[27,7],[34,28],[118,-24],[-16,-44],[6,-48],[54,-99],[25,-34],[34,-27],[25,-42]],[[114198,86512],[-33,-27],[-36,16],[1,54],[73,165],[25,-10],[-6,-40],[-27,-61],[9,-74],[-6,-23]],[[114741,87348],[-27,-11],[-44,38],[-10,19],[16,33],[56,48],[37,-12],[-1,-57],[-27,-58]],[[114576,87128],[-44,-63],[-63,-16],[-31,-19],[-40,-65],[-38,13],[-15,20],[0,74],[-17,32],[8,21],[38,-3],[36,46],[84,20],[32,51],[37,125],[41,46],[32,9],[9,-63],[-7,-69],[-20,-67],[-42,-92]],[[113949,86188],[-13,-32],[-18,21],[34,37],[12,45],[25,0],[2,-29],[-42,-42]],[[114482,87450],[-31,-7],[-24,37],[-5,27],[34,13],[24,-15],[2,-55]],[[113614,85550],[-16,-35],[-23,14],[22,43],[17,-22]],[[113239,85013],[-63,-68],[-21,0],[-13,40],[51,10],[102,150],[24,20],[18,0],[-98,-152]],[[112450,84234],[-50,-32],[-32,1],[75,153],[44,23],[57,90],[118,111],[13,8],[70,-3],[-108,-122],[-14,-49],[-47,-52],[-35,-17],[-24,-24],[-67,-87]],[[112079,84032],[-63,-44],[-52,-19],[-88,-91],[-31,-49],[-44,-20],[-43,12],[-17,-57],[-16,-32],[-86,-98],[-35,-76],[-37,-14],[-69,-79],[12,67],[14,33],[57,61],[5,63],[31,56],[63,56],[44,72],[34,19],[38,61],[40,22],[-5,46],[18,52],[14,-4],[30,-72],[26,-2],[66,15],[98,126],[32,22],[36,-7],[-2,-60],[11,-31],[-16,-24],[-65,-4]],[[111436,83055],[-11,-18],[-25,16],[4,44],[69,30],[26,-35],[-63,-37]],[[111263,83522],[51,-45],[72,10],[-17,-41],[-28,1],[-48,-59],[-42,-7],[-21,-15],[-67,-88],[-9,-35],[-42,-66],[-61,-59],[-11,-113],[-39,45],[-4,46],[11,38],[70,79],[29,45],[8,36],[27,39],[13,35],[17,15],[58,141],[33,-2]],[[100069,102092],[-44,-79],[-96,-47],[-67,-63],[-200,31],[-188,79],[-47,50],[45,13],[83,-6],[23,15],[20,85],[26,14],[296,-43],[114,-23],[35,-26]],[[87401,105353],[75,-5],[305,-53],[77,-35],[-265,-8],[-59,35],[-165,21],[-34,41],[66,4]],[[88690,106096],[-316,-22],[-42,22],[82,70],[201,9],[212,-29],[-29,-37],[-108,-13]],[[85500,101282],[-100,-29],[-90,5],[-67,17],[34,87],[-8,84],[52,53],[69,20],[201,23],[99,-42],[41,-46],[81,-55],[13,-68],[-93,-8],[-232,-41]],[[87874,100783],[-167,-6],[-81,9],[-1,43],[84,45],[77,79],[69,40],[58,1],[181,-49],[29,-44],[-72,-40],[-50,-15],[-77,-53],[-50,-10]],[[88511,101050],[-24,-7],[-188,25],[-64,33],[-12,54],[173,126],[66,-34],[62,-75],[-1,-93],[-12,-29]],[[89422,102725],[17,-43],[-58,-6],[-136,-32],[-52,49],[72,52],[73,-26],[-5,54],[87,12],[2,-60]],[[82013,99319],[9,-88],[-13,-41],[-76,-25],[-65,19],[-73,-13],[-80,27],[2,32],[-27,46],[-122,35],[-66,-18],[-93,98],[-71,135],[16,31],[54,26],[40,46],[72,19],[104,-64],[112,-102],[108,-55],[74,-53],[95,-55]],[[68543,90218],[-34,-59],[-90,-125],[61,-22],[39,-23],[37,-5],[65,20],[12,107],[4,98]],[[68637,90209],[53,7],[19,-26],[38,-24],[108,-59],[68,-23],[168,-3],[22,-54],[37,-27],[29,-35],[3,-21],[-42,-128],[-10,-86],[30,-85]],[[69160,89645],[-12,-4],[-192,6],[-183,11],[-330,18],[-156,9],[-192,16],[-13,8]],[[68082,89709],[52,53],[34,55],[29,72],[10,107],[45,22],[99,-4],[43,27],[53,68],[76,114]],[[68523,90223],[20,-5]],[[73333,84290],[7,-20],[81,-158],[39,-57],[28,-24],[34,-4],[67,49],[27,8],[61,-19],[23,33],[31,18],[42,2],[46,-15],[51,-24],[-43,-101],[-19,-103],[-56,-24],[-60,3],[-63,-16],[-37,40],[-29,20],[-36,10],[-34,-12],[-39,-75],[-69,-51],[-23,-58],[-68,13],[-58,-10],[-85,-53],[-64,-114],[-70,-72],[-56,-21],[-53,6],[-34,21],[-70,76],[4,26],[23,52],[28,142],[-4,45],[-16,72],[-55,56],[-44,-11],[-26,16],[-92,95],[-49,6],[-55,-19],[-21,14],[-15,33],[109,118],[108,97],[46,10],[64,45],[68,68],[-9,53],[-15,40]],[[71527,83996],[-24,-174],[-27,-85],[-173,-53],[11,26],[-12,78],[17,31],[-40,11],[-30,-46],[11,-67],[-26,-59],[-1,-49],[-13,-45],[28,7],[-13,-43],[-52,-82],[-18,-48],[4,-194],[-23,-116],[-1,-35]],[[71145,83053],[-72,2],[-53,17],[-58,31],[-57,103],[-49,-20],[-23,26],[-38,14],[-46,0],[-104,78],[-12,14],[-81,-13],[-123,-39],[-93,-48],[-96,-85],[-39,-64],[-45,-35],[-65,-25],[-115,10],[-249,67],[-70,-20],[-93,15],[-142,42],[-106,12],[-105,-24],[-17,18],[1,52],[14,24],[39,38],[1,19],[-28,30],[-58,43],[-24,26]],[[68298,84523],[14,15],[77,21],[37,-21],[40,38],[9,32],[26,9],[69,-11],[39,38],[14,55],[25,12],[-5,47],[23,75],[61,60],[-7,30],[60,131],[3,50],[42,58],[28,103],[43,57],[2,68],[38,42],[62,97],[68,27],[24,-8],[39,25],[69,91]],[[70474,85859],[57,-2],[39,-28],[27,-35],[59,-121],[27,-74],[16,-76],[19,-49],[39,-54],[56,-132],[52,-70],[30,-70],[74,-85],[27,-115],[30,-95],[-5,-82],[7,-35],[-43,-194],[-6,-103],[5,-91],[14,-71],[1,-41],[-29,-29],[47,-93]],[[78723,71284],[14,61],[-23,180],[-8,137],[3,29],[14,32],[21,72],[13,69],[33,160],[37,61],[52,46],[43,-89],[53,-67],[10,-75],[-16,-62],[-14,-98],[12,-84],[28,-149],[2,-60],[-7,-54],[-19,-47],[-35,-138],[-11,-14],[-44,-24]],[[55531,76301],[47,-33],[43,16],[52,-42],[28,-10],[-49,-68],[-62,9],[-52,37],[-19,28],[-5,25],[17,38]],[[58869,78978],[-30,-7],[-117,-101],[-35,0],[-68,45],[-119,14],[-38,13],[-48,-29],[-37,0],[-30,-36],[-21,10],[24,83],[38,164],[-1,100],[9,88],[-10,86],[-20,54],[26,140],[-3,72],[-24,91],[73,-14],[-44,58],[-41,-3],[-61,-35],[-40,-5],[3,56],[-16,73],[25,19],[29,6],[24,31],[15,35],[-8,62],[22,59],[-6,11],[-46,-112],[-15,-57],[-76,-28],[-40,21],[0,76],[14,66],[6,94],[21,84],[-7,57],[19,33],[23,21],[35,73],[50,172],[56,184],[-16,39],[4,49],[34,216],[14,27],[16,64],[4,102],[6,70],[-6,77],[-22,81],[-23,171],[-2,57],[19,30],[-30,3],[-15,38],[4,41],[34,68]],[[52858,78842],[-45,-11],[-13,33],[11,14],[28,3],[19,-39]],[[50774,80361],[-15,-29],[-34,21],[7,64],[21,15],[20,-26],[1,-45]],[[52159,79887],[-6,-5],[-71,16],[-20,23],[-8,42],[43,23],[45,-8],[29,-30],[0,-39],[-12,-22]],[[51920,79833],[-17,-8],[-90,48],[-33,22],[-42,55],[119,-67],[63,-50]],[[51625,79814],[-35,-2],[-33,47],[49,25],[25,-32],[-6,-38]],[[51794,79768],[-29,-41],[-34,17],[-42,-3],[-26,34],[-6,34],[13,22],[37,0],[87,-63]],[[52646,79389],[22,-4],[108,8],[30,-6],[-3,-45],[-21,-19],[-64,-12],[-101,29],[-34,40],[-4,42],[21,10],[46,-43]],[[67818,86636],[-9,64],[-72,89],[-11,75],[-16,15],[-57,17],[-15,-10],[-34,32],[-36,17],[-24,27],[-15,-23],[-38,-17],[-28,21],[-15,32],[-41,37],[-13,26],[41,22],[8,23],[-5,42],[-56,-22],[-48,-5],[-89,76],[-58,24],[-39,-1],[43,-96],[-2,-14],[-50,-32],[-56,-55],[-27,15],[-38,79],[-52,74],[-36,17],[-6,18],[24,36],[25,11],[22,46],[-47,51],[-74,-16],[-20,-11],[-20,36],[-19,4],[-55,39],[-30,6],[-99,39],[-26,44],[-6,47],[-91,35],[-3,-80],[-30,-15],[-29,-2]],[[66446,87473],[36,93],[16,53],[18,98],[-37,131],[-62,38],[5,64],[-39,90],[-8,38],[25,44],[26,111],[-16,17],[0,61],[-9,26],[-36,39],[-6,29],[5,45],[17,60],[-36,73],[-89,84],[-42,60],[3,34],[19,31],[34,27],[25,49],[15,58],[1,53],[-40,169],[-13,108]],[[66258,89256],[78,-36],[22,22],[2,72],[-71,22],[-46,7]],[[66243,89343],[-2,50]],[[66241,89393],[14,-12],[45,-4],[114,58],[195,76],[209,71],[97,22],[37,44],[28,47],[62,72],[112,27],[41,35],[87,48],[199,54],[82,12],[81,1],[72,-42],[77,-53],[-28,-12],[-60,47],[-22,2],[51,-144],[28,-51],[58,-38],[47,-13],[147,23],[68,46]],[[69160,89645],[19,24],[24,-3],[42,-26],[9,-28],[43,-14],[69,-50],[28,-35],[10,-40],[1,-87]],[[69405,89386],[39,-211],[64,-204],[34,-152],[10,-129],[-5,-72],[-20,-24],[-124,-70],[-23,-22],[-71,-111],[-2,-50],[89,-54],[48,-41],[18,-39],[0,-42],[-16,-58],[7,-44],[-28,-61],[-2,-57],[23,-63]],[[102700,67450],[52,-32],[115,-117],[43,-29],[44,-21],[34,-7],[31,28],[13,27],[24,70],[26,9],[27,-60],[5,-52],[-7,-53],[-24,-48],[-16,-58],[-9,-191],[0,-57],[8,-55],[21,-87],[11,-25],[32,-31],[9,-24],[6,-80],[38,-33],[-17,-83],[-14,-105],[-69,-240],[-4,-52],[-27,-104],[-54,-16],[-64,-51],[-35,-38],[-31,-51],[-12,-66],[17,-62],[-1,-35],[-40,-100],[-13,-57],[-20,-58],[2,-36],[12,-31],[38,-135],[51,-163],[-23,-34],[1,-62],[6,-62],[36,-154],[5,-41],[12,-34],[37,-58],[57,-45],[45,-11],[6,30],[21,11],[-5,30],[-25,42],[0,23],[28,26],[34,45],[37,37],[46,-3],[46,-21],[32,-21],[27,-38],[28,-68],[19,-74],[-4,-107],[14,-23],[44,-3],[23,56],[3,62],[-16,24],[21,54],[19,-21],[19,-39],[68,-41],[32,-9],[30,-30],[15,-23],[-17,-49],[-69,-10],[-19,-36],[20,-73],[33,-60],[39,-101],[-1,-48],[-11,-51],[30,5],[29,-11],[38,-43],[26,3],[-3,-152],[-26,-140],[-33,18],[-29,58],[5,72],[19,70],[-11,14],[-39,-21],[-22,-5],[-38,9],[-77,75],[-30,7],[-8,34],[2,72],[-31,86],[-14,55],[-91,93],[-11,16],[-28,74],[-64,106],[-37,14],[-6,-27],[9,-41],[4,-102],[31,-58],[24,-104],[3,-88],[-26,-37],[-29,41],[-6,64],[-31,81],[-69,96],[-45,87],[-100,93],[-12,5],[-34,-19],[-49,-45],[-17,-32],[-2,-49],[-34,-39],[-48,-6],[-37,25],[-31,48],[-25,3],[-31,76],[-38,9],[-32,-59],[-6,119],[0,120],[9,34],[15,29],[80,126],[10,40],[-4,54],[-18,44],[-28,27],[-34,11],[-23,24],[-19,41],[-12,-72],[12,-106],[2,-70],[-11,-25],[-40,7],[-15,25],[-10,71],[-28,47],[-11,68],[-13,10],[-26,-5],[-19,31],[-13,79],[-2,85],[-11,71],[-16,69],[-9,56],[-14,252],[-10,43],[-32,64],[-2,29],[4,124],[5,30],[14,14],[35,-54],[34,-34],[32,-73],[11,-12],[39,2],[22,10],[18,58],[0,38],[-22,111],[-6,80],[-1,72],[6,73],[30,120],[3,84],[-2,111],[4,105],[-18,60],[-4,64],[49,325],[16,63],[11,65],[6,87],[37,24],[36,36],[38,-12],[60,19]],[[101407,61131],[-31,-46],[3,56],[9,52],[32,108],[23,33],[60,125],[52,81],[48,88],[47,18],[31,48],[78,159],[65,119],[66,150],[40,59],[61,138],[41,35],[28,42],[21,60],[9,70],[-18,98],[15,80],[12,37],[43,162],[12,33],[18,-21],[2,-29],[-10,-102],[11,-35],[-12,-57],[31,-153],[23,-97],[1,-32],[-32,-58],[-19,-17],[-40,-15],[-18,-17],[-29,-47],[-32,-118],[-82,-43],[-39,-27],[-18,-20],[-9,-34],[6,-59],[-70,-214],[-46,-103],[-29,-35],[-41,-20],[-32,-42],[-23,-73],[-27,-66],[-34,-49],[-37,-43],[-34,-32],[-37,-22],[-19,-64],[-35,-26],[-35,-35]],[[103176,63102],[39,-31],[39,27],[38,-7],[32,-42],[-13,-54],[71,62],[19,-4],[0,-57],[-13,-98],[-15,-55],[-20,-50],[-27,-36],[-31,-22],[-15,-21],[-4,-68],[-7,-35],[-33,-14],[-51,-68],[-111,-43],[-31,-29],[-40,-73],[-13,-9],[-6,31],[16,90],[-10,74],[4,71],[20,67],[10,73],[3,141],[15,198],[-13,50],[-43,21],[-17,21],[9,39],[16,27],[22,-1],[20,-26],[69,-51],[37,-44],[34,-54]],[[103392,61519],[-23,-8],[-24,4],[-16,31],[-27,131],[-32,32],[-37,24],[-35,45],[-51,132],[-5,80],[10,45],[15,40],[18,11],[64,8],[49,60],[4,23],[0,99],[-5,69],[-12,67],[31,62],[17,59],[9,117],[14,16],[67,47],[12,3],[86,-43],[19,-67],[1,-22],[-25,-123],[-29,-76],[-22,-84],[-16,-124],[-11,-41],[-27,-78],[-8,-42],[0,-94],[-5,-67],[54,-155],[5,-52],[-32,-94],[-33,-35]],[[103885,62933],[24,-21],[26,8],[34,50],[37,-18],[33,-100],[6,-47],[-2,-114],[-9,-103],[7,-22],[32,-41],[20,-62],[4,-80],[21,-66],[-2,-54],[-36,5],[-14,-33],[-21,66],[-19,27],[13,-208],[-34,39],[-39,24],[-11,21],[3,99],[-18,70],[21,150],[-4,62],[-16,61],[-27,51],[-16,0],[-38,-36],[-20,12],[-11,141],[-16,137],[-19,72],[8,30],[14,-13],[21,-36],[39,-38],[9,-33]],[[104112,63669],[24,-50],[5,-37],[-3,-41],[11,-18],[20,-5],[25,-20],[18,-38],[-11,-34],[4,-50],[-20,-64],[3,-113],[11,-35],[-2,-74],[5,-32],[30,-103],[5,-34],[-12,-53],[18,-3],[26,-42],[-9,-28],[-16,8],[-67,-13],[-41,19],[-27,2],[-27,76],[-22,12],[-19,34],[-30,85],[-10,49],[21,50],[7,39],[-1,40],[-21,-7],[-17,13],[-30,75],[-16,23],[-25,54],[-35,22],[-43,60],[-21,57],[-21,100],[-10,102],[93,-26],[93,5],[106,23],[31,-28]],[[102565,64261],[17,-6],[55,19],[21,-10],[16,-36],[33,-29],[27,32],[29,-36],[24,-67],[29,-49],[27,-35],[6,-26],[-17,-43],[-5,-55],[2,-58],[21,-124],[-7,-34],[-22,-47],[-15,-53],[-6,-76],[-25,2],[-29,-53],[-41,22],[-3,31],[-49,89],[-14,40],[-1,43],[-7,40],[-15,36],[-20,28],[-7,26],[-5,111],[-28,101],[-10,24],[-26,25],[-22,31],[-18,83],[-41,12],[6,37],[16,27],[23,4],[63,-15],[18,-11]],[[104373,61678],[27,-37],[37,9],[-1,-94],[6,-27],[33,-81],[5,-66],[-20,-62],[-41,-73],[10,-42],[38,-12],[28,-35],[5,-98],[27,-76],[-11,-171],[3,-60],[20,-46],[17,-20],[9,-30],[8,-81],[-4,-186],[-12,-44],[-37,-102],[-49,-80],[-26,5],[-9,-24],[17,-73],[-7,-156],[-11,-108],[-16,55],[-11,57],[-10,151],[-13,68],[-20,63],[-8,55],[-20,52],[-26,135],[-18,-8],[-29,-36],[-16,-98],[-33,-55],[-27,-66],[-22,-71],[-6,-66],[17,-51],[18,-22],[35,-66],[28,-150],[0,-153],[-21,-67],[-52,-128],[-37,-41],[-20,21],[-16,77],[-3,32],[11,74],[1,66],[-12,23],[-20,-14],[-34,-88],[-13,-22],[-37,3],[-99,76],[-81,76],[-64,70],[-46,107],[-9,79],[-1,83],[-21,122],[0,81],[20,76],[25,37],[25,58],[7,40],[-2,40],[-8,25],[-40,88],[-33,53],[-70,49],[-33,47],[-39,8],[-20,-15],[-5,-32],[-1,-56],[-29,-160],[-37,35],[-36,41],[-13,62],[-15,44],[-16,-54],[-20,-42],[-50,-11],[-8,18],[-10,102],[-26,32],[-33,-7],[-41,-56],[-17,-69],[-44,-137],[-23,-106],[-25,-103],[-27,-56],[-24,9],[-22,25],[-20,67],[7,76],[41,103],[24,183],[5,94],[38,84],[32,51],[86,41],[29,24],[45,1],[36,13],[29,41],[1,84],[6,26],[27,51],[18,22],[49,15],[17,19],[32,82],[44,-34],[40,-17],[35,-45],[22,-72],[10,-151],[-8,-27],[-35,-54],[16,-6],[45,50],[22,18],[56,27],[13,17],[29,97],[14,76],[27,57],[16,4],[59,-52],[37,25],[11,79],[8,114],[7,32],[21,30],[25,-11],[35,-41],[32,-13],[13,33],[11,65],[13,0],[43,-22],[43,15],[11,78],[-7,84],[-34,244],[20,54],[18,2],[41,-65],[79,-88],[27,-53],[18,-66]],[[103473,61758],[-13,-16],[-5,40],[4,55],[26,194],[-6,48],[44,108],[27,100],[40,106],[5,56],[36,104],[34,145],[-2,48],[8,24],[6,66],[25,54],[6,-35],[-7,-68],[5,-49],[1,-63],[-9,-99],[8,-113],[-16,-115],[-18,-52],[-27,-36],[-28,-23],[-31,-58],[-19,-67],[-3,-61],[-48,-206],[-43,-87]],[[102979,67623],[-21,-45],[-11,13],[21,92],[19,12],[15,-33],[-23,-39]],[[102843,67913],[3,-56],[-19,1],[-31,35],[3,44],[44,-24]],[[102992,68537],[-15,-4],[9,58],[17,16],[14,-6],[-25,-64]],[[102965,68795],[-17,-51],[-11,29],[18,59],[10,-37]],[[102720,59662],[19,-44],[23,11],[37,-12],[6,-39],[-40,-44],[-25,46],[-47,-31],[-21,18],[-30,-16],[-19,35],[8,34],[47,55],[42,-13]],[[101328,60785],[-18,-47],[-19,54],[2,76],[6,21],[28,11],[1,-115]],[[102295,62401],[-41,-19],[-10,60],[30,55],[33,-22],[20,-22],[-32,-52]],[[102358,63446],[19,-10],[13,9],[12,33],[11,-48],[28,-41],[-10,-40],[-24,-5],[-24,10],[-25,-16],[-31,8],[-18,38],[-20,68],[-10,13],[10,71],[62,-72],[7,-18]],[[102338,63157],[-26,-21],[-6,14],[-5,52],[-24,111],[18,17],[41,-40],[13,-35],[0,-48],[-11,-50]],[[103228,62393],[-18,-7],[-20,-23],[-8,42],[8,72],[45,82],[20,-21],[3,-32],[-20,-97],[-10,-16]],[[103891,61967],[-4,-22],[-36,-2],[-25,-58],[-15,-15],[-81,-20],[-64,16],[-22,32],[-13,53],[-5,35],[31,64],[52,50],[12,38],[27,46],[55,15],[24,-21],[28,-37],[30,-25],[-7,-92],[13,-57]],[[102410,59154],[-21,-55],[-24,29],[-6,-28],[-30,-11],[-19,-45],[-28,-12],[-19,6],[3,39],[52,59],[33,22],[30,43],[14,5],[15,-52]],[[103038,59882],[-46,-8],[-26,63],[-3,28],[-22,31],[8,32],[28,8],[49,39],[79,-63],[12,-22],[-25,-14],[-17,-61],[-37,-33]],[[104391,61954],[-23,45],[3,55],[25,82],[19,-71],[-3,-49],[17,-41],[-12,-19],[-26,-2]],[[104265,62046],[-34,52],[-19,57],[-14,18],[10,46],[0,73],[28,43],[14,36],[13,-28],[-13,-91],[19,-108],[-6,-67],[2,-31]],[[102417,64429],[0,-43],[-58,62],[6,47],[32,-23],[20,-43]],[[102977,64298],[28,4],[41,-52],[2,-61],[-40,-99],[-44,48],[-16,28],[-5,60],[17,88],[17,-16]],[[103038,63562],[-27,-155],[-19,53],[8,34],[-16,28],[-4,25],[6,34],[17,31],[4,101],[35,32],[9,-23],[0,-47],[-13,-113]],[[103230,63533],[-18,-14],[-62,105],[17,23],[45,0],[24,-42],[3,-26],[-9,-46]],[[103444,63872],[-3,-31],[-37,45],[-38,73],[-36,40],[3,30],[29,4],[56,-129],[26,-32]],[[103612,63623],[-12,-34],[-41,107],[-11,39],[11,26],[30,-40],[23,-98]],[[103592,63520],[65,-74],[46,-125],[5,-97],[-4,-36],[-22,41],[-46,59],[-41,23],[4,32],[-43,55],[-27,65],[-20,13],[-19,-14],[-43,-98],[-46,-69],[0,27],[19,86],[11,137],[7,42],[-9,62],[-1,55],[77,-51],[33,-36],[5,-23],[49,-74]],[[103809,64355],[-9,-40],[-27,12],[-25,-34],[-40,46],[-6,36],[29,79],[-1,117],[22,49],[13,12],[29,-81],[37,-48],[-8,-74],[3,-45],[-17,-29]],[[103066,64614],[-1,-25],[-73,91],[0,45],[74,-111]],[[103018,65208],[-22,-70],[18,-83],[-11,-60],[-27,2],[8,44],[-4,40],[-12,24],[-8,48],[-15,29],[7,46],[45,5],[21,-25]],[[103796,62476],[6,62],[17,-16],[-1,-30],[-22,-16]],[[104125,62089],[3,-31],[-44,80],[-9,58],[15,-3],[19,-22],[16,-82]],[[103326,60490],[2,-30],[-35,-28],[-12,1],[-3,48],[8,22],[17,-20],[23,7]],[[104297,60213],[-5,-35],[-29,104],[10,70],[24,-34],[0,-105]],[[103896,63026],[-43,-4],[-18,28],[-23,84],[26,18],[25,-4],[18,-30],[20,-56],[-5,-36]],[[103964,61567],[-10,-37],[-38,31],[-10,26],[5,32],[29,11],[18,-33],[6,-30]],[[102752,67740],[-3,-42],[-17,22],[-2,55],[19,2],[3,-37]],[[102277,63047],[8,-33],[-11,-49],[-42,24],[11,26],[34,32]],[[103606,62896],[19,-82],[-26,0],[-10,60],[17,22]],[[103113,63670],[-18,-16],[-4,34],[14,19],[8,-37]],[[104360,61847],[-16,17],[9,73],[15,-33],[-8,-57]],[[103980,63090],[-7,-32],[-18,23],[-13,48],[15,16],[23,-55]],[[101422,60991],[-23,-15],[-5,39],[3,38],[25,-16],[0,-46]],[[103585,61626],[3,-64],[-31,-19],[-25,16],[-16,39],[55,54],[14,-26]],[[37530,53259],[-2,-41],[-28,-20],[-25,30],[-38,-10],[-26,34],[-9,33],[-21,27],[-43,-11],[-65,6],[-27,-9],[-23,-35],[-36,-75],[-58,-23],[-32,0],[-27,-23],[-42,-8],[-28,-20],[-111,-22],[-46,-43],[-94,-109],[-33,-23],[-39,-71],[-47,-67],[-32,-36],[-45,-17],[-19,-18],[-3,-47],[-22,-184],[-7,-87],[-30,-96],[-32,-89],[-24,-103],[33,-153],[4,-35],[-4,-40],[-14,-36],[-22,-25],[-29,-6],[-59,-65],[-67,-97],[-21,-44],[-16,-108],[4,-35],[12,-23],[12,-56],[-9,-45],[-35,-9],[-13,-14],[-25,-4],[2,-79],[-15,-31],[37,-61],[25,-53],[34,-27],[-4,-57],[-14,-13],[-1,-25],[32,-52],[25,-78],[0,-29],[21,-66],[0,-29],[64,-83],[1,-54],[18,-54],[35,-41],[77,-171],[2,-78],[-82,-181],[67,2],[68,-1],[71,-26],[77,-36],[22,-29],[17,-82],[2,-53],[30,-44],[-3,-99],[195,-1],[92,11],[35,14],[41,70],[26,21],[24,33],[29,60],[43,61],[29,33],[13,24],[33,26],[-18,-66],[-3,-48],[11,-52],[-9,-39],[-14,-35],[-1,-334],[-1,-403],[37,39],[28,-48],[20,-21],[17,-5],[42,12],[52,40],[37,33],[40,-2],[57,-13],[33,1]],[[37663,49088],[42,-134],[96,-302],[81,-256],[86,-270],[-27,-66],[1,-50],[-37,-41],[-38,-78],[-1,-52],[3,-260],[-3,-71],[-12,-60],[-20,-56],[18,-60],[17,-122],[28,-73],[7,-47],[-3,-18],[-32,-22],[-11,-19],[-2,-70],[-37,-58],[-27,-63],[-12,-15],[-14,-93],[-28,-31],[-6,-103],[15,-48],[49,-99],[5,-24],[-44,-100],[-40,-128],[9,-82],[60,-256],[28,-45],[30,2],[46,-27],[22,-32],[-3,-26],[-51,-49],[-9,-26],[-2,-42],[6,-61],[-38,-45],[-23,-34],[-23,-57],[-52,-111],[-6,-30],[-23,-10],[-41,-60],[-8,-30],[8,-29],[21,-23],[14,-35],[4,-73]],[[37686,45018],[-60,-89],[-41,-9],[-15,-24],[3,-51],[13,-71],[0,-57],[-13,-63],[-29,-70],[-45,-49],[-43,-25],[-66,-6],[-14,-7]],[[37376,44497],[-25,42],[-111,140],[-42,75],[-39,35],[-96,120],[-10,38],[-12,123],[-12,35],[-33,45],[-83,59],[-32,29],[-33,54],[-49,39],[-54,78],[-32,63],[-36,42],[-111,58],[-56,58],[-105,82],[-46,53],[-111,63],[-34,31],[-110,149],[-77,49],[-62,83],[-187,179],[-30,57],[-28,88],[-42,53],[-47,120],[-69,71],[-67,94],[-25,86],[-44,109],[-14,57],[-38,59],[-3,115],[-27,52],[20,27],[20,11],[25,179],[-13,89],[-70,162],[-25,78],[-18,100],[-28,60],[-41,124],[-25,111],[-55,80],[-16,29],[-8,41],[-31,29],[-1,85],[-22,161],[-30,82],[-111,152],[-2,58],[-9,106],[-24,116],[-123,357],[-30,107],[-31,173],[-27,99],[-31,175],[-46,133],[-28,114],[-31,143],[-3,77],[-56,133],[-29,120],[-52,101],[-50,77],[-23,54],[-72,259],[-9,77],[-50,142],[-49,103],[-30,82],[-39,74],[-240,228],[-84,95],[-29,45],[-13,71],[6,42],[25,39],[34,-30],[20,12],[17,51],[0,77],[-21,99],[-76,192],[6,40],[14,46],[-30,92],[-32,74],[-16,56],[18,217],[18,54],[116,219],[32,94],[50,57],[50,89],[61,67]],[[33997,53786],[18,-23],[10,-95],[8,-22],[1,-61],[-4,-18],[17,-86],[-6,-17],[-24,-27],[-13,-35],[-45,17],[-18,-20],[-7,-37],[8,-59],[11,-25],[35,-2],[-46,-115],[3,-23],[32,-21],[31,29],[33,66],[19,10],[27,-20],[34,-39],[57,-53],[53,13],[42,-53],[5,-81],[16,-60],[42,-100],[22,-18],[28,-1],[37,-19],[15,13],[20,59],[19,9],[-3,55],[7,35],[15,30],[60,65],[12,64],[-11,46],[2,36],[25,105],[18,106],[14,21],[13,68],[18,41],[-1,44],[8,20],[0,49],[18,102],[0,21],[21,-1],[20,-57],[23,16],[-12,52],[4,19],[83,188],[26,41],[171,107],[233,153],[109,143],[92,124],[153,327],[24,46],[19,134],[36,244],[21,-27],[33,10],[-12,152],[9,72],[-1,21],[-56,92],[-22,99],[-48,56],[17,22],[36,-21],[46,10],[19,21]],[[35716,55823],[21,41],[30,-5],[45,-66],[20,-21],[49,-7],[16,-61],[47,-44],[52,-92],[16,-39],[22,-116],[6,-52],[31,-74],[22,-17],[43,-20],[23,-43],[20,-16],[22,-44],[20,-14],[24,3],[24,-22],[19,-42],[11,-52],[19,-30],[9,-55],[-10,-63],[9,-34],[20,-27],[30,-29],[29,7],[14,-10],[10,-26],[24,-156],[-16,-79],[6,-44],[56,-38],[17,-33],[18,-9],[59,10],[31,25],[78,-48],[88,30],[28,35],[24,-2],[17,25],[45,76],[17,8],[66,-45],[22,-34],[16,-9],[17,-25],[34,-1],[34,14],[29,42],[49,24],[19,-7],[72,-77],[18,-40],[25,-8],[54,-44],[19,-24],[23,-15],[18,-34],[50,-31],[11,-27],[-3,-31],[-26,-70],[-92,-264],[-108,-306],[70,-53],[16,-2],[49,35],[34,-43],[14,-69],[11,-35],[25,-26],[26,-43],[17,-46]],[[41558,43368],[11,-81],[42,-107],[-2,-35],[10,-84],[22,-20],[8,-36],[-6,-17],[8,-41],[-5,-19],[13,-29],[11,-50],[1,-84],[-20,-81],[4,-56],[-25,-86],[11,-127],[-12,-95],[6,-37],[-18,-84],[10,-39],[46,-21],[34,27],[27,-19],[25,-33],[60,-10],[21,-10],[32,12],[33,-12],[69,-35],[56,6],[25,19],[23,-3],[38,83],[25,16],[18,-10],[15,-54],[26,-30],[10,-23],[19,-10],[68,0],[29,-16],[20,0],[32,-65],[3,-63],[14,-49],[19,-18],[10,-32],[-3,-43],[-9,-43],[1,-47],[10,-43],[0,-43],[7,-43],[14,-37],[4,-60],[-2,-43],[12,-60],[-5,-28],[-1,-74],[6,-29],[21,-37],[5,-111],[9,-53],[17,-25],[59,-16],[72,26],[57,54],[64,47],[64,-55],[24,-44],[43,-47],[-26,-50],[1,-46],[12,-65],[-11,-137],[-34,-211],[-14,-123],[6,-35],[-12,-61],[-47,-132],[-2,-89]],[[42766,40007],[-6,-267],[-15,-188],[-26,-140],[-24,-73],[-22,-10],[-15,-22],[-10,-35],[-18,-29],[-25,-24],[-14,-26],[-2,-28],[-25,-18],[-47,-8],[-27,-23],[-8,-36],[-16,-29],[-24,-22],[-11,-35],[2,-51],[-14,-42],[-28,-36],[-25,-1],[-24,34],[-31,22],[-40,12],[-33,-9],[-26,-28],[-24,-45],[-21,-61],[-22,-10],[-25,41],[-32,12],[-38,-16],[-30,5],[-24,28],[-34,3],[-47,-21],[-95,24],[-144,71],[-121,27],[-149,-26],[-13,74],[8,39],[24,30],[15,34],[6,38],[17,29],[27,20],[12,20],[2,38],[15,16],[11,58],[17,29],[-5,96],[0,59],[8,46],[21,51],[13,53],[47,54],[18,28],[9,62],[28,77],[10,53],[43,62],[19,40],[3,37],[-8,43],[-20,48],[-60,119],[-48,54],[-59,45],[-40,14],[-19,-16],[-20,13],[-20,40],[-32,32],[-70,35],[-158,140],[-63,67],[-22,41],[-59,75],[-97,107],[-74,53],[-52,-3],[-83,31],[-114,66],[-65,63],[-18,62],[-42,62],[-67,61],[-35,41],[-2,20],[-20,25],[-37,32],[-41,54],[-44,76],[-47,117],[-51,160],[-53,108],[-58,55],[-29,37],[-9,35]],[[40025,42082],[8,31],[51,297],[69,398],[0,312],[91,226],[32,89],[54,255],[84,24],[212,80],[149,55],[152,56],[159,4],[154,4],[119,-127],[191,-204],[8,-22],[6,-90],[-6,-102]],[[113568,52936],[-25,-47],[-16,43],[-36,79],[-20,85],[-1,43],[6,92],[-9,92],[-24,86],[-83,202],[-26,54],[-30,47],[-74,33],[-32,33],[-30,39],[-73,114],[-38,33],[-21,40],[-115,128],[-34,31],[-41,0],[-35,26],[27,16],[6,43],[-6,44],[58,-72],[61,-63],[18,-50],[30,-3],[55,-42],[37,-37],[36,-44],[40,-62],[77,-48],[50,-100],[51,-68],[18,-38],[217,-325],[36,-91],[3,-62],[-30,-77],[0,-62],[-7,-56],[-20,-56]],[[113210,53221],[18,-12],[51,65],[27,-46],[35,-22],[36,-12],[-14,-94],[13,-85],[-1,-64],[-16,-56],[-32,-82],[-32,-25],[-51,-6],[-11,-44],[3,-46],[29,-61],[22,-68],[-22,-63],[-37,-44],[-35,-22],[-59,13],[-61,-6],[-11,-23],[0,-40],[-20,-57],[-31,-57],[-35,-51],[-63,-59],[-43,-7],[-37,-28],[-35,-48],[-41,-24],[-39,-47],[-15,-8],[-81,-8],[-116,-2],[-34,-6],[-34,7],[-18,18],[-40,85],[-34,29],[-37,-1],[-51,-30],[-9,7],[-99,124],[-31,31],[-32,23],[-39,15],[-37,26],[-22,59],[3,77],[30,46],[45,-23],[34,13],[40,-15],[75,17],[42,-24],[41,-31],[39,-7],[40,7],[53,35],[68,-5],[45,47],[16,192],[12,65],[26,10],[17,-32],[-21,-41],[-10,-31],[-2,-76],[11,-75],[26,-58],[40,-8],[35,39],[40,8],[36,-38],[37,7],[17,24],[40,15],[17,15],[24,63],[16,73],[24,57],[64,94],[39,18],[45,-4],[33,34],[3,76],[-5,77],[-38,181],[3,61],[11,29],[37,0],[40,-10],[33,-50]],[[109479,50227],[-1,261],[0,378],[0,252],[0,484],[-19,40],[-19,62],[4,80],[24,99],[10,66],[0,432],[0,379],[0,253],[0,252],[0,253],[0,378],[0,373]],[[109478,54269],[45,-1],[27,-11],[171,-134],[51,-54],[18,-13],[33,-7],[77,-75],[115,-75],[122,-71],[38,-16],[38,-6],[85,-25],[45,-22],[65,-89],[33,-27],[30,-50],[45,-53],[36,-20],[42,-2],[44,10],[35,-14],[16,-19],[8,-36],[27,-49],[38,-22],[35,-46],[33,-53],[24,-55],[27,-45],[41,-20],[44,-3],[146,-272],[8,-41],[2,-179],[-17,-139],[37,-43],[50,-16],[70,-30],[68,-44],[215,-188],[30,-16],[43,-7],[44,3],[16,-9],[49,-57],[29,-61],[27,-66],[24,-33],[8,-36],[10,-110],[-3,-70],[-12,-25],[-35,-13],[-120,-12],[-81,14],[-56,-71],[2,-58],[49,-148],[30,-131],[23,-54],[36,-43],[32,-51],[29,-59],[61,-102],[34,-38],[38,-24],[66,-80],[27,-146],[14,-134],[70,-87],[25,-151],[20,-70],[32,-25],[38,1],[105,45],[34,-9],[17,-25],[6,-68],[-17,-71],[-4,-69],[20,-56],[53,-45],[20,-12],[95,-14],[38,-12],[36,-19],[13,-17],[-8,-30],[-77,-43],[1,-39],[38,-90],[32,-29],[41,-17],[40,-24],[53,-39],[60,-11],[44,-32],[62,14],[-53,-51],[-19,-12],[-65,19],[-13,-20],[27,-54],[40,-36],[14,-21],[-10,-25],[-46,-49],[-55,-12],[-61,22],[-42,27],[-24,59],[-39,52],[-28,28],[-35,10],[-36,-1],[-65,31],[-142,21],[-34,13],[-43,42],[-19,6],[-22,-14],[-55,-8],[-16,4],[-39,36],[-40,13],[-34,-13],[-55,25],[-41,11],[-35,35],[-39,63],[-19,76],[-30,71],[-37,59],[-80,96],[-17,24],[-31,87],[2,58],[-6,39],[-20,2],[-54,39],[-23,46],[-36,125],[-24,66],[-53,116],[-16,70],[-23,60],[-52,106],[-75,52],[-29,25],[-56,5],[-32,9],[-62,42],[-70,21],[-36,17],[-19,15],[-12,27],[-7,64],[-31,-8],[-30,11],[-30,23],[-30,13],[-20,-19],[-7,-50],[-27,7],[-28,-29],[-15,-32],[-28,5],[-58,32],[-26,20],[-40,77],[-13,0],[68,-245],[-35,2],[17,-48],[-37,-6],[-39,20],[-39,7],[-3,-27],[24,-107],[-56,-24],[-56,-16],[-64,-29],[-65,-2],[-67,26],[-32,-9],[-31,-21],[-27,3],[-34,92],[-7,-19],[22,-70],[29,-36],[35,21],[75,-6],[74,-61],[33,-19],[38,-61],[29,-55],[24,-63],[5,-25],[-2,-65],[-7,-33],[-47,-47],[-51,-35],[-75,-69],[-72,-77],[-38,15],[-34,41],[-49,34],[-22,8],[-85,-18],[-86,-9],[-36,1],[-35,13],[-39,25],[-38,-11],[-26,-29],[-29,-4],[-53,64]],[[111883,52271],[-14,-4],[-6,28],[-32,24],[-31,76],[0,65],[22,20],[71,-75],[7,-24],[-5,-71],[-12,-39]],[[111199,52954],[-23,-18],[-16,15],[-8,40],[6,39],[33,40],[14,-21],[6,-41],[-12,-54]],[[113468,53944],[-9,-55],[-20,32],[-15,46],[9,21],[24,12],[11,-56]],[[113273,54059],[-15,-30],[-35,78],[7,15],[43,-63]],[[112477,54925],[-1,-22],[-31,8],[-43,65],[1,39],[10,35],[19,-6],[31,-43],[14,-76]],[[112925,49667],[14,0],[25,46],[21,15],[14,-21],[-22,-149],[-19,23],[-75,41],[-2,58],[-19,19],[-11,57],[-25,64],[9,23],[16,-41],[64,-84],[-2,-28],[12,-23]],[[112675,49994],[-25,-5],[-56,87],[9,63],[24,33],[39,-36],[16,-82],[-7,-60]],[[112934,50466],[-21,4],[12,53],[1,45],[-27,28],[14,46],[25,20],[-1,-65],[8,-28],[-11,-103]],[[114016,48834],[-17,-23],[-37,-17],[-19,4],[-14,45],[32,-11],[-5,33],[46,-17],[14,-14]],[[110369,50622],[-15,-2],[-60,42],[-15,31],[70,-6],[18,-8],[2,-57]],[[111593,52517],[-18,-4],[-40,81],[3,31],[40,41],[26,-38],[5,-81],[-16,-30]],[[111556,54672],[114,-40],[-22,-25],[-44,-73],[-22,10],[-27,-13],[-47,-1],[-61,25],[-17,-21],[-21,6],[-30,-22],[-5,51],[25,15],[-3,53],[20,27],[36,-3],[32,19],[72,-8]],[[112705,54237],[-67,-9],[-25,10],[-22,35],[-20,56],[-27,24],[48,43],[42,13],[69,-54],[7,-26],[-5,-92]],[[112736,50085],[49,-50],[26,14],[14,-8],[32,-59],[5,-96],[-29,8],[-45,-1],[-35,15],[-48,5],[25,54],[-25,63],[1,47],[30,8]],[[113454,50326],[20,-10],[41,5],[14,-36],[35,-28],[14,-24],[-3,-26],[-21,-33],[-19,-13],[-51,36],[-4,26],[-24,41],[-41,30],[21,25],[18,7]],[[113762,48763],[58,-33],[19,-36],[-21,-16],[-49,-11],[-12,22],[-48,22],[-8,40],[-41,46],[-10,60],[35,-20],[77,-74]],[[110370,50528],[6,-27],[-49,37],[-48,62],[-10,28],[51,-29],[50,-71]],[[111833,54471],[-12,-32],[-25,2],[22,53],[15,-23]],[[113224,54132],[-9,49],[5,27],[19,-19],[4,-44],[-19,-13]],[[112863,49329],[-5,-49],[-28,14],[-1,41],[34,-6]],[[114589,51737],[-9,-58],[-14,12],[-29,-21],[-30,-42],[-34,4],[-33,16],[-32,30],[-29,38],[-28,59],[-18,61],[9,72],[-11,65],[-53,45],[-13,15],[-23,65],[-24,28],[-31,56],[-20,96],[-4,43],[10,125],[-3,62],[14,-5],[34,-42],[43,-12],[33,-49],[32,-98],[13,-55],[50,-67],[33,-106],[17,-23],[41,-25],[33,-46],[29,-53],[21,-55],[15,-59],[11,-76]],[[114141,52516],[-6,-5],[-15,78],[-7,101],[-8,25],[31,61],[18,-25],[2,-55],[13,-47],[-10,-103],[-18,-30]],[[35003,61266],[-24,-57],[-11,-42],[24,-44],[8,-47],[14,-51],[21,-52],[24,-95],[5,-38],[-6,-24],[-23,-16],[-21,-44],[-6,-54],[3,-27],[-64,-87],[-16,-14],[-11,13],[-13,44],[-25,47],[-13,-27],[8,-81],[-7,-33],[-21,-25],[-25,-133]],[[34824,60379],[-10,16],[-82,179],[-71,221],[-15,100],[36,4],[22,44],[-10,68],[35,52],[13,34],[10,-4],[22,-59],[33,-34],[40,-49],[-7,41],[-54,68],[-15,44],[-15,62],[-42,-62],[-11,35],[-32,4],[-7,-34],[-14,-31],[-20,57],[-15,112],[-37,54],[-30,24],[-20,36],[-27,19],[-37,57],[-44,40],[-55,14],[-67,-9],[-22,-22],[-22,-42],[-39,-32],[-24,-87],[-20,-44],[22,-28],[-128,-152],[-25,-23],[-57,-15],[-32,-47],[1,-85],[31,-49],[36,-91],[63,-115],[13,-41],[9,-62],[-33,-41],[-61,-5],[-21,-25],[-8,-38],[-22,-31],[-78,-31],[-61,-3],[-19,36],[-5,99],[-41,170],[-10,117],[-32,-28],[-7,-29],[-6,-86],[-8,-30],[-17,3],[-34,31],[-46,28],[-58,183],[-18,76],[-46,17],[-38,31],[-42,5],[-22,-17],[-21,21],[-4,51],[-44,-23],[-57,8],[-51,21],[-34,-11],[-29,-35],[3,-92],[-8,-18]],[[33126,60901],[-1,37],[-23,79],[-25,37],[8,32],[47,53],[6,22],[-4,91],[-21,65],[12,41],[48,58],[0,32],[-48,65],[-20,3],[0,242],[28,38],[5,37],[14,13],[54,-53],[28,44]],[[33234,61837],[65,-93],[-1,-56],[12,-80],[23,-11],[23,15],[6,-14],[-16,-31],[-4,-69],[38,-32],[19,-28],[63,13],[23,-7],[16,8],[-18,55],[-23,40],[20,5],[13,-28],[31,-34],[57,-119],[65,-29],[51,4],[48,16],[77,46],[55,84],[44,38],[144,79],[51,83],[41,21],[45,63],[25,49],[25,25],[76,-18],[49,-23],[34,3],[32,-16],[15,-36],[14,-16],[80,5],[66,-18],[144,-106],[86,-104],[45,-111],[110,-144]],[[34484,61028],[-7,-27],[-16,59],[2,68],[15,14],[20,-6],[6,-62],[-5,-29],[-15,-17]],[[33561,60443],[-19,-3],[-37,26],[-29,52],[-1,34],[15,52],[28,18],[20,-61],[-13,-23],[5,-37],[28,-28],[3,-30]],[[33346,61715],[-4,-29],[-26,52],[21,8],[9,-31]],[[34427,61015],[-15,-27],[-7,26],[11,27],[11,-26]],[[107302,60474],[-20,-14],[-10,48],[3,55],[14,42],[36,43],[-10,-100],[-12,-39],[-1,-35]],[[87578,78036],[96,-343]],[[87674,77693],[-16,-73],[-38,-33],[-37,-24],[-29,-70],[-35,-33],[-46,13],[-98,-55],[-44,2],[-61,-68],[-53,-36],[-35,0],[-52,21],[-65,40],[-25,24],[-81,4],[-122,43],[-100,31],[-116,-70],[-50,-143],[-6,-28],[5,-33],[39,-23],[16,-31],[2,-29],[-25,-51],[15,-56],[56,-9],[33,0],[14,-36],[-12,-37],[-47,-29],[-26,-32],[-8,-74],[9,-23],[43,-54],[7,-24],[-11,-76],[-43,-88],[4,-33],[41,-71],[33,-34],[28,-18],[9,-81],[-8,-31],[16,-26],[44,1],[36,-11],[26,3],[-7,-93],[5,-55],[9,-16],[36,-22],[67,3],[84,-56],[34,-58],[-3,-40],[-24,-46],[-62,-32],[-114,-87],[-35,-37],[-27,-44],[-16,-66],[25,-117],[4,-36],[-26,-174],[8,-33],[24,-13],[7,-48],[-42,-47],[-44,-41],[-14,0],[-42,-77],[-71,-155],[-37,-52],[-5,-52],[14,-44],[3,-36],[-16,-37],[-27,-44],[-51,-37],[-65,-38],[-29,-23],[-43,-201],[-44,-154],[-61,-170],[-15,-37],[-95,-83],[-97,-90],[-17,-33],[-39,-171],[-17,-47],[-61,-105],[-21,-81],[-6,-53],[-112,-57],[-85,-10],[-37,-14],[-105,-73],[-27,-2],[-21,11],[-29,66],[-7,64],[-20,29],[-28,24],[-29,1],[-55,-57],[-33,-52],[-33,-96],[-52,-137],[-59,-101],[-53,-85],[-11,-32],[-14,-105],[-9,-93],[13,-38],[78,-72],[60,-25],[51,-5],[18,-19],[14,-48],[-8,-159],[-18,-89],[0,-51],[8,-50],[56,-126],[20,-12],[62,-1],[22,13],[27,-24],[2,-26],[-2,-126],[18,-57],[33,-78],[26,-88],[25,-107],[34,-126],[-25,-43],[-1,-81],[24,-55],[-21,-24],[-33,-11],[-27,-51],[-30,-14],[-20,4],[-27,20],[-9,33],[-2,54],[-20,-3],[-68,-35],[-65,-43],[-26,-60],[-30,-12],[-45,-4],[-29,5],[-54,62],[-40,1],[-110,-3],[-23,11],[-23,-9],[-29,12],[-25,-17],[-9,27],[-24,-27],[-2,-187],[-81,3],[-69,-25],[-40,-44]],[[84645,70705],[-6,-37],[-12,-27],[-26,58],[-30,-12],[-30,46],[-15,-46],[-51,-11],[-8,68],[-28,-24],[-20,36],[-9,49],[-17,28],[-21,17],[-20,52],[-6,120],[-40,241],[-24,22],[-137,43],[-7,43],[10,113],[-4,71],[-44,95],[-12,66],[-36,56],[-35,16],[-37,-7],[-19,-22],[-11,-38],[78,8],[17,-13],[-1,-24],[-26,12],[-32,-1],[-120,-28],[-70,-40],[-93,12],[-117,-40],[-98,-2],[-40,-76],[-39,32],[-134,60],[-8,26],[-23,17],[-25,-31],[-17,-6],[-74,27],[-56,-20],[-20,-35],[-2,-54],[-70,11],[-39,17],[-54,-19],[-119,25],[-31,-6],[-44,-36],[-18,-28],[-26,-10],[-40,55],[-37,-43],[-62,-15],[-56,5],[-60,29],[7,10]],[[82401,71540],[9,52],[9,186],[11,66],[-2,48],[29,46],[19,200],[21,48],[75,47],[13,31],[38,-7],[7,44],[18,39],[25,33],[18,11],[68,20],[51,31],[104,-7],[26,21],[6,107],[22,26],[-6,73],[3,50],[21,29],[-16,51],[-30,28],[-86,-21],[-36,7],[-16,13],[0,66],[16,87],[-10,189],[-14,125],[8,124],[-16,31],[-52,-11],[-44,81],[-28,31],[-76,40],[-33,8],[-49,34],[-91,152],[-19,49],[-20,84],[-58,161],[0,42],[-7,25],[-162,302]],[[82147,74432],[130,-68],[265,-136],[127,-65],[35,-11],[372,56],[138,-42],[43,-24],[26,42],[32,29],[43,24],[43,12],[105,0],[31,-7],[61,4],[28,11],[166,77],[174,83],[19,19],[28,64],[-23,47],[-3,41],[15,52],[8,79],[-1,113],[-5,65],[20,121],[17,68],[58,53],[20,30],[36,92],[33,44],[33,25],[35,-3],[31,-36],[58,-15],[57,10],[48,27],[48,41],[-1,22],[-29,19],[-17,27],[-7,33],[17,20],[38,6],[95,81],[38,52],[11,25],[18,3],[36,-25],[42,-8],[26,24],[27,6],[26,-27],[37,-70],[30,-7],[35,20],[37,44],[67,124],[-13,308],[17,60],[23,37],[16,57],[0,51],[16,43],[17,116],[23,28],[46,19],[74,11],[116,109],[8,50],[-22,53],[-29,103],[-27,62],[-64,110],[7,68],[36,28],[89,-48],[55,-15],[81,1],[66,18],[70,42],[13,44],[2,155],[-25,38],[-20,62],[34,43],[17,51],[38,60],[23,55],[56,62],[30,84],[26,50],[-26,66],[0,25],[19,49],[-9,86],[-19,31],[-12,73],[-19,74],[-29,65],[-41,39],[-13,26],[17,49],[27,31],[51,76],[28,52],[26,36],[52,-2],[17,33],[93,92],[21,42],[31,21],[62,19],[66,40],[126,13],[42,11],[101,8],[122,4],[79,-40],[13,1],[53,44],[118,78]],[[86819,78880],[51,8],[26,-13],[42,-38],[56,21],[31,-8],[69,-37],[10,-19],[16,-90],[12,-9],[40,22],[31,-11],[36,-29],[23,-28],[32,-79],[14,-87],[-2,-132],[-22,-50],[14,-45],[43,-21],[11,-21],[15,-75],[35,-11],[46,16],[57,31],[4,-71],[69,-68]],[[81424,68445],[-28,-5],[0,79],[50,99],[33,114],[22,-102],[-39,-57],[-22,-98],[-16,-30]],[[80628,71401],[34,-163],[51,-152],[46,-84],[47,-115],[72,-105],[33,-36],[133,-74],[73,-28],[101,-27],[70,-57],[23,-4],[37,17],[26,-1],[67,-78],[20,-75],[27,-39],[24,-62],[16,-64],[57,-99],[39,-111],[41,-82],[36,-52],[54,-19],[44,-24],[5,-54],[-4,-72],[-9,-53],[-41,-103],[-9,-63],[-46,-106],[-50,-176],[-23,-39],[-81,-91],[-59,-109],[-69,-190],[-54,-188],[-20,-61],[-43,-12],[-28,5],[-20,18],[13,109],[-49,-18],[-53,-141],[-29,-62],[-6,-79],[-14,-101],[-21,-93],[-10,-78],[1,-45],[15,-108],[2,-111],[16,-147],[-47,-36],[-84,-9],[-86,-26],[-74,-47],[-45,-46],[-59,-103],[-35,-261],[-57,-111],[-39,-23],[-93,-10],[-131,-30],[-45,-27],[-77,-160],[-6,-50],[15,-37],[5,-40],[-7,-37],[-34,-102],[-38,-73],[-100,-46],[-36,27],[-34,14],[-65,2],[-105,-18],[-39,-55],[-61,-38],[-57,-60],[-106,-22],[-72,-47]],[[80523,72074],[28,90],[48,18],[25,75],[17,-18],[-4,-136],[-15,-189],[-22,-59],[-3,-36]],[[65279,92552],[-7,41],[-126,38],[-56,12],[-64,127],[-6,24],[2,108],[-10,49],[-24,10],[11,-68],[-25,-28],[-33,-14],[17,-47],[-6,-102],[-64,-135],[-22,-33],[-32,12],[-43,-37],[-40,-6],[-14,43],[-56,56],[-26,-4],[47,-63],[-27,-40],[-105,-55],[29,-32],[-25,-36],[-29,-5],[-20,-40],[-85,-66],[-139,-167],[-71,-47],[-50,-49],[-44,1],[-56,-42],[-139,-36],[-93,16],[-64,-15],[-35,30],[3,44],[-38,7],[-24,-53],[-48,18],[-12,16],[47,63],[-11,24],[-92,3],[-114,67],[-27,35],[-92,57],[-41,60],[-24,66],[2,60],[12,94],[18,23],[83,-33],[84,-55],[76,91],[-76,-40],[-72,67],[27,78],[-10,30],[5,41],[33,42],[51,44],[36,41],[-9,19],[-41,-28],[-48,-47],[-59,-38],[-96,-39],[-32,-54],[-37,-23],[-64,-2],[-14,39],[18,141],[41,118],[34,8],[23,35],[102,-32],[33,45],[42,7],[77,46],[-85,-3],[-46,-12],[-24,8],[-11,35],[18,30],[73,74],[39,63],[10,63],[71,74],[58,34],[19,-29],[-16,-92],[45,95],[43,54],[7,30],[-157,-51],[-66,-46],[-17,-34],[-68,-87],[-9,-50],[-26,-27],[-35,-10],[-48,-64],[-22,-51],[-88,-83],[-16,-31],[-27,16],[3,103],[24,46],[11,44],[-16,42],[11,26],[58,-13],[40,2],[67,33],[-11,19],[-82,0],[-45,32],[-35,64],[-15,85],[10,24],[130,87],[-35,-4],[-69,-30],[-43,42],[-24,44],[-13,94],[5,48],[-5,63],[29,21],[66,-15],[74,6],[164,38],[105,-23],[42,2],[66,32],[57,4],[43,-25],[49,-54],[-2,47],[172,54],[20,20],[-68,8],[-20,48],[-24,-10],[0,-64],[-35,-9],[-79,-4],[-97,29],[-39,24],[-17,-57],[-37,-12],[-103,20],[-148,-12],[-67,-28],[-43,4],[-75,49],[-28,39],[-11,79],[4,35],[87,13],[27,19],[-58,36],[-23,48],[-35,15],[-23,41],[-7,61],[7,43],[19,14],[45,-10],[119,7],[111,-43],[77,-25],[153,13],[90,39],[-16,11],[-98,-23],[-90,1],[-225,58],[-70,-6],[-37,13],[-21,43],[15,83],[34,18],[40,-23],[43,54],[17,45],[63,42],[65,23],[24,-5],[35,-36],[43,2],[127,34],[38,38],[-80,-13],[-110,-25],[-5,24],[40,46],[12,39],[28,17],[90,7],[43,10],[184,-22],[70,-37],[56,13],[-43,28],[3,39],[91,30],[99,7],[-16,24],[-218,-36],[-57,25],[-44,0],[-29,-15],[-84,-17],[-15,12],[16,43],[77,105],[130,40],[62,47],[98,8],[83,-13],[37,-59],[141,-93],[-5,21],[-93,101],[-35,24],[-26,50],[9,47],[30,31],[105,16],[19,18],[-14,53],[-71,11],[-9,33],[13,23],[61,41],[91,27],[99,-32],[8,-17],[-28,-40],[28,-26],[56,69],[68,9],[60,24],[46,-62],[35,-28],[15,-52],[72,37],[52,9],[85,-13],[58,8],[-30,60],[18,42],[77,45],[56,13],[87,53],[-22,45],[-45,14],[97,65],[-52,28],[-79,-38],[-55,-42],[45,-46],[-38,-47],[-203,-124],[-97,-36],[-44,6],[-54,110],[-69,4],[17,55],[31,43],[54,33],[26,40],[24,63],[77,60],[112,149],[92,46],[33,52],[54,23],[46,41],[36,3],[66,37],[13,46],[-90,-39],[2,46],[16,47],[47,43],[229,127],[50,-58],[69,8],[78,72],[-8,32],[-69,-44],[-51,-2],[-10,30],[-46,3],[-22,21],[-4,52],[28,76],[48,90],[97,109],[21,60],[43,32],[74,2],[-20,38],[-62,31],[-3,20],[206,51],[98,-1],[29,25],[53,16],[40,32],[-20,13],[-100,-29],[-112,-22],[-80,-4],[-17,124],[13,67],[29,-1],[7,64],[34,38],[47,9],[59,49],[56,-7],[44,22],[-72,20],[-18,35],[78,36],[77,96],[34,-5],[46,30],[45,-11],[103,33],[218,5],[7,27],[-46,6],[-162,8],[-118,-8],[-10,26],[104,125],[71,46],[54,-12],[58,-44],[97,-25],[39,49],[-69,-5],[-46,19],[-35,35],[-10,33],[42,50],[-13,19],[-91,-51],[-63,-13],[-25,8],[13,46],[-7,37],[85,91],[77,3],[43,-25],[75,17],[-5,25],[-85,10],[-14,41],[59,21],[58,38],[66,11],[54,29],[19,-18],[19,-108],[48,-87],[-1,71],[38,38],[-37,51],[-29,85],[9,22],[63,45],[79,11],[84,-32],[78,8],[162,49],[-49,22],[-76,-14],[-211,5],[-24,40],[47,58],[80,37],[83,6],[89,65],[34,49],[19,76],[54,62],[136,35],[-8,104],[37,68],[36,26],[65,-69],[55,-26],[73,-5],[-80,74],[-4,35],[21,19],[71,2],[37,23],[16,62],[55,54],[166,35],[13,-14],[-10,-105],[-19,-68],[34,0],[43,136],[33,64],[36,36],[88,38],[22,-48],[-19,-118],[2,-37],[-21,-51],[-80,-112],[53,10],[98,107],[87,-6],[-61,62],[-10,36],[4,99],[27,39],[118,1],[66,-16],[31,70],[61,7],[53,-47],[132,-64],[-29,105],[-30,39],[-66,19],[-72,48],[-14,36],[62,16],[83,-18],[72,40],[21,-11],[56,20],[57,-19],[12,38],[89,22],[88,-43],[36,-126],[72,-68],[49,17],[-39,53],[32,88],[96,95],[80,49],[48,4],[85,110],[46,24],[-6,27],[-46,17],[-1,34],[60,40],[74,68],[59,-14],[72,-31],[76,-52],[58,42],[46,-7],[68,-29],[4,-23],[-39,-25],[-134,-139],[-22,-39],[-22,-103],[-52,-66],[-3,-46],[20,-22],[58,18],[70,61],[18,65],[176,177],[83,98],[94,80],[53,17],[25,-53],[-20,-71],[-40,-44],[30,-21],[-22,-113],[29,-20],[110,56],[67,145],[42,37],[81,0],[3,15],[-97,51],[-12,23],[33,31],[90,58],[74,-19],[112,-11],[85,-41],[-2,-66],[-38,-45],[-110,-49],[17,-34],[73,25],[20,-23],[-24,-56],[-13,-180],[49,97],[44,36],[16,73],[43,87],[75,65],[93,-2],[39,-19],[61,-59],[83,-18],[53,-39],[56,32],[36,5],[59,-50],[-8,-49],[71,3],[59,-15],[113,-76],[6,-79],[-162,-47],[-70,-46],[-115,-17],[-391,30],[8,-33],[272,-72],[15,-20],[-8,-43],[5,-59],[53,-32],[123,11],[9,59],[58,-4],[46,-25],[131,-7]],[[71274,98752],[-45,60],[4,36],[62,70],[72,65],[32,49],[-65,124],[-117,37],[-132,56],[-49,31],[-75,62],[-53,56],[-49,2],[-53,-14],[-132,-77],[-34,-8],[-58,14],[-67,3],[-73,-11],[-74,-83],[-102,-80],[-16,-40],[-39,-138],[-34,-83],[7,-97],[-7,-53],[-59,-65],[-75,-15],[-62,-60],[-30,-78],[-50,-29],[-47,9],[-34,28],[-126,37],[-114,54],[-49,4],[-50,-57],[-131,-40],[-61,-5],[-25,20],[-195,29],[-31,0],[-38,84],[-105,115],[-126,143],[-121,2],[-42,-17],[-31,-37],[26,-66],[-21,-25],[-60,19],[-73,-1],[-18,-21]],[[63086,93823],[-55,-1],[9,59],[31,13],[20,-31],[-5,-40]],[[63129,93341],[1,-74],[-31,5],[-18,47],[-5,86],[21,25],[20,-39],[12,-50]],[[71612,99233],[-72,-3],[31,71],[26,-2],[49,-40],[-34,-26]],[[65477,96643],[-23,-19],[-42,6],[7,49],[26,14],[43,-17],[-11,-33]],[[64283,95427],[-62,12],[56,28],[88,26],[34,-1],[-8,-43],[-108,-22]],[[64158,95222],[-73,9],[-29,38],[92,36],[22,-25],[-12,-58]],[[69390,99866],[-18,-38],[-110,-99],[-81,-33],[-59,11],[-33,-27],[-68,-1],[-65,29],[-60,60],[122,0],[24,28],[51,-4],[98,20],[36,-11],[82,65],[81,0]],[[70122,100069],[122,-24],[64,-67],[-127,-26],[-61,4],[-34,37],[-57,9],[37,39],[56,28]],[[69449,99701],[9,-53],[-32,-35],[-132,-78],[-18,48],[-65,16],[8,37],[75,44],[30,-7],[102,70],[23,-42]],[[69586,99712],[-65,-25],[-53,43],[6,79],[31,15],[102,-60],[-21,-52]],[[66126,98283],[73,-8],[-19,-41],[-48,-12],[-38,-40],[-67,-6],[-65,-45],[-55,-17],[-10,58],[34,46],[44,1],[37,53],[51,16],[63,-5]],[[65819,98039],[-51,-33],[46,121],[56,21],[-8,-58],[-43,-51]],[[66581,98704],[65,-100],[-17,-69],[-43,-35],[-112,-3],[-51,41],[-76,-27],[-39,19],[-11,30],[62,66],[84,-17],[24,76],[57,-12],[0,66],[46,-12],[11,-23]],[[68137,99494],[49,-9],[59,-46],[-27,-32],[-77,1],[-24,54],[20,32]],[[68482,99415],[-47,-20],[-60,12],[-18,49],[27,30],[55,17],[57,-16],[-14,-72]],[[67962,99401],[30,-34],[53,22],[37,-18],[-5,-30],[-51,-38],[-37,-55],[-69,-6],[-42,-32],[-69,-74],[-8,-38],[-174,-27],[-49,14],[-15,42],[48,6],[2,26],[40,57],[56,0],[63,35],[-4,41],[67,74],[65,47],[-5,50],[25,48],[28,2],[12,-43],[2,-69]],[[65662,96814],[-28,25],[41,38],[67,5],[-9,-29],[-71,-39]],[[65631,96903],[-27,22],[63,82],[32,-21],[-15,-66],[-53,-17]],[[65226,96171],[-19,-17],[-40,14],[-77,-11],[-32,17],[25,33],[71,34],[37,-1],[39,-42],[-4,-27]],[[67364,99109],[42,-36],[54,15],[49,-34],[26,-2],[25,-68],[-46,-41],[3,-82],[-130,-23],[-28,23],[-56,-41],[-55,-65],[-69,27],[-40,26],[44,16],[9,33],[-8,58],[9,49],[28,22],[95,-11],[4,36],[-49,24],[8,16],[68,17],[17,41]],[[66770,98466],[51,56],[51,19],[24,40],[7,60],[61,21],[52,-45],[22,-55],[-9,-51],[-62,-41],[-49,-18],[-96,-93],[-51,13],[-28,-33],[-83,-27],[-33,8],[-103,-26],[-38,14],[-102,-67],[-95,-12],[-32,7],[0,41],[112,89],[174,25],[109,109],[25,118],[26,42],[-41,28],[14,78],[88,79],[51,66],[53,15],[28,-17],[-5,-36],[-42,-64],[-61,-55],[7,-40],[25,-32],[7,-109],[-46,-72],[-11,-35]],[[58340,99881],[-49,9],[46,38],[151,72],[60,68],[118,23],[-1,-84],[-102,-38],[-114,-25],[-109,-63]],[[67950,102086],[-42,-24],[-61,37],[-41,46],[22,18],[109,2],[32,-38],[-19,-41]],[[70561,104730],[-49,-1],[-93,46],[-17,40],[60,16],[69,-54],[75,-17],[-45,-30]],[[72489,105643],[-324,-23],[-33,17],[649,83],[59,-27],[-351,-50]],[[68765,104698],[46,-15],[102,3],[56,-105],[31,-111],[51,-8],[184,22],[45,-8],[113,-55],[-101,-38],[-13,-60],[194,-73],[67,-6],[122,21],[226,-88],[-263,-62],[-98,-99],[-158,-73],[-95,3],[-103,-68],[-84,-5],[-43,29],[20,28],[-15,43],[81,44],[18,24],[-97,20],[-133,-43],[-344,-37],[-41,11],[-19,65],[112,34],[17,57],[122,127],[-196,89],[-65,67],[-19,53],[-88,46],[10,58],[-64,-4],[-49,41],[46,22],[233,26],[139,26],[53,-1]],[[68522,105725],[222,-4],[51,-52],[168,-62],[64,18],[22,63],[3,131],[76,7],[114,38],[105,-30],[-69,-148],[82,-5],[114,17],[90,61],[203,-6],[315,-39],[125,-36],[204,0],[145,-9],[98,-62],[18,-95],[-41,-26],[-293,-117],[-74,-37],[-124,-133],[-169,-40],[-135,16],[-125,-39],[-86,-53],[-62,-13],[-357,22],[-70,61],[57,51],[-325,-19],[-358,11],[-34,27],[-216,30],[-155,63],[50,26],[229,-1],[25,36],[75,37],[-111,16],[-115,2],[-77,-21],[-169,-11],[-157,6],[-74,15],[-136,61],[-24,44],[116,23],[89,43],[-175,15],[-146,52],[59,17],[236,14],[192,-48],[66,29],[-62,14],[-56,48],[47,37],[82,-45],[62,-14],[20,62],[-67,84],[81,6],[173,-44],[184,-94]],[[67120,105512],[61,32],[87,-11],[122,-35],[88,-53],[41,-59],[-92,-106],[10,-64],[49,4],[141,102],[105,-19],[57,-51],[29,-65],[-21,-76],[108,-65],[137,12],[89,-18],[49,-57],[75,14],[16,42],[102,-10],[105,-43],[-91,-49],[75,-46],[126,-34],[76,-35],[26,-35],[-100,-40],[-127,-2],[-115,-18],[-210,-13],[-133,-89],[-111,-99],[-34,-85],[13,-63],[-59,-25],[-84,5],[-46,-15],[0,-52],[-27,-160],[-46,-100],[-129,-16],[-76,-61],[-62,-108],[-99,-109],[33,-49],[-93,-98],[29,-95],[-43,-33],[-80,-16],[-82,18],[-76,57],[-236,115],[-144,123],[-258,93],[-76,63],[-48,68],[23,74],[104,10],[109,-34],[77,101],[438,59],[141,10],[141,-1],[-61,71],[-271,-40],[-161,14],[-83,-8],[-84,-30],[-169,-27],[-174,3],[-103,52],[-26,40],[-11,68],[49,35],[145,-8],[254,49],[118,43],[122,5],[-14,44],[74,25],[94,9],[214,-1],[77,11],[-160,49],[-29,35],[114,99],[-86,-5],[-127,-73],[-73,-28],[-90,-14],[-90,2],[-47,50],[-5,34],[43,70],[-56,6],[-31,-42],[-83,-15],[-70,50],[-75,-28],[16,-59],[-28,-55],[71,-48],[-94,-34],[-87,-55],[-155,-16],[-172,-5],[-166,92],[-78,60],[-60,70],[-101,30],[-65,46],[-6,58],[36,14],[-169,73],[62,20],[248,-49],[44,31],[-122,18],[-52,105],[65,72],[-36,15],[-136,-6],[13,-48],[-33,-33],[-106,-14],[-80,109],[-29,69],[-52,65],[25,75],[-43,57],[62,39],[109,-47],[21,40],[155,22],[137,-52],[60,49],[161,-24],[121,34],[200,18],[75,-27],[-2,-40],[-44,-23],[-252,-19],[-165,-72],[225,12],[40,-8],[17,-59],[230,-60],[-15,61],[9,64],[47,21],[69,66],[73,45],[81,-19],[76,-57],[207,-274],[216,-157],[-14,81],[-77,143],[-52,110],[-20,101],[48,95],[49,31],[-2,76],[52,26],[95,-17],[89,-71]],[[65231,104707],[126,-85],[71,-24],[79,-81],[20,-45],[-52,-5],[-70,65],[-131,68],[-86,15],[-114,139],[-54,42],[-24,92],[137,-35],[66,-76],[-26,-23],[58,-47]],[[67787,105757],[-74,-35],[-124,27],[44,43],[78,-6],[76,-29]],[[71302,104894],[222,-4],[-132,-33],[-147,17],[-132,5],[-155,-37],[-51,15],[79,35],[87,12],[13,21],[147,6],[69,-37]],[[104587,79352],[-21,9],[-69,51],[-57,-31],[-14,-40],[-15,-13],[-23,79],[-37,2],[-59,69],[-26,-14],[-6,-27],[-32,-64],[-45,-53],[-29,11],[-18,59],[-72,25],[-38,30],[70,66],[-11,34],[-57,-9],[-30,22],[-44,-7],[-30,17],[63,64],[2,68],[32,86],[32,47],[83,68],[35,9],[26,-3],[-1,32],[-22,12],[-42,-2],[-44,39],[-5,40],[86,260],[1,23],[-13,63],[-4,62],[-62,35],[-28,4],[-79,69],[-31,36],[-12,-11],[-3,-55],[-32,-24],[-11,64],[-16,45],[-53,47],[-19,26],[5,60]],[[103812,80732],[8,62],[32,49],[80,85],[19,40],[41,47],[37,3],[10,37],[98,75],[35,9],[60,74],[18,0],[28,55],[89,23],[26,43],[27,65],[37,37],[54,114],[27,23],[38,176],[48,52],[15,-5],[40,40],[35,-24],[41,-84],[3,-33],[97,-44],[33,-2],[19,-16],[39,-9],[79,13],[32,-8],[13,-21],[34,-16],[17,27],[31,81],[-11,58],[-26,27],[-51,124],[4,55],[40,15],[50,9],[41,-10],[68,7],[41,12],[60,-2],[92,112],[8,59],[33,62],[37,14],[35,-31],[27,31],[32,8],[7,16],[19,143],[2,45],[21,73],[6,44],[14,20],[42,-21],[20,7],[23,-35],[31,-16],[2,-92],[39,-71],[57,-59]],[[105969,82160],[-17,-18],[-61,17],[-49,-54],[-26,-20],[-19,-53],[-39,-32],[-47,-93],[-18,-56],[-41,-58],[-24,-73],[-2,-63],[27,-63],[2,-55],[-18,-112],[10,-118],[-11,-47],[-126,-81],[-33,-41],[-46,-105],[-56,-40],[-35,-43],[-48,-25],[-31,-75],[-34,-42],[-40,-25],[-31,-33],[-67,-2],[-48,-23],[-34,-62],[-102,-71],[-13,-53],[6,-83],[1,-63],[-9,-52],[-23,14],[-11,-16],[-13,-49],[3,-55],[64,-40],[40,-11],[30,-25],[63,-116],[95,-95],[27,-40],[15,-35]],[[63885,58633],[-33,-19],[-22,5],[29,82],[35,-25],[-9,-43]],[[66035,64400],[54,-134],[102,-255]],[[66191,64011],[33,-289],[13,-142],[26,-17],[48,-8],[36,-28],[21,-48],[13,-43],[-1,-103],[-7,-97],[-12,-63],[7,-85],[-7,-62],[-52,-56],[-71,-83],[-19,-12],[-30,-2],[-25,-21],[-31,-44],[-65,-166],[-57,-167],[-19,-137],[-22,-132],[-49,-84],[-9,-75],[-2,-63],[-6,-105],[-7,-51],[-8,-14],[-54,-32],[-30,-39],[-19,-76],[-7,-83],[-11,-93],[-5,-83],[-9,-43],[-17,-44],[-27,-49],[-24,-27],[-61,-18],[-31,-109],[-27,-85],[-1,-34],[-25,-177],[-45,-134],[-3,-85],[-71,-152],[-14,-45],[32,-97],[-96,-142],[-6,-21],[-3,-98],[-26,-61],[-52,-70],[-30,-22],[-28,-8],[-16,13],[-10,29],[-16,120],[-8,26],[-18,23],[-74,131],[-45,47],[-17,-17],[-12,-65],[-13,-25],[-24,-8],[-40,-1],[-30,10],[-21,65],[-93,-121],[-32,-26],[-41,-142],[-58,-70],[-40,-62],[-106,-193],[-22,-57],[-21,-84],[-26,-198],[-20,-165],[-29,-93],[-44,-133],[-10,-49]],[[64313,58842],[-14,-19],[-29,14],[-13,42],[-17,7],[-31,62],[-6,-11],[32,-156],[-12,-61],[-90,-2],[-78,-20],[-53,2],[-46,43],[-17,-25],[-60,-4],[-26,39],[-15,2],[-3,-62],[-49,-73],[-30,-4],[-19,31],[-9,51],[-6,76],[-19,49],[9,-81],[0,-77],[22,-59],[-35,-19],[-42,-2],[-11,71],[-7,13],[-9,-83],[-87,-24],[-15,19],[7,23],[-2,38],[-19,-29],[-3,-58],[-11,-9],[-33,8],[-36,30],[-59,73],[-72,118],[-11,54],[-21,65],[-16,67],[-21,114],[23,-2],[-28,43],[0,88],[45,26],[16,59],[-56,-45],[-52,51],[-11,31],[6,24],[60,1],[8,31],[-22,0],[-16,44],[-10,-33],[-35,-24],[-21,24],[-6,78],[-18,19],[-62,142],[-77,118],[-69,82],[-104,39],[-218,-2],[0,30],[20,13],[70,66],[-12,9],[-72,-42],[-26,-3],[-32,-80],[-192,-13],[-23,-4]],[[62317,59845],[1,36],[10,104],[13,73],[-15,87],[-3,79],[9,24],[1,234],[11,51],[-22,86],[1,66],[-5,65],[-7,29],[5,110],[4,138],[-3,61],[6,44],[4,107],[0,104],[14,165],[92,22],[23,65],[12,83],[-4,81],[30,71],[36,63],[-2,69],[28,37],[24,9],[28,34],[15,61],[15,96],[-24,67],[10,51],[26,48],[26,-9],[9,14],[17,107],[-1,28],[-25,72],[-14,193],[-27,60],[-51,136],[1,65],[21,82],[15,40]],[[62621,63153],[20,22],[3,19],[-15,41],[-2,37],[9,51],[-3,57],[5,291],[42,57],[61,95],[31,99],[17,75],[20,250],[32,27],[61,90],[48,34],[35,20],[55,17],[33,-7],[62,-4],[48,9],[40,49],[45,23],[118,-67],[118,-63],[21,5],[18,-8],[30,-35],[43,-73],[39,-75],[60,-159],[23,-41],[22,-21],[42,-6],[39,54],[35,17],[28,-4],[147,143],[57,-9],[47,-19],[123,-144],[101,-95],[71,-31],[83,-23],[141,-6],[107,201],[39,44],[48,41],[99,37],[166,25],[154,-11],[96,-35],[101,-65],[44,-63],[68,-11],[50,13],[16,62],[49,83],[36,32],[37,44],[61,52],[49,24],[45,61],[35,19],[61,2]],[[62621,63153],[-22,57],[-28,40],[-30,17],[-21,29],[-11,40],[-40,79],[-93,155],[-24,10],[-27,-19],[-27,-35],[-61,-21],[-35,-26],[-2,-21],[18,-117],[-9,-63]],[[62209,63278],[-15,30],[-51,118],[-42,107],[-1,44],[46,21],[8,33],[-5,45],[-18,61],[-29,48],[-41,-4],[-39,-50],[-17,-8],[-40,3],[-37,10],[-22,25],[-137,202],[-38,26],[-4,79],[0,96],[5,25],[62,-22],[11,18],[-27,34],[-36,34],[-14,52],[-28,37],[-18,9],[-32,30],[-45,18],[-64,167],[-19,65],[-6,39],[9,66],[-9,27],[-66,129],[14,178],[4,79]],[[61468,65149],[5,33],[19,10],[50,0],[97,-16],[79,17],[120,181],[191,18],[191,12],[198,12],[4,42],[16,12],[152,-45],[5,79],[64,99],[38,20],[20,50],[10,89],[14,30],[23,153],[36,102],[21,140],[3,134],[4,102],[11,21],[-1,181],[0,337],[-1,361],[0,345],[-1,109]],[[62836,67777],[75,26],[189,66],[255,89],[31,28],[145,228],[159,249],[88,139],[169,250],[117,125],[177,190],[176,190],[176,190],[177,189],[176,189],[177,190],[177,189],[177,190]],[[65477,70494],[177,-72],[169,-69],[170,-68],[40,-38],[205,-308],[11,-4],[254,235]],[[66503,70170],[38,-359],[29,-308],[2,-247],[12,-35],[27,-35],[107,-284],[-23,-49],[16,-88],[27,-38],[90,-169],[11,-33],[-5,-27],[-62,-199],[-10,-49],[-21,-433],[-13,-246],[-14,-294],[-12,-248],[-15,-329],[-15,-311],[-89,-170],[-159,-302],[-129,-247],[-65,-164],[-126,-322],[-56,-209],[-45,-109],[-21,-46],[53,-420]],[[33031,65200],[-20,-38],[-22,-73],[-8,48],[-13,6],[-16,-19],[-8,-28],[13,-37],[26,-11],[38,-253],[-8,-45],[-46,-131],[-23,-38],[-27,-160],[-26,-260],[18,-234],[-9,-215],[8,-51],[3,-64],[-29,-9],[-11,39],[1,34],[11,41],[-12,20],[-32,-37],[-11,-32],[12,-59],[17,-43],[6,-31],[-7,-37],[-3,-126],[-12,20],[-18,2],[0,-80],[-21,-44],[26,-24],[17,1],[13,-62],[5,-51],[-32,-47],[-29,-86],[-13,-79],[12,-105],[22,-75],[18,-48],[25,-10]],[[32866,62669],[-6,-50],[-18,-31],[-34,-27],[-37,-5],[-60,25],[-25,3],[-29,75],[-32,49],[-18,-3],[-30,11],[-50,33],[-22,4],[-72,-67],[-214,138],[-29,11],[-23,-54],[-18,-22]],[[32149,62759],[-1,17],[-28,68],[-45,82],[-173,253],[-64,151],[-34,108],[-33,57],[-93,116],[-22,46],[-93,155],[-70,90],[-1,39],[29,48],[14,-2],[41,-74],[29,19],[0,17]],[[31605,63949],[95,8],[18,11],[16,28],[9,40],[5,65],[15,27],[50,11],[6,18],[-6,58],[-14,182],[12,40],[43,7],[79,-12],[15,8],[32,81],[30,59],[21,26],[17,8],[19,-52],[67,-75],[19,9],[0,45],[17,32],[35,28],[35,50],[35,71],[30,43],[27,12],[9,20],[-6,26],[2,38],[11,49],[15,28],[28,23],[-1,48],[18,42],[42,35],[24,-12],[21,-48],[29,-32],[36,-17],[29,6],[21,30],[18,9],[16,-12],[18,38],[31,-17],[12,6],[17,35],[31,-10],[36,15],[40,38],[26,17],[13,-4],[16,19],[18,43],[42,19],[87,-9]],[[120441,30255],[39,-3],[37,45],[37,37],[39,31],[60,70],[90,45],[-17,-42],[-21,-14],[9,-39],[-19,-34],[18,-21],[15,36],[23,17],[-9,49],[28,-7],[45,12],[4,-24],[27,3],[-35,-87],[-33,-36],[12,-19],[49,48],[30,42],[-1,-52],[-44,-78],[-24,-9],[-23,-24],[-11,-39],[8,-48],[24,-35],[-27,-67],[29,8],[16,-12],[23,-40],[-23,-68],[-82,-142],[-30,-32],[0,-50],[-16,-37],[-85,-126],[-16,-27],[-67,-200],[-43,-85],[-51,-52],[-63,-39],[-27,-47],[-30,-38],[-33,-8],[38,-51],[-12,-28],[-23,-17],[37,-25],[9,-58],[14,-37],[48,-23],[42,-11],[9,-18],[6,-58],[-17,-48],[-50,-10],[-35,13],[-23,35],[-93,-12],[36,37],[-35,29],[-29,-32],[-4,-32],[-29,-23],[-52,64],[-32,15],[44,-97],[-34,-31],[-65,-38],[-79,-68],[-48,-1],[-26,-11],[-8,-45],[-36,-58],[-28,-136],[-11,-153],[-18,-90],[-42,-16],[38,-25],[-7,-38],[-42,-70],[-17,-40],[-18,-98],[-25,-90],[-39,-103],[0,-18],[30,-49],[-4,-48],[-122,-44],[-28,-31],[-51,-106],[-92,-107],[-79,-135],[-117,-43],[-83,-6],[-46,11],[-68,29],[-45,-13],[-21,-15],[-36,14],[-29,-10],[-19,36],[6,35],[-8,27],[-45,52],[-38,6],[-80,-8],[-54,108],[-49,27],[-17,-3],[-26,-47],[-15,-7],[-92,-6],[-91,15],[-35,18],[-6,39],[49,95],[-43,-44],[-27,7],[26,48],[-3,46],[-36,-41],[-41,-5],[-5,38],[12,56],[110,24],[40,14],[17,24],[-66,9],[-4,32],[25,60],[-47,4],[3,47],[12,36],[48,1],[-14,25],[11,38],[48,-48],[21,19],[6,54],[-33,27],[-2,62],[35,45],[26,2],[-12,31],[8,21],[74,84],[16,-6],[9,41],[32,19],[41,62],[30,29],[25,-18],[-1,76],[55,89],[61,83],[58,89],[31,32],[66,36],[53,-13],[63,64],[26,17],[38,-32],[-15,59],[12,26],[52,47],[66,48],[50,20],[55,59],[12,44],[54,47],[30,53],[29,27],[17,36],[21,11],[0,24],[76,61],[48,29],[20,-8],[6,30],[34,49],[44,81],[20,13],[55,122],[23,22],[-2,38],[15,63],[22,138],[21,66],[22,111],[17,23],[46,8],[54,56],[40,72],[22,58],[29,151],[15,158],[46,117],[66,85],[59,65],[24,13],[41,4],[38,-17],[-72,-17],[-9,-76],[21,-66],[35,-29],[40,-17],[19,-66],[9,-144],[16,-58]],[[120713,30513],[-45,-36],[10,80],[21,27],[32,23],[-3,-46],[-15,-48]],[[118268,27537],[-5,-46],[-67,19],[11,34],[41,18],[20,-25]],[[118348,27833],[15,-75],[-31,14],[-13,23],[29,38]],[[118746,26788],[0,-25],[-36,9],[1,-27],[28,-15],[10,-20],[29,5],[0,-56],[-19,-20],[-58,-10],[-37,-39],[-41,3],[-37,-41],[-53,-11],[5,38],[32,35],[8,61],[29,19],[1,35],[20,32],[-12,67],[6,61],[59,3],[65,-104]],[[121269,33360],[3,-34],[-26,12],[-10,26],[-35,34],[-3,52],[25,39],[35,-66],[11,-63]],[[120493,34195],[24,-9],[14,33],[24,32],[-4,-52],[12,-12],[75,-36],[15,-30],[17,-9],[19,26],[28,-19],[61,-53],[2,-46],[11,-52],[21,-5],[27,34],[13,5],[34,-103],[15,-27],[27,-79],[-12,-53],[25,-73],[-17,-5],[-48,12],[2,-14],[28,-55],[24,-76],[19,-46],[67,-141],[-10,-52],[2,-32],[-9,-30],[23,-75],[-14,-23],[-10,-77],[-9,-42],[44,-19],[13,-23],[21,35],[33,-37],[86,-51],[9,-29],[7,-72],[13,-31],[26,-6],[27,10],[9,25],[-5,70],[-20,113],[2,73],[-4,37],[-21,60],[-14,22],[5,34],[21,16],[23,-64],[52,-104],[31,7],[3,-43],[21,-44],[12,-51],[15,-154],[23,-144],[43,-63],[-21,-15],[-5,-24],[24,-27],[62,-22],[110,-93],[53,-37],[134,-60],[59,-3],[40,21],[36,37],[31,56],[27,63],[62,56],[34,38],[90,-8],[30,-32],[60,-45],[-7,-41],[-24,-60],[-18,-66],[-16,-150],[-11,-150],[-16,-67],[-30,-51],[-32,-38],[-37,-17],[-15,-86],[-8,-100],[19,-75],[-19,-60],[-12,9],[-16,49],[-14,22],[-45,15],[-45,7],[-39,-4],[-38,-21],[-57,-44],[-34,-51],[-26,-62],[-5,-117],[9,-30],[49,-43],[-48,-147],[-43,-154],[-52,-84],[-26,-92],[-47,-80],[-31,-60],[-45,-130],[-46,-95],[-20,-62],[-26,-52],[-49,-66],[-52,-57],[-129,-124],[-30,23],[-19,97],[-38,16],[-51,-25],[-10,17],[0,78],[-40,-29],[-30,-1],[-12,24],[17,44],[56,99],[57,131],[50,140],[13,73],[18,134],[-33,108],[-51,101],[-66,57],[-43,8],[-41,21],[-39,49],[-35,57],[-69,46],[-73,38],[-42,51],[-16,66],[1,34],[13,59],[13,19],[78,67],[81,38],[30,5],[58,75],[10,35],[7,112],[12,109],[22,126],[32,78],[10,49],[-13,78],[12,29],[31,28],[-28,74],[-40,146],[13,69],[-20,8],[-42,142],[26,5],[25,-78],[4,40],[20,25],[42,16],[-50,88],[-62,-27],[-42,27],[-24,109],[-8,26],[-66,145],[20,4],[53,-72],[17,56],[-2,37],[-32,47],[0,33],[15,31],[-2,21],[-30,43],[-12,4],[-5,-53],[-74,78],[-23,64],[-17,1],[29,-80],[47,-88],[8,-24],[-7,-31],[-16,-9],[-15,20],[-22,76],[-15,38],[-182,393],[23,52],[36,44],[14,43],[-28,-6],[-30,-43],[-27,-63],[-29,57],[-6,43],[-15,5],[-39,78],[25,51],[1,66],[-25,70],[-31,65],[-57,104],[-53,110],[57,14],[58,2],[-27,-66],[12,-38],[19,-32],[40,-99],[4,-28],[29,-51]],[[119098,23289],[19,-32],[-37,-14],[-29,26],[30,27],[17,-7]],[[118089,24367],[8,-53],[-58,15],[-21,27],[-14,-25],[-28,7],[9,28],[54,52],[10,87],[42,5],[14,-18],[-20,-33],[4,-92]],[[1304,28727],[-34,-16],[-36,-63],[2,47],[-11,19],[-31,-4],[20,-30],[-20,-28],[20,-58],[19,2],[18,-61],[-41,-17],[-22,-25],[-27,6],[-12,62],[37,66],[-11,30],[-27,20],[-60,-9],[16,48],[33,-5],[34,29],[133,-13]],[[1304,28366],[-15,-6],[-3,58],[26,8],[11,-28],[-19,-32]],[[3478,44039],[-34,-34],[-16,40],[14,51],[26,16],[14,-48],[-4,-25]],[[6910,42694],[-33,6],[2,24],[22,8],[9,-38]],[[63439,87405],[-67,3],[-36,13],[-18,43],[33,55],[5,35],[26,84],[-26,28],[-48,18],[-45,54],[-57,-16],[-33,12],[-39,42],[-14,66],[-39,-28],[-33,-3],[-31,55],[-42,-43],[-15,0],[-29,32],[-41,-29],[7,-38],[-35,-3],[-26,16]],[[62836,87801],[-75,35],[-63,-21],[-44,25],[-36,2],[-47,54],[34,30],[67,5],[48,-14],[87,-73],[45,9],[-11,21],[-55,29],[-25,28],[60,8],[-16,39],[-64,86],[46,114],[43,40],[57,86],[37,70],[26,82],[40,228],[31,82],[41,-20],[59,32],[101,84],[30,74],[30,33],[116,67],[64,19],[100,6],[71,11],[87,5],[51,-71],[31,-17],[47,-11]],[[63849,88978],[-2,-175],[-25,-71],[-36,-157],[-90,0],[-19,-64],[19,-41],[29,-14],[46,2],[23,-41],[-5,-70],[-15,-38],[-41,-43],[-37,-23],[-11,-39],[29,-35],[-20,-42],[-76,-36],[-32,3],[-24,-22],[-64,36],[-54,-30],[-21,-19],[0,-25],[36,-65],[13,-37],[35,-68],[0,-49],[-40,-115],[18,-48],[-64,-66],[-25,3],[9,-38],[38,-22],[15,-27],[-19,-97]],[[62836,87801],[-19,-50],[-45,-37],[-46,-24],[-25,2],[-26,27],[-59,20],[-37,-28],[-32,30],[-10,54]],[[62537,87795],[26,10],[56,4],[43,-19],[57,-9],[44,25],[34,-21],[39,16]],[[63417,89088],[-67,-11],[-9,19],[58,2],[18,-10]],[[63061,88846],[-33,-43],[-27,22],[10,35],[50,57],[0,-71]],[[62742,88020],[33,-34],[10,-22],[-43,-14],[-45,41],[-30,-9],[-11,32],[31,10],[55,-4]],[[38131,63431],[-16,-69],[-11,30],[-1,56],[-7,22],[-21,31],[0,28],[51,-44],[5,-54]],[[37554,63622],[-16,-8],[-42,67],[11,42],[21,-29],[26,-72]],[[37945,63379],[-18,-9],[-66,60],[-53,97],[-2,51],[28,-24],[22,-69],[63,-45],[26,-61]],[[91447,73197],[14,-17],[-1,-58],[-27,-113],[-15,-99],[-14,-171],[3,-29],[41,-98],[15,-75],[1,-51],[-36,-184],[-20,-29],[-50,34],[-34,-5],[-39,-19],[-42,4],[-33,11],[-43,-39],[-42,21],[-26,25],[-17,67],[-8,9],[-86,-71],[-21,-4],[-54,37],[-61,49],[-80,24],[-42,23],[-52,-31],[-21,3],[-19,21],[-10,46],[-3,43],[-18,29],[-27,7],[-94,-61],[-40,25],[-8,40],[-45,20],[-28,30],[-86,71],[-11,32],[1,69],[-15,59],[-45,30],[-86,50],[-47,40],[-22,-19],[-44,-16],[-23,-36],[-28,11],[-67,38],[-36,6],[-21,-13],[-5,-22],[-27,-24],[-77,45],[-45,15],[-68,32],[-19,96],[-16,8],[-61,-10],[-56,53],[-59,68],[-43,30],[-46,-29],[-33,29],[-92,92],[-60,71],[-25,40],[-24,59],[-142,127],[-56,68],[-24,10],[-13,-38],[-20,4],[-66,70],[-53,66],[-6,25],[11,77],[16,66],[35,58],[7,77],[0,66],[21,92],[29,98],[50,106],[22,34],[24,24],[47,77],[30,33],[34,-4]],[[89025,74622],[35,-80],[22,3],[27,32],[55,152],[77,31],[73,-15],[64,-22],[19,-51],[21,-81],[21,-32],[90,-76],[52,-69],[74,-91],[54,-41],[48,-3],[27,-36],[41,-72],[35,-83],[43,-76],[30,3],[91,57],[56,-37],[43,-191],[62,-68],[19,-31],[63,-58],[22,-40],[28,-22],[20,-3],[73,34],[31,-10],[-24,-137],[11,-35],[31,-15],[68,-10],[90,1],[28,-35],[28,-54],[39,-128],[14,-11],[23,15],[5,92],[20,20],[13,-15],[15,-43],[37,-39],[28,-19],[25,7],[11,15],[13,76],[21,11],[26,-6],[20,-45],[63,-33],[29,-25],[42,-56],[51,-10],[59,1],[54,-5],[20,4],[61,40],[25,3],[60,-13]],[[70010,44839],[-15,4],[-105,-20],[-40,-27],[-88,-117],[-41,39],[-18,7],[-78,-62],[-44,-47],[-36,-47],[-67,-121],[-18,-16],[-23,-2],[-7,42],[-34,96],[-55,127],[-27,17],[-41,-6],[-218,-66],[-153,-52],[-265,-67],[-88,-8],[0,-378],[0,-254],[0,-253],[0,-253],[0,-254],[1,-253],[0,-253],[0,-364],[-3,-24],[-164,0],[-175,0],[1,-150],[0,-356],[0,-178],[0,-356],[1,-356],[0,-328]],[[67005,38118],[-39,51],[-112,189],[-39,49],[-59,116],[-129,360],[-18,69],[-25,173],[-28,130],[-3,73],[14,43],[-9,57],[-15,51],[-43,67],[-13,223],[-29,145],[6,119],[-14,109],[-1,69],[6,132],[-24,153],[-47,149],[-44,215],[-5,94],[4,253],[-8,103],[0,122],[-24,194],[12,55],[20,-26],[8,73],[2,63],[-22,157],[-48,162],[-118,261],[-29,101],[-17,83],[-133,345],[-56,244],[-40,211],[-43,97],[-199,684],[-44,109],[-80,130],[-19,44],[-30,124],[-60,167],[-14,156],[-5,177],[8,135]],[[65400,45178],[54,14],[38,35],[34,3],[34,-28],[50,3],[65,-5],[80,65],[61,58],[47,29],[27,-2],[76,-22],[25,-20],[29,-63],[45,-58],[34,-33],[49,-63],[28,-13],[135,14],[200,-1],[261,0],[261,-1],[261,-1],[184,0],[191,-5],[31,-27],[34,-79],[45,-82],[37,-39],[44,-23],[41,-9],[39,6],[64,-11],[89,-27],[93,-8],[96,11],[68,-14],[39,-41],[40,-27],[41,-15],[56,9],[70,31],[60,-5],[27,-22],[16,-1],[186,60],[226,76],[151,52],[107,35]],[[72719,47187],[14,-19],[50,-152],[40,-90],[44,-83],[20,23],[94,27],[27,1],[18,22],[37,16],[42,10],[14,-10],[45,-108],[15,-201],[2,-136],[-6,-97],[-35,-112],[-7,-55],[-19,-86],[-26,-43],[-13,-35],[1,-36],[43,-84],[10,-36],[-3,-73],[16,-47],[29,-28],[29,-69],[50,-84],[59,-121],[29,-36],[22,-9],[10,-40],[-5,-47],[-18,-27],[7,-38],[21,-30],[26,-3],[31,21],[-4,180],[-18,104],[-21,49],[43,195],[23,54],[82,21],[37,19],[16,23],[13,62],[9,173],[4,162],[-9,95],[12,144],[18,89],[-9,17],[-7,120],[-122,292],[-82,189],[-80,157],[-36,57],[-19,22],[-65,18],[-17,31],[-17,48],[-5,89],[-2,67],[-7,114],[-13,161],[-6,46],[-36,237],[5,56],[62,177],[17,90],[4,43],[14,20],[57,8],[46,-1]],[[75196,49391],[18,-64],[32,-58],[-42,-64],[37,-41],[-28,-62],[-2,-42],[13,-43],[-19,-70],[-24,-54],[-6,-41],[22,-73],[-11,-128],[20,-117],[13,-99],[-10,-72],[2,-120],[5,-49],[-12,-62],[21,-22],[11,-67],[-3,-76],[-6,-41],[-37,-50],[-3,-49],[45,-1],[0,-148],[-6,-44],[11,-50],[-13,-55],[5,-97],[10,-140],[2,-172],[2,-28],[16,-20],[23,-9],[-1,-48],[-25,-62],[2,-92],[27,73],[17,0],[15,-29],[-2,-42],[2,-62],[8,-52],[-2,-45],[-21,-32],[-25,-54],[-2,-84],[-27,-31],[13,-49],[-1,-42],[-31,-131],[-84,-181],[-36,-64],[-35,-70],[-2,-53],[-40,-99],[-42,-17],[-24,-27],[19,-87],[-28,-20],[-47,-69],[-131,-133],[-20,-30],[-34,-82],[-43,-19],[-24,-24],[-44,-8],[-30,3],[-12,-17],[-87,-57],[-80,-46],[-20,-20],[-13,-28],[-71,-44],[-112,-111],[-91,-105],[-66,-105],[-18,-16],[-20,-37],[-14,-84],[-49,-110],[-73,-131],[-44,-109],[-3,-47],[-26,-15],[-22,45],[-9,-87],[-18,-7],[-20,18],[-49,-43],[-43,-50],[-69,-106],[-98,-206],[-143,-197],[-32,-5],[-45,69],[-24,5],[36,-75],[-4,-67],[2,-100],[-18,-195],[2,-43],[21,-54],[38,-68],[36,-84],[47,-242],[3,-124],[48,-158],[2,-70],[19,-171],[-2,-138],[-3,-85],[23,-36],[9,33],[-3,53],[6,86],[13,38],[13,-5],[12,-77],[4,-79],[-18,-175],[6,-71],[23,-118],[-27,-138],[-40,-325],[-3,-56],[11,-25],[21,-8],[8,42],[19,-25],[-18,-150],[-17,-66],[-63,-161],[-33,-69],[-56,-67],[-131,-106],[-264,-154],[-166,-120],[-132,-142],[-57,-96],[-24,-109],[-23,-51],[-23,-63],[39,-96],[49,-68],[16,86],[21,29],[-7,-105],[-16,-371]],[[73210,48429],[-17,26],[-17,-29],[13,-30],[14,0],[7,33]],[[73237,48368],[9,14],[3,36],[-26,14],[-6,-57],[20,-7]],[[60637,77689],[11,-46],[19,-36],[115,-136],[1,-19],[-20,-71],[12,-32],[26,-38],[2,-17],[-19,-62],[28,-119],[5,-115],[-7,-83],[4,-87],[24,-93],[-16,-154],[18,-85],[26,-67],[14,-123],[20,-57],[34,-51],[18,-17],[64,-76],[15,-53],[-60,-81],[-7,-41],[12,-66],[0,-36],[-16,-11],[-185,9],[-215,16],[-26,-2],[-116,-32],[-23,-20],[-20,-105],[-10,-24],[-144,-81],[-56,-11],[-33,8],[-42,-23],[-8,-27],[4,-66],[14,-47],[2,-47],[-9,-33],[-6,-68],[55,-54],[16,-29],[-1,-40],[-25,-35],[-97,-19],[-115,-133],[-71,-46],[-30,-13],[-55,-33],[-64,-54],[-32,-86],[-40,-99],[-39,-67],[-53,-63],[-111,-54],[-78,-25],[-72,-12],[-49,-1],[-42,7],[-9,-23],[-4,-77],[-16,-35],[-24,-22],[-75,21],[-81,15],[-17,-3],[-31,-28],[-39,-51],[-27,-43],[-20,-20],[-47,-10],[-21,-16],[-107,-135],[-91,-94],[-99,-132],[-35,-31],[-8,-61],[0,-185],[0,-414]],[[58433,73064],[-46,0],[12,-78],[3,-43],[-10,-63],[2,-32],[15,-73],[0,-25],[-14,-19],[-71,-19],[-70,7],[-70,-7],[-54,-61],[-56,-81],[-57,-7],[-45,38],[-11,-1],[-42,-30],[-21,0],[-36,25],[-67,56],[-69,18],[-57,-6],[-42,-25],[-75,-37],[-43,-17],[11,-56],[14,-30],[-6,-69],[-46,-70],[-28,-74],[-29,-66],[-16,-51],[-12,-68],[-12,-11],[-43,-10],[-51,-24],[-10,-25],[-7,-75],[-31,-143],[-48,-329],[-17,-87],[-24,-87],[-24,-37],[-71,-87],[-95,-99],[-24,-44],[-21,-62],[-37,-130],[-27,-68],[-28,-25],[-65,-44],[-27,-25],[-38,-25],[-24,-25],[-16,-36],[-31,-106],[-21,-112],[-20,-149],[-7,-87],[-17,-124],[-7,-105],[0,-87],[-10,-88],[-31,-74],[-24,-44],[-20,-25],[-7,-25],[-21,-30],[-37,-81],[7,-68],[-21,-94],[-26,-62],[-32,-31],[-44,-5],[-61,0],[-48,5],[-58,0],[-99,25],[-99,6],[-51,-12],[-133,0],[-51,-6],[-93,-31]],[[55595,69192],[25,298],[46,161],[38,71],[58,36],[53,163],[18,149],[35,68],[12,55],[-14,40],[33,81],[40,123],[18,79],[46,122],[6,27],[-4,30],[-18,-25],[-20,-46],[-14,9],[18,64],[42,67],[65,75],[136,252],[51,44],[46,106],[16,94],[5,216],[16,115],[30,89],[36,162],[27,72],[18,148],[19,56],[35,27],[49,74],[74,45],[87,96],[41,57],[27,85],[29,170],[53,180],[27,137],[46,71],[32,89],[53,40],[110,19],[165,75],[148,112],[42,45],[45,89],[74,117],[139,139],[64,79],[97,196],[65,162],[54,104],[37,92],[26,95],[15,150],[-10,59],[-41,97],[-28,26],[-7,45],[15,81],[0,138],[8,220],[45,178],[113,233],[20,96],[13,152],[1,54],[139,216],[83,166],[28,41],[72,75],[252,165],[142,118],[83,87],[51,101],[136,399],[136,562],[11,65],[60,19],[43,8],[34,21],[42,42],[41,-17],[-20,-29],[0,-69],[29,-81],[50,-91],[92,-115],[71,-47],[102,-28],[118,50],[67,2],[32,21],[35,-31],[67,-11],[64,17],[49,48],[31,57],[6,-58],[10,-17],[29,-99],[37,4],[32,-14],[73,8],[69,-13]],[[58433,73064],[0,-230]],[[58433,72834],[0,-226],[1,-403],[-1,-172],[-197,0],[-190,0],[-127,0],[-191,0],[-190,0],[-242,0],[0,-328],[0,-338],[0,-254],[0,-338],[0,-245],[-3,-67],[-20,-20],[-99,-73],[-63,-17],[-21,-12],[-140,-168],[-31,-73],[-16,-81],[4,-39],[17,-80],[4,-41],[15,-398],[12,-323],[-208,-1],[-156,0],[-157,0],[-235,0],[-234,-1],[-157,-1],[-200,0],[-14,-116],[-13,-83],[-7,-68],[6,-58]],[[55580,68810],[-18,31],[33,351]],[[68333,82485],[-43,-17],[-8,-28],[-48,4],[-8,-18],[21,-63],[-9,-51]],[[68238,82312],[-43,-26],[-51,-19],[-17,31],[0,51],[-12,25],[-17,-12],[-38,-85],[-27,-47],[-46,-103],[-16,-49],[28,-63],[-7,-124]],[[67992,81891],[-53,49],[-22,69],[-78,118],[-89,79],[4,40],[-44,-5]],[[67710,82241],[-26,55],[-1,23]],[[67683,82319],[33,38],[3,33],[-26,64],[-7,119],[14,27],[47,10],[-1,60],[18,66],[60,72],[29,-5],[15,-33],[16,4],[3,40],[-33,87],[12,28],[37,-15],[38,10]],[[101193,86830],[-96,-259],[-55,-146],[-70,-206],[-4,-36],[-24,-57],[-46,-70],[-9,-75],[-2,-129],[-89,-73],[11,-115],[20,-44],[32,-48],[64,-69],[33,15],[27,49],[54,43],[96,-12],[47,15],[37,4],[48,-11],[58,-28],[43,-41],[30,-46],[23,-9],[36,55],[34,39],[72,114],[72,7],[57,19],[32,-19],[88,-9],[24,-26],[65,-115],[88,-45],[22,-20],[14,-59],[14,-20],[43,-33],[13,-39],[68,-96],[63,-65],[16,-38],[10,-68],[38,-76],[-1,-77],[-10,-38],[-55,-41],[-30,-1],[-49,14],[-49,-9],[-57,17],[-46,32],[-24,27],[-39,16],[-19,-8],[-22,-35],[-49,0],[-92,16],[-82,-32],[-55,-29],[-32,-50],[-49,-11],[-42,42],[-49,-11],[-25,-130],[-22,-6],[-98,6],[-41,16],[-25,-6],[-33,-35],[-43,-20],[-16,-50],[-54,-69],[-50,-130],[10,-57],[-15,-36],[-30,-32],[-24,-6],[-35,-32],[-87,-104],[-82,-24],[-95,-18],[-83,-8],[-61,26],[-32,-4],[-44,-30],[-10,-58],[-24,-43],[-46,-57],[-39,-38],[-47,-66],[-52,-29],[-77,-82],[-22,-11],[-98,28],[-86,12],[-116,45],[-38,21],[-33,58],[-30,30],[-102,3],[-27,11],[-46,-11],[-50,-58],[-44,-89],[-26,-96],[-20,-100],[-27,-57],[-2,-33],[28,-59],[12,-50],[56,-93],[52,-66],[32,-74],[1,-65],[-19,-19],[-37,-10],[-76,-104],[-14,-3],[-109,-62],[-61,-31],[-102,-167],[-28,-51],[-67,-110],[-10,-25],[-38,-19],[-79,-51],[-67,-34],[-56,-33],[-86,-60],[-36,-11],[-71,1],[-152,-15],[-48,8],[-128,11],[-37,-12],[-107,-16],[-156,-32],[-68,-18],[-63,-8],[-46,-12],[-86,-48],[-69,-44],[-153,-91],[-189,-139],[-40,-20],[-49,-76],[-24,-13],[-42,30],[-29,-1],[-94,11],[0,135],[-268,-77],[-219,157],[-169,54],[-143,41],[-62,35],[-32,48],[-57,108],[-18,21],[-56,24],[-62,0],[-76,8],[-196,41],[-147,33],[-35,4],[-176,-67],[-178,29],[-238,42],[-180,32],[-176,34],[-198,-28],[-81,-15],[-12,16],[-3,64],[-15,49],[-44,54],[-30,50],[-58,69],[-18,43],[-6,67],[-53,174],[-32,118],[-22,62],[-19,20],[-39,12],[-11,21],[0,40],[14,98],[-6,11],[-102,-12],[-63,27],[-52,29],[-74,76],[-45,29],[-56,79],[-82,18],[-31,31],[-38,66],[-34,43],[-48,27],[-75,24],[-173,32],[-72,-15],[-53,-1],[-85,16],[-49,21],[-99,1],[-53,4],[-49,30],[-44,-4],[-31,16],[-28,31],[-30,15],[-33,-1],[-26,-12],[-8,40],[-31,68],[-4,30],[-31,65],[17,128],[29,76],[20,20],[51,94],[-2,43],[-17,44],[-12,59],[2,33],[18,40],[21,87],[-10,42],[-6,95],[-40,127],[-52,31],[-75,175],[-10,76],[-14,60],[-27,57],[-11,49],[-42,16],[-30,28],[-26,81],[-23,6],[-17,-26],[-45,-11],[-47,51],[-27,59],[-28,16],[-51,-3],[-46,-27],[-50,13],[-44,54],[-27,8],[-90,73],[-3,61],[-17,41],[-35,12],[-36,42],[-112,52],[-3,30],[27,45],[-8,37],[-67,35],[-30,56],[4,23],[36,29],[4,22],[-19,49],[0,51]],[[63932,83058],[-21,-11]],[[63911,83047],[21,11]],[[28260,72012],[-7,-128],[-20,-106],[-68,-219],[-28,-136],[-55,-387],[-17,-254],[-4,-155],[-13,-264],[8,-226],[-5,-35],[-20,-68],[-14,-94],[5,-72],[21,-143],[7,-108],[60,-184],[34,-65],[42,-55],[16,-32],[-8,-79],[-16,-39],[-16,-11],[3,68],[13,36],[1,27],[-25,27],[-45,94],[-56,164],[39,-263],[14,-42],[28,-36],[5,-50],[49,-182],[55,-189],[3,-51],[22,-64],[141,-265],[86,-197],[30,-188],[18,-59],[9,-80],[56,-90],[18,-58],[30,-32],[25,-98],[34,-57],[-37,9],[34,-40],[66,-39],[-24,51],[47,-34],[129,-12],[57,-80],[73,-35],[40,-103],[47,-108],[52,-5],[69,18],[108,68],[37,33],[73,45],[111,8],[34,-12],[82,27],[40,35],[20,55],[91,39],[78,6],[82,19],[32,-48],[0,-24],[-21,-22],[10,-22],[38,-36],[69,-15],[22,6],[32,53],[56,52],[-1,59],[-10,33],[-20,20],[8,59],[-35,-42],[3,35],[103,91],[26,38],[35,33],[74,125],[16,235],[15,41],[48,71],[9,71],[-1,124],[2,96],[-2,110],[9,98],[8,27],[28,156],[58,70],[100,82],[24,13],[320,87],[46,21],[55,56],[41,19],[73,-1],[23,7],[18,23],[42,-8],[79,-33],[29,-9],[72,-39],[78,-16],[21,19],[0,43],[-37,-14],[-24,31],[52,5],[30,24],[32,-18],[41,-80],[31,-26],[2,-116],[15,-52],[-14,-90],[-17,-75],[-21,-61],[-46,-96],[-55,-78],[-68,-171],[-16,-80],[1,-64],[11,-63],[-11,-46],[-15,3],[-27,-30],[-34,-89],[-1,-27],[16,-25],[19,13],[56,6],[-4,-51],[-16,-36],[-29,-17],[-31,-40],[1,-58],[11,-5],[25,44],[16,-21],[-31,-150],[-20,-154],[-28,-89],[-9,-129],[-32,-111],[-9,4],[-27,103],[-27,27],[-6,26],[16,125],[-8,70],[-14,-3],[-18,-38],[-24,-34],[1,-47],[-34,-106]],[[31279,67361],[-26,6],[-31,-3],[-21,-19],[-21,-97],[-54,-136],[-22,-66],[-31,-32],[-52,54],[-28,-19],[-10,-42],[0,-54]],[[30983,66953],[-193,0],[-155,0],[-275,1],[-2,-350],[-142,2],[31,-35],[33,-54],[38,-85],[46,-67],[55,-51],[36,-49],[26,-88],[0,-35],[20,-26],[36,-17],[18,-30],[0,-25],[-11,-57],[-4,-61],[5,-55],[-269,-2],[-171,0],[-76,-228],[-78,-237],[-6,-52],[44,-101],[-8,-30],[-15,-15],[-4,-63],[-10,-51],[8,-79],[-16,-75],[-9,-16]],[[29935,64922],[-10,14],[-91,169],[-95,185],[-37,61],[-36,46],[-49,86],[-127,187],[-67,87],[-61,102],[-56,57],[-55,37],[-46,49],[-12,2],[-5,-38],[42,-36],[18,0],[75,-66],[9,-27],[-160,104],[-64,10],[-8,16],[32,55],[-21,22],[-35,-38],[-13,-2],[0,48],[-23,34],[-14,-1],[-42,-69],[1,-18],[59,-19],[16,-23],[-51,0],[-63,-20],[-113,-126],[-104,-54],[-151,-121],[-66,-6],[-35,-19],[-102,46],[-128,113],[-194,36],[-132,149],[-130,61],[-83,143],[-49,6],[-32,22],[-118,52],[-117,35],[-114,124],[-75,40],[-64,50],[-141,84],[-54,47],[-49,73],[-81,75],[-35,63],[-38,22],[-56,119],[-29,49],[-24,24],[-26,8],[-76,-10],[-112,52],[-52,13],[-109,78],[-144,85],[-47,99],[-41,93],[-73,121],[-46,52],[-78,61],[-44,50],[-68,39],[-114,97],[-36,83],[-21,73],[-62,90],[-66,168],[-17,61],[-13,95],[-16,55],[-19,43],[10,31],[34,38],[56,9],[40,42],[3,55],[-25,53],[-32,14],[-25,1],[-6,20],[18,21],[21,51],[32,63],[22,57],[5,81],[-3,82],[8,68],[-76,79],[-33,125],[-41,105],[1,211],[-50,186],[-52,93],[-27,32],[-72,144],[-57,84],[-56,158],[-55,100],[-71,167],[-51,85],[-232,282],[13,0],[68,-69],[11,6],[2,34],[-7,40],[-32,1],[-36,22],[-36,8],[-46,47],[-20,49],[-2,56],[-66,119],[5,34],[38,-8],[16,11],[-20,37],[-95,62],[-32,44],[-79,73],[-18,26],[-13,70],[-19,4],[-17,-20],[-46,-19],[-14,44],[33,23],[30,67],[-17,-4],[-25,-30],[-26,-16],[-38,-14],[-37,25],[-27,58],[-15,190],[53,130],[24,39],[-14,62],[-11,80],[-71,109],[-66,-8],[-27,4],[-25,42],[-21,70],[-18,122],[-114,51],[-34,45],[-35,55],[-28,79],[-11,58],[-7,68],[12,89],[17,42],[-79,32],[-30,1],[-24,-17],[-23,22],[-46,26],[-55,92],[-65,167],[-70,54],[-23,58],[-30,52],[-25,65],[-12,44],[-35,45],[-40,76],[-10,62],[-11,94],[-27,33],[-26,16],[-3,69],[-9,48],[-54,114],[-27,93],[-29,71],[-7,88],[-23,108],[-43,130],[-36,88],[-18,88],[8,90],[-8,86],[23,7],[-2,57],[-12,17],[-51,30],[-84,24],[-49,33],[-4,75],[-43,56],[-64,44],[-19,-64],[-50,-11],[-39,29],[-97,111],[-20,18],[-31,9],[-14,18],[-66,59],[32,-64],[17,-94],[-20,-67],[-11,-238],[12,-46],[28,-76],[20,-120],[7,-89],[17,-71],[-5,-168],[7,-50],[26,-83],[51,-79],[10,-41],[66,-59],[40,-78],[79,-105],[26,-46],[71,-164],[3,-49],[13,-60],[40,13],[18,-46],[3,-38],[21,4],[19,-12],[37,-179],[21,-24],[55,-30],[2,-82],[24,-53],[-4,-71],[20,-61],[-3,-58],[8,-47],[62,-104],[76,-84],[16,-109],[31,-100],[32,-25],[32,-41],[-2,-70],[43,-79],[7,-100],[37,-65],[19,5],[-27,65],[-13,43],[-2,68],[10,9],[76,-107],[9,-80],[25,-45],[2,-61],[16,-36],[5,-53],[24,-87],[1,-120],[13,-88],[48,-135],[40,-28],[7,-67],[41,-171],[47,-93],[23,-78],[4,-50],[-18,-72],[-2,-51],[26,-154],[38,-80],[43,-19],[4,-32],[14,-19],[16,24],[8,35],[-9,68],[21,24],[82,-105],[13,-41],[31,-47],[28,-58],[12,-46],[22,-38],[12,-88],[57,-40],[30,-73],[2,-47],[-15,-118],[-12,-35],[-47,-50],[-32,-60],[-33,-37],[-34,-22],[-29,5],[-27,69],[-32,209],[-21,44],[-16,65],[-25,54],[-91,82],[-46,87],[-45,58],[-47,84],[-131,139],[-55,71],[-36,70],[-40,-9],[-16,80],[-76,105],[-16,59],[-4,68],[18,173],[8,103],[-5,52],[-16,36],[-1,84],[-19,92],[-69,187],[-96,63],[-124,165],[-33,84],[-8,46],[-5,96],[-17,-55],[-23,-41],[-52,3],[-59,-46],[-35,43],[-19,49],[-28,60],[-53,13],[-39,74],[-31,23],[-45,9],[-39,37],[-12,41],[-5,57],[-15,34],[-60,68],[-48,74],[-47,48],[-13,38],[-1,27],[72,-7],[87,-28],[41,8],[51,46],[-1,-60],[24,-35],[33,-30],[0,35],[-13,64],[5,56],[-32,-8],[-4,17],[27,49],[32,129],[14,127],[-32,112],[-56,77],[-121,226],[-72,117],[-21,43],[-20,20],[-59,27],[-49,65],[-87,92],[-36,47],[-26,111],[-21,16],[7,77],[-9,136],[-15,35],[-46,34],[-12,93],[-2,87],[-9,62],[-80,104],[-5,97],[-8,47],[-42,97],[-52,87],[-18,41],[-2,82],[15,37],[2,58],[-78,91],[-23,125],[-51,90],[-21,118]],[[31741,68498],[-18,-19],[-9,68],[14,67],[17,38],[59,0],[-18,-52],[-45,-102]],[[25069,69310],[-10,-51],[-26,20],[-9,32],[-2,53],[14,9],[21,-22],[12,-41]],[[23564,67528],[-21,-13],[-30,38],[8,30],[17,20],[17,-38],[9,-37]],[[23682,71417],[10,-70],[-17,10],[-24,38],[-15,49],[4,25],[32,-28],[10,-24]],[[22799,73931],[-37,27],[-79,131],[-28,66],[-6,31],[3,68],[27,-8],[32,-46],[13,-42],[1,-49],[58,-23],[9,-106],[7,-49]],[[22112,73320],[-5,-19],[-57,41],[31,73],[-4,76],[14,15],[12,-25],[17,-96],[-8,-65]],[[23125,73902],[-27,-147],[-26,2],[-54,47],[-5,29],[20,170],[16,22],[47,23],[29,-146]],[[21064,73863],[-15,-24],[-39,130],[0,30],[12,16],[19,-3],[0,-32],[22,-54],[1,-63]],[[30123,67488],[-38,-14],[-7,13],[77,64],[18,-11],[-40,-31],[-10,-21]],[[23942,70888],[-25,30],[-7,81],[36,-92],[-4,-19]],[[22275,75579],[-12,-3],[-21,29],[7,28],[21,-22],[5,-32]],[[23500,72048],[-12,-13],[-23,-93],[7,118],[32,22],[-4,-34]],[[23296,71038],[-4,-29],[-103,116],[24,11],[29,-8],[54,-90]],[[23174,71132],[-7,-6],[-29,71],[-5,49],[-11,22],[-29,16],[24,101],[22,207],[10,-38],[-23,-210],[1,-28],[22,-70],[2,-46],[19,-44],[4,-24]],[[81058,43168],[-43,-17],[-48,5],[-22,48],[16,13],[-2,43],[9,67],[10,28],[24,25],[10,55],[21,36],[27,5],[27,-68],[19,-70],[-3,-71],[-19,-27],[-7,-41],[-19,-31]],[[55810,68127],[-22,-60],[-9,23],[-5,39],[29,87],[17,11],[-10,-100]],[[55755,65725],[0,279],[18,103],[6,92],[40,202],[48,165],[43,220],[17,212],[-6,208],[-13,185],[-22,122],[-22,177],[-31,94],[-58,82],[-13,47],[14,18],[35,12],[22,64],[-47,-24],[54,195],[18,132],[-3,87],[10,54],[-41,117],[-33,147],[-35,35],[-1,-34],[-10,-31],[-20,18],[-36,107],[-51,174],[-17,18],[-24,-47],[-17,-145]],[[58433,72834],[128,-137],[257,-275],[128,-137],[129,-138],[128,-137],[128,-137],[182,-195],[237,-266]],[[59750,71412],[-120,0],[-268,0],[-217,0],[29,-451],[19,-309],[10,-155],[19,-308],[10,-154],[19,-309],[11,-155],[18,-309],[11,-154],[19,-309],[10,-154],[19,-309],[29,-464],[19,-308],[11,-155],[19,-308],[10,-155],[19,-309],[29,-458],[91,-178],[-52,-489],[-211,0],[-278,0],[-140,0],[-278,0],[-139,0],[-203,0],[-40,5],[-15,14],[-5,94],[-12,-6],[-21,-58],[0,-72],[-104,-35],[-64,-18],[-65,7],[-45,20],[-51,14],[-59,-3],[-38,-7],[-12,-17],[-28,-71],[-28,-81],[-18,0],[-20,45],[-55,84],[-67,111],[-30,55],[-17,7],[-59,-77],[-28,-54],[-24,-112],[-5,-72],[-10,-83],[-23,-67],[-28,-52],[-28,-37],[-60,40]],[[66363,78154],[-12,-20],[-32,1],[-29,31],[-1,66],[34,-13],[40,-65]],[[66276,78263],[-20,-10],[-25,30],[29,10],[16,-30]],[[59750,71412],[104,-119],[206,-245],[223,-266],[223,-266],[224,-266],[223,-266],[224,-266],[223,-266],[223,-266],[162,-192],[9,-75],[-2,-102],[15,-31],[27,-33],[110,-99],[26,-109],[22,-30],[27,-21],[34,-15],[99,-16],[21,-23],[42,-91],[23,-18],[66,-26],[68,-23],[43,-25],[47,-41],[25,-37],[-1,-142],[19,-93],[-1,-24],[-21,-38],[-5,-27],[-24,-73],[5,-30],[46,-55],[23,-15],[27,0],[281,95]],[[61468,65149],[-71,46],[-83,46],[-58,-29],[-17,29],[-27,12],[-45,-5],[-32,-14],[-50,-69],[-49,-73],[-52,-36],[-99,-84],[-55,-61],[-38,-26],[-39,-2],[-31,-16],[-29,-163],[-19,-16],[-117,66],[-45,-29],[-65,-95],[-33,-77],[-17,-102],[3,-66],[-12,-20],[-30,-6],[-55,21],[-16,-8],[-8,-51],[1,-109],[-11,-75],[-33,-23],[-25,-30],[-20,-8],[-16,7],[-95,112],[-32,17],[-36,-12],[-33,-48],[-61,-116],[6,-41],[17,-48],[12,-59],[0,-53],[-87,-76],[21,-56],[-3,-152],[-40,-69],[-14,-44],[-38,-49],[-34,-27],[-105,-40],[-42,-49],[-20,-38],[-5,-42],[4,-48],[21,-100],[-7,-91],[-17,-105],[-16,-48],[-49,-54],[7,-69],[4,-100],[-7,-128],[-16,-86]],[[59510,62364],[-11,9],[-47,-4],[-51,-28],[-17,-21],[-5,-30],[-43,-70],[-28,5],[-27,19],[-15,29],[17,56],[0,19],[-17,98],[4,25],[-11,78],[-56,-32],[6,-62],[-25,-7],[-29,16],[-30,43],[-8,-14],[-5,-76],[8,-74],[-8,-26],[-48,4],[-40,-9],[-14,-56],[9,-33],[-8,-27],[-18,-7],[-22,37],[-26,14],[-62,20],[-7,51],[-10,1],[-29,61],[-21,-12],[-35,4],[-30,-53],[-22,-66],[-23,-31],[-37,-15]],[[58669,62200],[5,42],[-11,57],[-76,72],[-12,30],[-12,82],[-8,82],[7,91],[-11,59],[-23,24],[-24,12],[-30,-32],[-29,-4],[-6,28],[49,124],[33,43],[8,21],[-2,29],[-21,17],[-34,40],[-18,5],[-15,18],[-16,64],[-37,35],[1,155],[-33,115],[-12,73],[-17,74],[-15,35],[-26,30],[-33,21],[-28,4],[-23,-7],[-9,-23],[18,-47],[3,-27],[-9,-42],[-44,-16],[-59,-54],[-19,-62],[-36,0],[-119,84],[-36,22],[-65,-47],[-43,-92],[-9,-30],[-21,-26],[-22,18],[-45,139],[-20,33],[-24,2],[-21,-23],[-22,-48],[-27,-43],[-17,-13],[-15,7],[-64,94],[-3,20],[28,111],[9,17]],[[96219,59766],[59,-24],[23,-20],[66,-192],[87,-135],[37,-51],[29,-24],[39,-72],[34,-91],[74,-255],[14,-113],[5,-171],[-17,-259],[-20,-129],[4,-61],[28,-93],[-8,-89],[5,-73],[-3,-203],[16,-60],[18,-39],[94,-120],[6,-45],[47,-153],[86,-335],[23,-150],[-2,-41],[-11,-16],[-25,-15],[-21,29],[-13,73],[-20,31],[-9,-18],[0,-59],[-26,-5],[-34,18],[-41,-16],[-50,-73],[-24,-2],[-27,105],[-14,29],[-157,153],[-59,40],[-60,116],[-137,128],[-88,125],[-37,76],[-89,69],[-39,81],[-38,44],[21,78],[-8,82],[-11,69],[-63,136],[-31,94],[-59,95],[-47,118],[28,35],[-12,46],[-34,80],[-16,92],[0,173],[-48,243],[-41,338],[7,117],[-10,128],[-28,124],[-36,88],[-13,73]],[[101497,58479],[-42,14],[-60,67],[-60,23],[-87,1],[-50,10],[-37,-10],[-25,19],[-35,-38],[-32,28],[-29,5],[-35,-4],[-37,-40],[-43,36],[-21,-9],[-19,-50],[-35,-38],[-17,-69],[-11,-65],[-9,-24],[-3,-127],[-5,-62],[8,-82],[-1,-35],[-16,-52],[-10,-95],[1,-50],[-13,-58],[-49,-25],[-22,20],[-44,-82],[-11,-33],[3,-52],[-5,-21],[0,-56],[17,-13],[17,-28],[0,-28],[-72,-107],[-45,-50],[-17,-12],[-9,-55],[9,-68],[15,-45],[-10,-53],[-33,-27],[-7,-20],[-8,-83],[-10,-43],[-29,-92],[-12,-10],[-43,30],[-37,-18],[-51,-11],[-43,1],[-34,-13],[-48,-76],[-47,-47],[-37,45],[-19,-4],[-34,16],[-99,65],[-21,1],[-6,15],[0,55],[-16,13],[-159,-5],[-77,-49],[-22,-26],[-6,-62],[-31,-121],[-53,-19],[-38,-63],[-14,-8],[-56,14],[-20,-17],[-22,1],[-67,29],[-63,5],[-55,-21],[-111,-86],[-37,-10],[-15,12],[-50,71],[-68,121],[-26,28],[-32,63],[-44,63],[-55,110],[-7,100],[-22,18],[-11,56],[31,81]],[[98787,57148],[22,-86],[8,-19],[50,-58],[41,-29],[44,-12],[45,-2],[35,16],[18,-13],[93,-94],[37,-17],[38,7],[16,-9],[54,-72],[16,-9],[26,6],[-56,56],[-10,44],[6,47],[22,31],[15,34],[5,102],[10,51],[18,49],[6,48],[-21,35],[-4,62],[4,51],[12,35],[37,-44],[32,10],[-1,157],[24,68],[38,46],[36,22],[133,38],[211,98],[63,37],[42,46],[33,86],[61,135],[43,111],[91,163],[72,149],[10,29],[11,82],[-1,77],[28,30]],[[100300,58742],[35,-41],[19,-31],[22,-76],[1,-32],[11,-25],[32,-4],[32,-89],[33,-55],[15,8],[25,36],[18,45],[11,61],[-9,9],[19,70],[-17,44],[-15,158],[13,22],[83,90]],[[100628,58932],[0,-129],[27,-187],[48,-27],[27,21],[-16,47],[-4,110],[-14,72],[-19,73],[-11,20]],[[100666,58932],[80,21],[50,72],[12,28],[9,62],[-39,37],[-16,48],[0,51],[46,96],[17,22],[6,-33],[22,-9],[37,1],[28,47],[14,70],[48,98],[17,75],[10,78],[121,243],[16,38],[72,245],[8,8],[20,-23],[6,-78],[-15,-84],[2,-52],[35,32],[35,85],[21,75],[16,32],[35,-18],[8,-13],[-3,-53],[17,-97],[29,-40],[41,-25],[38,-37],[20,-53],[8,-48],[1,-49],[-27,-46],[12,-77],[-2,-45],[-10,-37],[-39,-35],[107,34],[27,20],[37,50],[20,-43],[18,-75],[-14,-19],[-48,-28],[14,-50],[20,4],[39,26],[35,41],[35,-9],[36,-26],[36,-49],[11,-58],[41,-20],[83,-81],[31,-9],[44,10],[15,-11],[12,-29],[3,-36],[-6,-68],[-10,-24],[-30,-37],[-75,-48],[-82,-37],[-41,3],[-58,31],[-41,-18],[-26,-100],[48,-99],[81,-104],[11,-25],[-3,-32],[-30,-30],[-92,-28],[-75,-41],[-39,8],[-52,46],[-15,4],[-16,-25],[-16,-65],[-10,-18]],[[96942,57586],[-25,-2],[-6,24],[19,65],[13,-61],[-1,-26]],[[95601,59178],[-8,-18],[-25,11],[4,101],[14,13],[32,-36],[-17,-71]],[[95451,59905],[24,-67],[-18,-38],[-15,10],[-27,-31],[-13,46],[-17,19],[-3,31],[22,6],[13,-11],[34,35]],[[101350,60341],[-22,-33],[-7,40],[2,50],[28,48],[40,9],[6,-38],[-5,-44],[-10,-21],[-32,-11]],[[95952,57745],[-17,-11],[2,39],[19,9],[-4,-37]],[[99387,57390],[-10,-8],[-16,21],[-4,189],[19,14],[8,-34],[-1,-82],[4,-100]],[[101603,58489],[-48,-12],[-33,1]],[[101522,58478],[5,51],[34,1],[42,-41]],[[78291,48169],[34,-127],[57,-151],[24,-57],[21,-63],[10,-122],[37,-191],[34,-287],[10,-295],[11,-135],[26,-127],[44,-132],[15,-147],[-27,-151],[-39,-142],[-28,-64],[-39,39],[-25,60],[-32,141],[-12,72],[-14,12],[-37,-7],[-27,-44],[-5,-29],[6,-80],[10,-71],[5,-73],[1,-92],[25,-52],[15,-59],[3,-144],[-10,-72],[-26,-62],[2,-34],[9,-36],[-9,-21],[-35,-27],[-15,-24],[-19,-63],[-30,-129],[-5,-66],[20,-200],[-6,-143],[-38,-272],[-23,-128],[-32,-154],[-49,-203],[-49,-256],[-40,-263],[-31,-157],[-35,-155],[-47,-275],[-40,-279],[-60,-307],[-82,-342],[-9,-45],[-17,-175],[-18,-152],[-22,-149],[-47,-249],[-5,-77],[-10,-73],[-63,-213],[-14,-61],[-7,-79],[-14,-75],[-32,-138],[-49,-119],[-33,-44],[-71,-63],[-36,-12],[-81,-2],[-77,-36],[-82,-68],[-78,-79],[-30,-38],[-32,-21],[-104,-5],[-31,17],[-102,130],[-40,21],[-76,18],[-44,28],[-30,68],[-76,75],[-15,82],[-16,48],[-12,91],[-20,63],[-56,112],[-5,36],[-5,119],[2,80],[-5,148],[5,69],[20,62],[-8,68],[-20,71],[-8,73],[-16,68],[-59,120],[-13,59],[-10,62],[-22,191],[-3,67],[4,141],[8,72],[15,51],[3,38],[32,89],[22,180],[28,40],[41,23],[33,47],[19,63],[19,132],[51,130],[19,68],[42,104],[37,145],[19,139],[9,154],[8,76],[-2,76],[-21,79],[-50,141],[-2,26],[4,105],[-4,77],[-19,75],[-24,72],[-24,133],[-10,221],[2,80],[-7,71],[-17,68],[12,117],[151,428],[5,50],[-6,131],[3,76],[17,45],[25,8],[122,18],[46,50],[42,69],[19,21],[17,-8],[24,-47],[49,32],[38,-4],[21,95],[14,16],[64,8],[40,12],[52,27],[11,-5],[42,-98],[29,-13],[15,18],[-34,51],[-3,62],[18,71],[30,54],[68,82],[71,94],[21,6],[17,-14],[13,-112],[10,-21],[13,14],[11,45],[1,37],[-9,36],[-5,59],[36,65],[28,63],[13,75],[11,35],[30,38],[9,-5],[11,-65],[-19,-67],[-4,-44],[16,-9],[16,11],[24,80],[42,114],[19,27],[33,-6],[32,-17],[-52,80],[-13,109],[62,188],[1,39],[13,27],[-33,63],[-5,32],[4,48],[29,71],[20,12],[16,-16],[34,-53],[23,-8],[29,51],[23,63],[34,42],[39,27],[60,98],[39,206],[3,60],[-9,73],[-13,70],[-24,86],[7,20],[32,-12],[11,12],[35,76],[59,147],[19,-1],[17,-27],[6,-40],[12,-29],[39,-70],[20,-52]],[[77883,47590],[1,-23],[-45,10],[-8,78],[23,2],[4,33],[13,3],[15,-68],[-3,-35]],[[78427,45393],[-38,-114],[11,95],[44,137],[12,11],[-29,-129]],[[69016,82167],[52,-93],[29,-37],[34,-29],[39,-20],[14,-21],[36,-135],[21,-36],[-18,-69],[-8,-155],[-4,-12]],[[69211,81560],[-45,-3],[-10,-12],[-11,-83],[-40,-25],[-38,-13],[-32,3],[-56,20],[-83,-15],[-22,-15],[-51,-97],[-69,-51],[-59,24],[-27,-25],[-60,-2],[-63,-8]],[[68545,81258],[-10,33],[-22,8],[-44,-7],[-11,14],[-18,83],[-30,41],[-27,90],[1,74],[-15,80],[23,33],[-3,82],[20,104]],[[68409,81893],[44,-12],[17,31],[2,71],[10,33],[96,62],[28,3],[39,-48],[10,1],[15,54],[20,20],[59,17]],[[63481,87015],[-2,-54],[9,-37],[40,-64],[23,-21],[56,-24],[-1,-57],[-26,-39],[-21,-82],[0,-37]],[[63559,86600],[-35,25],[-42,-5],[-16,-19],[-39,0],[-20,22],[-27,9],[-10,21]],[[63370,86653],[30,66],[-31,71],[-22,31],[7,69],[15,26],[27,75],[37,53],[38,-9],[10,-20]],[[68523,90223],[69,124],[-24,-85],[-25,-44]],[[68637,90209],[-11,49],[12,69],[-22,101],[-38,122],[-5,159]],[[68573,90709],[91,73],[116,79],[26,7],[121,50],[172,-19],[63,1],[35,12],[31,-10],[26,-35],[26,4],[26,22],[143,-20],[67,-3],[67,-21],[39,-19],[139,20],[58,52],[48,19],[21,-8],[15,-45],[43,-78],[175,-43],[27,-17],[73,-68],[71,-60],[66,-92],[42,-28],[65,-23]],[[70465,90459],[-9,-75],[-37,-126],[13,-16],[63,-7],[32,-21],[-43,-43],[-17,-46],[-105,6],[-14,-9],[-25,-76],[-29,-24],[-79,-27],[-27,-54],[-20,-71],[1,-96],[-36,-65],[-25,-79],[4,-13],[49,-11],[22,-45],[-6,-40],[-60,-10],[-26,22],[10,24],[-22,49],[-31,-27],[-30,0],[-35,-22],[-24,-38],[-22,-13],[-60,8],[-15,-16],[-20,-90],[-50,3],[-49,-30],[-54,-24],[-43,36],[-63,-12],[-46,3],[-48,-15],[-59,5],[-25,12]],[[64644,85245],[10,-53],[19,-49],[-11,-31]],[[65319,76496],[51,-40],[54,-15],[159,-146],[50,-18],[111,-18],[131,60],[50,11],[86,-56],[38,-16],[64,-5],[109,-51],[29,-18],[63,-81],[31,-24],[226,-74],[31,-50],[31,-94],[1,-117],[18,-86],[28,-109],[34,-79],[37,-65],[43,-41],[100,-59],[111,-23],[113,-8],[194,-83],[164,-95],[41,-47],[82,-47],[163,-224],[91,-78],[64,-15],[58,14],[101,77],[43,47],[101,194],[34,101],[14,71],[-4,73],[-12,65],[-29,69],[-20,90],[-12,162],[16,113],[20,68],[31,68],[85,132],[85,93],[150,121],[88,1],[36,14],[72,86],[29,3],[40,-22],[119,7],[52,-24],[63,-53],[78,-33],[56,-34],[59,-42],[13,-106],[-8,-73],[62,-73],[174,-34],[34,-20],[48,-55],[32,-18],[119,-8],[70,13],[66,-20],[25,-19],[25,-44],[43,-142]],[[69973,75547],[-32,-54],[-12,-34],[-31,-53],[-27,-58],[3,-84],[5,-85],[19,-84],[15,-93],[-4,-61],[-14,-75],[-16,-62],[-51,-129],[-8,-30],[3,-43],[32,-153],[2,-48],[19,-148],[17,-121],[22,-120],[0,-419],[0,-418],[0,-279],[0,-418],[0,-279],[0,-280],[0,-418],[0,-279],[0,-418],[0,-279],[0,-418],[0,-140],[0,-418]],[[69574,67997],[-164,147],[-163,147],[-164,147],[-163,147],[-163,147],[-164,147],[-163,146],[-164,147],[-163,147],[-163,147],[-164,147],[-163,147],[-164,147],[-163,147],[-163,147],[-163,146],[-114,102],[-121,-99],[-222,-180]],[[65477,70494],[-69,233],[-78,247],[-10,14],[-137,75],[-144,73],[-84,-45],[-15,4],[-48,66],[-12,52],[-34,71],[-31,162],[-3,129],[-6,46],[-143,346],[-46,110],[-9,50],[6,61],[18,54],[66,66],[59,70],[8,49],[4,135],[-19,42],[-15,81],[-14,108],[-2,69],[26,138],[32,144],[-20,160],[-14,321],[8,253],[-7,92],[-25,158],[-36,166],[-32,99],[-53,122],[-28,76],[71,71]],[[57887,61159],[17,2],[30,19],[16,-9],[12,-46],[100,65],[12,-51],[24,13],[18,-45],[32,-35],[-1,-53],[4,-52],[9,-12],[15,-118],[1,-62],[14,-45],[9,-56],[0,-40],[-14,-81],[-18,-58],[24,-13],[13,8],[31,-19],[17,-27],[32,-73],[23,5],[31,31],[24,-7],[21,80],[30,64],[4,68],[7,34],[17,18],[27,-7],[6,-32],[26,-42]],[[58500,60583],[16,-26],[11,-64],[38,-210],[-2,-59],[-8,-37],[-3,-74],[-23,-60],[-69,-122],[22,-25],[30,-3],[36,-70],[49,-37],[45,4],[30,-7],[32,-32],[18,-98],[12,-23],[1,-40],[23,-35],[32,-7],[42,-40],[20,-1],[10,-118],[9,-63],[-10,-45],[0,-95],[-19,-55],[-9,-79],[-20,-17],[0,-46],[-8,-116],[6,-154],[1,-115],[9,-22]],[[58821,58592],[-39,9],[-116,89],[-88,50],[-298,289],[-83,115],[-95,173],[-213,347],[-48,55],[-61,27],[-38,30],[-27,32],[-21,96],[-53,58],[-98,81],[-74,135]],[[73619,76640],[-36,-51],[-36,-36],[-33,-15],[-13,-81],[-29,-28],[-64,10],[-38,-5]],[[73370,76434],[32,109],[16,84],[29,68],[59,234],[35,94],[12,135],[54,118],[40,34],[19,34],[-1,50]],[[68573,90709],[-11,117],[6,235],[13,116],[64,68],[32,53],[19,70],[5,65],[13,54],[91,154],[74,17],[98,43],[111,35],[32,-80],[132,-126],[34,-42],[51,-146],[123,-74],[97,24],[119,101],[35,49],[7,46],[-14,199],[-21,86],[7,54]],[[69690,91827],[155,71],[46,13],[68,36],[40,-41],[38,26],[80,-60],[51,-18],[24,-28],[67,-19],[14,-32],[91,-115],[80,-44],[98,36],[50,13],[75,-44],[56,-6]],[[70996,90755],[-40,-6],[-46,-36],[-87,-102],[-22,-71],[-92,4],[-87,16],[-35,-11],[-44,-64],[-78,-26]],[[98067,65021],[-19,-24],[-16,-64],[-12,-4],[-30,22],[-11,-12],[-19,-46],[-32,-51],[-27,6],[-32,-61],[-40,-8],[-53,79],[-35,39],[-21,45],[-19,-38],[-31,-38],[-44,14],[-12,-55],[-9,-10],[-53,-10],[-10,-9],[9,-49],[31,-84],[9,-49],[-19,-79],[-55,2],[-25,32],[-31,67],[-72,45],[-47,-31],[-15,2],[-35,56],[-13,36],[-8,54]],[[95544,68506],[21,169],[23,88],[26,41],[28,17],[29,-7],[24,8],[20,21],[-25,16],[-9,23],[4,44],[11,29],[16,13],[15,44],[16,75],[18,38],[21,1],[37,32],[52,63],[20,62]],[[95891,69283],[20,-28],[-8,-72],[16,-40],[-3,-39],[4,-35],[20,-24],[55,29],[34,2],[13,-19],[42,-33],[27,34],[6,19],[-27,49],[0,50],[8,131],[0,107],[-16,65],[-33,66],[-15,82],[1,25],[-12,57],[32,46],[18,84],[30,17],[27,-63],[36,31],[27,0],[35,-37]],[[85593,82126],[-19,28],[0,29],[38,74],[7,47],[24,32],[25,50],[31,41],[56,31],[32,-10],[29,7],[46,25],[28,2],[117,-38],[40,-2],[91,-49],[71,-25],[35,-48],[115,-21],[31,-15],[11,-22],[33,-29],[27,-8],[-24,115],[10,68],[36,186],[19,28],[37,25],[56,28],[22,38],[47,-3],[34,10],[8,22],[52,-38],[89,-77],[66,-48],[79,-46],[108,-42],[93,-14],[15,11],[37,63],[49,-3],[196,-6],[47,6],[102,27],[38,0],[61,-37],[45,-5],[148,-5],[76,-24],[120,8],[51,-3],[91,-46],[53,-16],[74,-4],[13,-58],[56,-73],[21,-40],[21,-16],[37,-1],[70,-11],[40,-16],[99,-139]],[[88753,82089],[12,-80],[-10,-18],[-105,-10],[-23,-12],[-26,-60],[-140,-73],[-21,1],[-50,-40],[-138,-99],[-129,-117],[-6,-56],[-76,-128],[-57,-15],[-48,3],[-80,-39],[-102,13],[-34,-2],[-67,18],[-27,-9],[-28,-26],[-40,-102],[-23,-48],[-6,-49],[-15,-53],[-34,-80],[-55,-59],[-21,48],[-34,-34],[-32,7],[-20,-10],[-45,-42],[-67,1],[-7,15],[-13,116],[-12,56],[-21,14],[-95,-93],[-44,-16],[-37,-3],[-47,28],[-23,-41],[14,-52],[-54,-21],[-24,-23],[-68,-84],[-57,-28],[-54,-12],[-32,-19],[-19,-40],[-34,-111],[16,-53],[10,-67],[-14,-45],[-17,-28],[-65,-25]],[[77860,74287],[-32,-9],[-13,33],[-21,84],[20,60],[6,39],[24,-14],[41,-96],[-3,-54],[-22,-43]],[[77265,73958],[56,102],[26,54],[46,118],[24,84],[43,166],[16,38],[62,49],[63,11],[44,0],[37,-13],[77,-58]],[[77759,74509],[-2,-23],[11,-69],[45,-135],[-16,-24],[-41,23],[-83,-124],[-1,-14],[41,-17],[31,0],[22,12],[18,-19],[45,-233],[23,-49],[30,-85],[17,-82],[18,-55]],[[68409,81893],[6,28],[-2,59],[-19,98],[-12,33],[-47,52],[-37,19],[-46,116],[-14,14]],[[120916,55392],[-10,17],[-9,79],[8,3],[11,-99]],[[7728,57042],[57,-72],[-24,-5],[-59,34],[-55,72],[17,15],[8,-25],[25,-24],[13,49],[25,26],[-7,-70]],[[7047,58326],[27,-52],[-16,-1],[-16,26],[5,27]],[[75377,54549],[-6,31],[37,45],[16,-10],[-5,-30],[-42,-36]],[[73424,59300],[-1,-50],[20,-29],[34,30],[15,4],[95,-47],[16,-40],[2,-76],[-7,-32],[-8,-96],[2,-89],[54,-117],[20,-71],[15,-23],[20,-11],[253,-12],[28,-12],[163,-186],[192,-227],[48,-61],[48,-18],[130,-12],[49,-25],[74,-24],[54,-13],[33,-14],[93,-13],[14,8],[41,68],[45,109],[18,60],[58,60],[176,143],[81,59],[37,-51],[72,-123],[19,-18],[27,-13],[52,2],[37,11],[87,10],[51,-2]],[[75561,54837],[-50,-107],[-41,-48],[-55,-23],[-38,19],[-14,-66],[-22,21],[11,-106],[-8,-47],[-27,-41],[-2,-36],[-58,-90],[-81,-10],[-43,-46],[-19,-37],[-15,-81],[5,-124],[-22,-96],[-5,-48],[-42,-62],[-19,-57],[-14,-58],[-12,-26],[-14,-130],[-30,-128],[-32,-99],[-50,-203],[-39,-91],[-31,10],[-21,-52]],[[78512,83745],[-31,-16],[-34,66],[14,8],[21,-42],[30,-16]],[[78555,83817],[-19,31],[13,34],[19,4],[-13,-69]],[[79364,84090],[-29,11],[-15,28],[18,34],[18,-7],[11,-35],[-3,-31]],[[79299,81835],[-9,66],[-2,133],[19,85],[35,119],[6,79],[-14,127],[-15,28],[-40,11],[-55,-15],[-31,43],[-37,7],[-39,-18],[-39,37],[-21,58],[-29,62],[-28,34],[-35,7],[-74,3],[-2,35],[8,78],[-5,78],[-21,59],[-34,45],[-26,62],[-42,130],[-37,145],[-50,46],[-73,18],[-48,19],[-19,18],[-7,32],[4,75],[11,33],[38,27],[83,6],[71,-3],[64,-61],[44,-18],[68,25],[57,-6],[-38,44],[-42,10],[-31,56],[-55,64],[-12,26],[-4,42],[10,36],[39,37],[33,51],[15,67],[41,80],[43,-10],[65,36],[109,-7],[128,10],[36,-4],[82,-34],[48,-15],[57,-8],[41,16],[-39,46],[-85,56],[-21,47],[39,128],[52,118],[32,139],[-9,138],[-15,38],[4,45],[32,75],[-11,45],[-35,94],[-41,38],[-82,2],[-66,21],[-21,-17],[-27,-43],[-52,-34],[-35,0],[-26,39],[-22,-5],[-68,24],[-32,53],[-123,49],[-39,8],[-87,-43],[-115,-98],[-56,-2],[-39,-53],[-70,-61],[-35,-38],[-38,-24],[-43,-16],[-44,-2],[-17,-14],[-50,-5],[-30,-11],[5,-68],[-26,17],[-27,-32],[8,-30]],[[91178,86372],[-31,12],[-62,3],[-56,-12],[-45,-51],[-8,-43],[10,-49],[-13,-101],[-58,-106],[-97,-45],[-72,-20],[-77,-9],[-27,-14],[-42,-112],[-22,-95],[-12,-85],[12,-105],[9,-117],[-1,-40],[29,-96],[-5,-52],[-27,-41],[-16,-55],[-15,-23],[-86,-17],[-76,-79],[-52,-41],[-25,-7],[-14,20],[-8,47],[-18,20],[-46,3],[-66,12],[-43,-1],[-67,-15],[-63,17],[-68,28],[-64,41],[-86,48],[-35,14],[-21,-14],[-8,-95],[-70,-254],[-36,-148],[-48,-141],[-14,-95],[-29,-120],[-27,-87],[-11,-48],[3,-46],[43,-30],[45,-19],[14,-42],[-9,-98],[-26,-56],[-15,-2],[-52,51],[-20,8],[-95,-35],[-41,13],[-27,27],[-10,52],[-23,25],[-30,-25],[-192,-87],[-64,-25],[-75,-2],[-139,-57],[-57,-17],[-37,-39],[-27,-38],[1,-14],[42,-39],[88,6],[68,-38],[0,-38],[-19,-5],[-15,-78],[-6,-70],[10,-134],[-4,-78],[14,-31],[12,-60],[22,-36],[53,-204],[18,-86],[-13,-45],[1,-27],[21,-22],[19,-70],[-12,-37],[-45,17],[-78,-54],[-2,-43],[23,-23],[31,-15],[-1,-24],[-40,-11],[-59,-37],[-29,-81],[-1,-25],[15,-141],[18,-101],[-16,-29]],[[74620,76613],[24,-137],[72,-408],[-26,-13],[21,-104],[70,29],[16,-67],[-51,-74]],[[73316,74118],[10,82],[-3,43]],[[73323,74243],[33,263],[25,101],[-3,34],[5,117],[-2,23],[11,64],[50,209],[21,76],[19,93],[-13,60],[17,155]],[[73486,75438],[17,120],[20,58],[-9,137],[0,73],[14,83],[-8,98]],[[73520,76007],[8,153],[13,25],[42,29],[18,4]],[[106884,78372],[-15,-23],[-29,7],[-17,34],[5,38],[31,29],[29,-58],[-4,-27]],[[108581,79377],[-21,20],[13,85],[-25,2],[1,53],[19,51],[53,80],[17,-20],[-20,-114],[42,-5],[-27,-101],[-52,-51]],[[107418,77183],[-37,-54],[-32,4],[-16,24],[-6,29],[30,46],[27,65],[43,45],[15,-1],[-34,-90],[10,-68]],[[105947,74683],[-39,-14],[-21,15],[-20,77],[37,47],[61,-60],[-18,-65]],[[106062,74766],[-30,-7],[0,36],[24,82],[2,59],[22,75],[24,0],[-8,-92],[-22,-70],[-12,-83]],[[105763,75905],[-27,-23],[-14,31],[19,30],[-13,34],[14,76],[-4,33],[54,11],[10,-30],[1,-94],[-40,-68]],[[105489,77080],[-22,-25],[-9,39],[9,108],[42,-21],[0,-34],[-20,-67]],[[105525,77223],[-6,-30],[-35,41],[22,93],[-1,54],[43,49],[10,-23],[-2,-68],[-32,-77],[1,-39]],[[105280,76248],[13,-17],[35,13],[11,-8],[19,-70],[-36,-9],[-13,-32],[-32,27],[-3,21],[6,75]],[[105865,76024],[-31,-2],[-16,27],[42,40],[33,-7],[-28,-58]],[[109512,84041],[-13,-39],[-19,58],[-3,64],[29,-10],[6,-73]],[[109587,83908],[-23,-4],[-28,26],[-3,32],[20,27],[20,-10],[26,-51],[-12,-20]],[[108969,82022],[-16,2],[-8,46],[7,25],[43,23],[-18,-86],[-8,-10]],[[107219,77304],[-34,-38],[-4,28],[-19,32],[48,9],[9,-31]],[[108960,77455],[-3,-30],[-27,26],[1,34],[19,0],[10,-30]],[[105420,76283],[-19,50],[30,132],[15,-80],[0,-36],[-14,-10],[-12,-56]],[[105562,76521],[-24,-30],[-2,35],[15,63],[38,18],[-22,-48],[-5,-38]],[[105665,76847],[-23,-25],[-18,20],[15,74],[19,-18],[7,-51]],[[106614,77075],[-10,-25],[-30,8],[22,47],[18,-30]],[[106508,76969],[16,-22],[40,9],[-24,-47],[-51,16],[-1,46],[20,-2]],[[105639,75549],[-4,38],[30,15],[-26,-53]],[[109892,72419],[-6,-1],[-21,66],[18,-8],[14,-38],[-5,-19]],[[110450,83286],[62,0],[33,-9],[129,-95],[40,-12],[40,-1],[28,8],[26,25],[77,115],[83,104],[9,-4],[-6,-60],[-36,-96],[-41,-129],[-9,-65],[14,-63],[25,-52],[20,-72],[24,-99],[50,-15],[63,68],[54,-1],[-71,-60],[-29,-61],[-11,-11],[-54,2],[-76,-55],[-33,-36],[-37,-19],[-39,-4],[-60,-30],[-39,-1],[-73,25],[-35,-7],[-78,-57],[-71,-83],[-62,-92],[-51,-112],[-21,-59],[-13,-65],[-6,-84],[-26,-52],[-43,14],[-70,59],[-136,87],[-143,133],[-81,66],[-152,-19],[-143,-128],[-12,11],[-56,87],[-26,35],[-32,9],[-47,-7],[-32,-45],[-12,-32],[-12,-63],[4,-25],[31,-58],[37,-42],[18,-8],[53,-2],[61,-86],[66,-81],[16,-27],[-25,-27],[-27,-14],[-63,14],[-53,34],[-59,-89],[-19,-65],[-16,-30],[-39,-39],[-41,-20],[-22,6],[-17,25],[-14,64],[9,73],[21,68],[9,68],[-18,95],[-55,76],[-20,55],[-5,68],[13,121],[11,41],[42,23],[71,69],[36,44],[35,54],[19,60],[-31,73],[-6,43],[5,41],[32,22],[33,-17],[67,-60],[122,-22],[54,12],[26,50],[13,64],[-5,162],[17,66],[52,105],[16,63],[6,151],[33,136],[7,145],[-21,140],[-46,134],[3,62],[21,57],[5,33],[38,11],[53,56],[27,-45],[53,-69],[84,-125],[98,-190],[61,-92],[66,-84],[73,-86],[75,-74],[49,-35],[36,-56],[22,-9]],[[106136,76757],[65,-20],[74,50],[38,-30],[10,-30],[-5,-32],[-32,-69],[-27,-73],[62,-14],[61,1],[-14,-45],[-3,-39],[35,-44],[-13,-46],[33,-34],[-11,-47],[-83,-155],[-24,-79],[-33,-151],[-21,-137],[-15,-74],[5,-65],[-5,-67],[-42,-165],[-30,3],[-37,20],[-24,-3],[-12,-37],[22,-76],[-67,-89],[-74,-60],[-1,27],[26,60],[10,70],[-5,71],[-22,90],[-2,31],[26,17],[6,41],[-7,22],[-42,8],[-33,-97],[-10,-64],[13,-67],[27,-52],[-19,-56],[-95,55],[-38,16],[-18,72],[50,27],[10,93],[-19,59],[-27,45],[8,50],[-5,63],[-1,87],[7,15],[36,17],[49,101],[33,94],[28,101],[-27,5],[-22,19],[24,47],[-7,61],[-37,75],[-20,87],[-49,53],[-38,-45],[16,-57],[0,-101],[37,10],[15,-9],[12,-60],[-7,-33],[-14,-17],[-19,1],[-31,44],[-33,14],[-36,-30],[-33,-62],[-16,15],[7,49],[-14,35],[-33,58],[-9,75],[6,40],[33,-46],[18,-58],[24,-26],[31,0],[-32,106],[-34,38],[-45,65],[-30,30],[11,67],[17,13],[63,-26],[4,33],[-10,38],[31,29],[53,23],[32,48],[37,0],[30,22],[26,63],[15,62],[63,50],[16,7],[42,-5],[39,-29],[36,-123],[40,-44]],[[107221,77163],[48,-26],[48,7],[-1,-113],[20,-73],[-6,-49],[22,-17],[-65,-56],[-59,-76],[-46,-104],[-21,-120],[-19,25],[-57,100],[-35,28],[-58,14],[-18,-3],[-118,-94],[-16,-69],[-32,-103],[-15,-34],[-29,-28],[-13,-87],[-37,-55],[-22,-2],[-39,16],[-17,-9],[23,87],[-37,11],[-36,-2],[-1,57],[-22,32],[17,41],[0,34],[10,19],[2,50],[-36,25],[2,61],[-45,-9],[-67,-47],[10,33],[60,47],[26,27],[58,75],[36,35],[19,63],[29,125],[52,64],[19,-5],[21,-57],[28,-43],[20,4],[54,27],[41,-2],[37,27],[16,33],[6,40],[-14,68],[35,-4],[41,43],[42,26],[43,6],[49,-24],[47,-39]],[[109565,81582],[14,-12],[63,32],[-12,-95],[-7,-97],[5,-159],[6,-72],[11,-70],[27,-50],[35,-35],[51,-113],[28,-140],[20,-67],[14,-71],[5,-65],[-4,-44],[4,-37],[-5,-112],[-23,-131],[-3,-66],[-20,-14],[-12,-30],[-22,-26],[-28,-15],[-13,-68],[-26,-64],[-9,-81],[-4,-83],[-14,-59],[-34,-14],[-38,0],[-50,-27],[-11,-16],[-39,-101],[-12,-59],[0,-65],[11,-79],[15,-76],[11,-144],[-11,-220],[-12,-69],[-25,-48],[-35,-49],[-21,-71],[-35,-142],[-3,-73],[-15,-96],[5,-55],[11,-51],[47,-133],[39,-75],[-80,-39],[-63,-95],[-14,-71],[1,-80],[-8,-28],[-27,-41],[-53,-36],[-34,-37],[-47,-86],[-26,10],[-16,26],[16,33],[-5,38],[7,100],[-8,40],[27,30],[13,48],[48,73],[4,28],[-38,51],[-51,-6],[-17,-28],[-7,-73],[-40,-54],[6,-55],[26,-42],[-23,-64],[-14,-4],[-24,62],[-30,35],[-38,0],[-39,-13],[-30,-41],[-15,-71],[1,-87],[-12,-73],[-24,-65],[-40,-66],[-21,-6],[-26,50],[15,109],[0,62],[34,31],[-29,44],[-34,18],[-49,-24],[-23,-61],[-54,-87],[-33,-72],[-22,-84],[-71,27],[-40,7],[-39,-2],[-70,10],[-77,-17],[-87,-34],[5,25],[72,51],[-4,42],[-61,-8],[-22,4],[-10,30],[-24,1],[3,-58],[-25,7],[5,45],[-10,66],[0,41],[14,36],[-15,14],[-37,-22],[-18,-24],[-39,-121],[-15,-69],[29,-56],[76,-77],[14,-19],[0,-33],[-9,-35],[-22,-16],[-84,-25],[-73,-51],[-22,-51],[-66,-196],[-53,-135],[-76,-46],[-82,41],[-20,47],[-16,58],[-31,52],[-28,57],[-16,68],[3,109],[-13,66],[11,17],[46,40],[40,74],[10,30],[1,43],[-20,23],[-54,-1],[-53,-14],[-39,19],[-64,65],[-54,3],[-37,-10],[-38,-19],[-53,-16],[-45,-65],[-37,-41],[-31,-20],[-68,-6],[-69,-35],[-10,3],[-37,-30],[-43,-26],[-23,-26],[-43,17],[-83,-46],[-40,-6],[-42,26],[-38,41],[-37,-18],[-26,-60],[-12,-122],[-14,-54],[-5,-65],[-19,10],[-111,117],[-8,5],[-91,-21],[-52,-33],[-31,-10],[-27,16],[-27,28],[-26,-8],[-27,-20],[-10,178],[5,23],[34,58],[44,10],[45,-9],[31,12],[27,35],[27,50],[32,41],[85,69],[71,108],[66,76],[53,82],[70,94],[27,69],[17,19],[60,39],[80,29],[37,0],[38,-62],[40,24],[41,9],[42,-10],[42,0],[121,28],[82,54],[145,22],[100,52],[31,-15],[1,-39],[-12,-42],[32,-41],[93,-5],[27,-9],[40,29],[36,35],[39,48],[27,52],[-25,66],[-5,72],[21,79],[30,66],[36,40],[33,46],[67,130],[48,106],[18,130],[-10,154],[42,114],[41,20],[80,52],[43,15],[5,-53],[-64,-95],[-36,-40],[-41,-30],[-8,-33],[32,-57],[8,-41],[0,-76],[36,-40],[41,-13],[33,11],[59,113],[136,70],[67,53],[37,14],[34,28],[78,108],[56,104],[21,65],[16,68],[22,43],[124,104],[40,55],[12,27],[16,78],[11,82],[14,64],[20,60],[58,117],[18,58],[26,139],[12,77],[33,80],[14,66],[5,99],[-3,78],[-21,65],[-17,19],[-46,-5],[-23,27],[4,24],[41,17],[11,22],[22,72],[13,77],[2,33],[-18,62],[-13,74],[0,40],[14,46],[22,38],[39,11],[37,36],[10,23],[21,99],[-10,97],[24,42],[19,-12],[42,1],[22,-10],[4,-25],[13,-163],[24,-39],[18,2],[26,60],[20,7],[62,-37],[23,27],[13,39],[14,71],[-7,64],[-15,24],[-44,-32],[-92,-33],[0,71],[20,107],[26,50],[58,-32],[42,-51]],[[103788,71114],[-20,-98],[-16,-14],[-17,8],[-18,54],[13,21],[30,-7],[28,36]],[[103650,70967],[-21,-9],[-49,14],[-1,19],[25,19],[6,41],[56,-33],[-16,-51]],[[104181,71255],[-29,-16],[-31,10],[5,86],[18,-42],[37,-38]],[[105141,72441],[-33,-28],[-12,-35],[-31,-11],[-29,-48],[-29,-9],[1,-38],[12,-32],[-19,-6],[-20,-40],[5,-64],[-25,-34],[-27,-2],[1,65],[25,67],[1,79],[22,9],[45,67],[6,24],[-18,22],[5,39],[30,-9],[18,-22],[17,15],[9,27],[32,53],[13,53],[26,-43],[-7,-57],[-18,-42]],[[105394,73104],[-15,-11],[-19,15],[-6,71],[8,35],[16,8],[21,-87],[-5,-31]],[[105549,73407],[-30,-50],[-32,45],[-37,31],[29,20],[0,19],[25,29],[63,23],[31,49],[31,26],[8,-53],[-24,-13],[-44,-70],[-26,-27],[6,-29]],[[105504,73343],[-31,-3],[-13,57],[22,-10],[22,-44]],[[109092,76418],[-23,13],[11,32],[23,-22],[-11,-23]],[[35042,67352],[41,-23],[80,-19],[39,-54],[31,-29],[120,-65],[40,-113],[8,-35],[-32,-21],[-75,-9],[-50,38],[-35,8],[-8,23],[-19,-1],[-32,-79],[-31,4],[-12,29],[-29,-35],[-16,-80],[-26,40],[-28,34],[-35,13],[-71,3],[-33,11],[-38,87],[-28,18],[-28,79],[-10,10],[-75,17],[-16,43],[5,39],[37,61],[42,-2],[39,14],[36,34],[144,-34],[65,-6]],[[64960,84993],[9,-7],[71,-5],[24,-33],[58,-14],[33,16],[37,87],[38,25],[64,4],[32,9],[85,-7],[66,33],[68,26],[11,-13],[-24,-47],[8,-30],[39,-62],[41,-83],[31,-19],[75,-15],[36,-13],[124,-34],[109,-10],[73,-22]],[[66074,84199],[22,25],[-53,89],[-24,0],[-32,-38],[-88,39],[-60,-83],[-44,-17],[-48,-41],[-90,-52],[-22,4],[20,49],[-47,-34],[-27,-28],[-16,-128],[20,-20],[36,-105],[45,-44],[-20,-76],[-27,-29],[-36,20],[-11,-68],[20,-182],[31,-127],[31,-56],[69,-87],[74,-46],[132,-145],[73,-47],[19,-25],[44,-112],[38,-130],[41,-205],[29,-100],[59,-114],[122,-163],[111,-119],[103,-73],[81,-13],[190,16],[34,-7],[35,-20],[9,-51],[-13,-34],[-40,-36],[-42,-50],[-4,-68],[38,-47],[184,-127],[188,-105],[59,-54],[68,-83],[163,-116],[28,-56],[100,-120],[45,-93],[9,-73],[-22,-73],[-10,-52],[-17,-50],[-42,19],[-48,53],[-73,212],[-133,22],[-75,52],[-13,55],[-13,10],[-51,7],[-35,-35],[-41,-82],[-47,-117],[-48,-173],[-2,-69],[26,-68],[77,-37],[59,-60],[40,-63],[3,-151],[18,-87],[-26,-49],[-51,13],[-67,-31],[-47,-55],[-20,-54],[6,-137],[-10,-53],[-90,-98],[-47,-102],[-29,-90],[-114,-1],[-27,59],[-1,88],[19,54],[42,25],[28,112],[-9,80],[32,62],[77,29],[4,113],[-35,51],[-12,72],[-16,133],[-58,170],[-31,151],[-24,74],[-37,39],[-66,0],[-33,11],[-117,105],[-7,44],[19,42],[-27,111],[-23,46],[-25,23],[-72,-25],[-32,4],[-41,-22],[41,81],[-11,19],[-41,33],[-71,9],[-18,27],[-64,162],[-44,65],[-21,11],[-39,-14],[-66,30],[-39,6],[-54,-28],[-22,36],[-60,66],[-74,38],[-146,214],[-44,79],[-92,88],[-57,127],[-47,47],[-69,38],[-54,-21],[-13,16],[29,25],[-6,49],[-79,127],[-46,40],[-32,82],[-22,13],[-44,6],[6,108],[-4,39],[-25,104],[-44,89],[-25,210],[-20,59],[-47,45],[-109,50],[-150,136],[-32,2],[-90,53],[-56,9],[-74,-48],[-88,-130],[-72,-135],[-26,-26],[-93,-46],[-82,-22]],[[63950,83069],[-3,61],[57,105],[9,30],[-13,51],[-13,2],[-78,-25],[-76,46],[-62,48],[-23,35],[-9,35],[7,22],[-18,52],[40,103],[24,24],[-13,69],[-17,20],[-48,15],[-21,24],[-16,62],[-19,29],[-3,31],[22,16],[51,-5],[48,49],[33,16],[13,68],[13,32],[-49,61],[-17,50],[-28,56],[-25,24],[-1,65],[47,34],[27,36]],[[64940,82504],[11,-24],[-6,-30],[-69,-21],[-26,3],[-1,42],[79,9],[12,21]],[[66148,81168],[-28,12],[6,23],[31,-14],[-9,-21]],[[65505,78716],[-17,-7],[-21,21],[2,39],[27,-14],[9,-39]],[[66707,79624],[-34,-98],[-82,-172],[-16,-83],[-30,-119],[6,-77],[38,-56],[-19,-22],[39,-71],[2,-51],[-52,-76],[-13,-66],[3,-60],[-38,3],[-38,19],[-39,-8],[-93,55],[-46,108],[-37,46],[-40,35],[-81,-2],[-35,22],[-73,73],[-77,59],[-66,81],[-44,17],[-39,40],[-77,1],[-20,14],[-39,46],[-31,94],[18,74],[21,71],[39,34],[24,46],[40,-74],[17,-18],[19,4],[32,27],[2,29],[35,37],[45,1],[20,-7],[11,-33],[37,-16],[65,-63],[36,-12],[51,26],[39,11],[81,-15],[43,16],[32,1],[44,25],[34,41],[37,13],[93,-11],[20,9],[35,39],[21,-8],[54,45],[24,3],[22,-17],[-20,-30]],[[64680,81277],[17,-39],[38,-163],[4,-35],[-18,-62],[-37,-82],[5,-67],[14,-43],[2,-46],[-7,-57],[-23,-354],[-19,-117],[-26,-17],[-76,48],[-39,-12],[-31,26],[-12,-122],[-19,-49],[-29,-31],[-28,-2],[-51,10],[-19,23],[-60,150],[-7,172],[16,50],[6,53],[-4,46],[30,6],[3,67],[-18,36],[-30,12],[0,75],[16,25],[5,32],[1,101],[-21,38],[-20,92],[-55,93],[-4,75],[8,61],[15,23],[22,-31],[54,-15],[35,11],[85,61],[61,100],[37,21],[19,25],[6,36],[16,10],[19,-36],[23,-2],[36,-29],[28,-60],[26,-23],[-21,-53],[27,-31]],[[64286,80151],[-19,-62],[-21,43],[3,48],[37,-29]],[[73520,76007],[-22,4],[-29,30],[-13,36],[-58,16],[-44,-45],[-18,-76],[-19,-111],[12,-153],[-12,-45],[10,-15],[24,13],[25,-13],[24,-26],[-15,-25],[-41,-38],[-28,-45],[-27,-127],[12,-28],[66,9],[59,35],[46,37],[14,-2]],[[73323,74243],[-23,-48]],[[73300,74195],[-12,54],[-27,154],[-45,236],[-44,158],[-13,93],[-31,143],[-25,104],[-28,133]],[[73075,75270],[35,52],[1,44],[59,101],[-16,37]],[[73154,75504],[69,193],[43,186],[40,260],[28,132],[25,87],[11,72]],[[73075,75270],[-16,71]],[[73059,75341],[64,100],[31,63]],[[58001,89370],[-27,4],[-12,25],[-69,11],[29,24],[63,-8],[13,-10],[3,-46]],[[59274,89479],[20,-45],[-51,-4],[-13,-14],[8,-65],[18,-27],[25,-123],[18,-40],[3,-171],[31,-130],[6,-103],[-35,-74],[-24,-89],[-6,-75],[-44,-88],[-40,-35],[47,-61],[-38,-27],[-42,-9],[-47,15],[-29,-2],[-36,-31],[-26,55],[-13,-52],[-27,-16],[-46,3],[-77,-13],[-29,-15],[-21,-50],[-25,-24],[-72,-28],[-27,-43],[-36,-25],[-30,-7],[-49,47],[-28,-8],[12,-52],[-4,-33],[-44,-21],[-37,-34],[-51,-9],[-27,-32],[-164,-54],[-57,19],[-25,-4],[-69,-30],[-33,6],[43,75],[57,37],[-13,15],[-109,-26],[-38,-22],[-20,28],[109,104],[-114,-32],[-43,7],[-11,18],[-34,-9],[-13,44],[51,66],[29,28],[68,37],[-4,35],[-99,-6],[-48,5],[11,45],[50,40],[51,3],[42,-24],[57,8],[-24,26],[-4,51],[-18,18],[49,39],[44,50],[16,8],[87,12],[93,26],[94,37],[-48,20],[-23,27],[-36,-55],[-27,-20],[-74,-11],[-57,23],[-21,-20],[-49,-26],[-52,-7],[61,49],[76,83],[42,71],[-24,32],[56,93],[19,17],[36,3],[48,20],[22,28],[-71,27],[-113,-9],[-38,22],[-7,33],[-33,6],[-42,-9],[-18,14],[28,33],[-36,7],[-36,-6],[-29,10],[12,40],[-21,44],[81,26],[8,27],[-19,15],[3,43],[53,34],[57,14],[0,47],[-57,7],[-57,-17],[20,87],[0,57],[-27,-12],[-15,69],[-39,-20],[12,64],[21,11],[59,-5],[36,20],[53,5],[84,-6],[58,-55],[49,49],[87,-16],[55,-20],[6,45],[-19,27],[23,35],[48,36],[63,29],[13,45],[21,37],[-111,-19],[-105,45],[17,31],[60,32],[55,66],[-12,47],[7,34],[23,23],[18,56],[46,8],[44,22],[70,3],[14,30],[45,-3],[25,-76],[-26,-41],[17,-38],[36,32],[-18,92],[4,33],[20,22],[54,10],[-22,39],[40,-5],[32,-30],[66,-41],[-32,-38],[-40,-25],[-15,-28]],[[76663,78955],[11,-49],[29,-164],[34,-38],[17,-49],[0,-83],[7,-34],[20,-38],[32,-8],[12,-25],[42,-212],[41,-4],[55,-50],[27,-57],[18,-9],[56,8],[78,-9],[35,-29],[-3,-18],[-28,-21],[-49,-23],[-14,-41],[-8,-52],[13,-61],[35,-65],[14,-77],[-7,-43],[-73,-62],[-83,-143],[-6,-31],[0,-84],[-8,-24],[-46,5],[-1,-30],[-20,-73],[30,-81],[5,-44],[-5,-39],[-44,-113],[25,-27],[69,-149],[22,-52],[29,14],[19,-10],[5,-39],[-7,-34],[37,-13],[56,-150],[-2,-34],[-20,-54],[0,-37],[11,-44],[63,-4],[27,-13],[65,-60],[189,-228],[56,5],[29,-32],[48,-168],[27,-40],[81,-182],[-51,-245],[0,-247],[113,-8],[2,-325],[17,-5],[28,-26],[11,-38],[16,-21],[35,-22],[18,-35],[1,-43],[16,-76],[39,-47]],[[77953,74496],[-31,-14],[-35,11],[-72,52],[-24,2],[-30,-21],[-2,-17]],[[80559,72608],[-32,-75],[-48,-62],[-20,19],[-16,-1],[-35,-24],[-24,-3],[-45,-43],[-40,-22],[-39,6],[-5,41],[17,-6],[63,38],[79,64],[8,28],[-10,56],[51,-23],[58,45],[47,12],[22,-31],[-31,-19]],[[82290,78009],[5,-66],[-11,-24],[-19,-100],[-30,-25],[2,-39],[15,-72],[-27,-107],[2,-41],[-41,-91],[-2,-35],[-51,-61],[-26,-23],[56,-123],[-85,-8],[-24,-54],[-29,-78],[14,-156],[-14,-81],[8,-46],[22,-31],[28,-18],[51,0],[35,-13],[3,-21],[-67,-113],[-54,-115],[5,-88],[86,-464],[0,-50],[-13,-113],[-1,-68],[6,-88],[-5,-46],[10,-103],[11,-8],[275,-62],[33,-60],[20,-133],[-1,-98],[-9,-51],[-77,-144],[-155,-293],[-89,-167]],[[82401,71540],[-19,-4],[-41,-58],[-57,25],[-46,25],[-152,62],[-17,29],[-10,52],[-26,15],[-37,-78],[-128,45],[-44,-13],[-27,24],[-69,1],[-54,48],[-78,-33],[-62,-6],[-85,85],[-91,24],[-73,-8],[-38,7],[-62,31],[-29,31],[-48,-24],[-22,45],[-135,41],[-26,79],[-19,73],[-1,76],[-33,132],[-12,192],[-11,75],[-19,65],[-24,55],[-34,59],[-29,24],[-126,45],[-25,-6],[-57,-30],[-60,-65],[-99,-37],[-21,-29],[-24,-63],[-32,-37],[-45,10],[-47,-38],[-89,-105],[-46,-32],[-39,2],[-42,50],[-94,67],[-60,22],[-85,-15],[-40,11],[-67,79],[-18,56],[-39,38],[-122,86],[-99,112],[-19,43],[-12,63],[-43,76],[-97,63],[-55,66],[-64,15],[-60,-1],[-27,11],[-24,29],[-81,137],[-2,54],[-50,135],[-11,48],[-11,132],[-14,35],[-53,55],[-8,36],[11,47],[0,36],[-27,35],[-41,18],[-10,40],[7,80],[-6,49],[-36,80],[-53,81],[-54,121],[-21,30],[-13,79],[-20,93],[-30,7],[-146,-113],[-43,64],[-128,109],[-18,42],[33,21],[32,-20],[19,22],[-8,38],[-32,23],[-44,-2],[12,-34],[-41,-34],[-9,-43],[7,-54],[3,-74],[-30,-53],[-55,-5],[-25,-33],[-17,-8]],[[76681,80512],[62,-141],[25,-37],[24,-67],[38,-38],[46,-61],[31,-55],[32,-22],[119,-40],[65,-18]],[[77123,80033],[19,-6],[51,27],[58,-4]],[[77251,80050],[22,-1],[102,152],[47,20],[26,44],[41,55],[99,98],[36,28],[65,66],[40,22],[36,-1],[98,-146],[13,-30],[-22,-28],[-42,-26],[-7,-20],[5,-68],[50,-45],[6,-49],[-17,-25],[-66,-28],[-19,-31],[11,-41],[61,-59],[19,-50],[16,-19],[37,-16],[61,-109],[14,-8],[80,23]],[[78063,79758],[11,-181],[8,-80],[12,-78],[41,-138],[31,-42],[68,-49],[34,-15],[87,-10],[87,-22],[51,-24],[29,-41],[42,-119],[66,-84],[135,-126],[65,-43],[219,-78],[147,4],[403,153],[134,38],[51,0],[-30,-30],[-51,-18],[31,-21],[68,0],[16,19],[0,64],[-21,143],[-14,100]],[[94643,56799],[74,-175],[30,-23],[40,-79],[11,-28],[-11,-55],[-8,-160],[-20,-39],[-47,20],[0,27],[-27,120],[-48,67],[-19,3],[-13,69],[-24,81],[-75,148],[56,-2],[28,36],[11,37],[42,-47]],[[95217,54786],[-31,-4],[-68,75],[-16,32],[-3,45],[-65,173],[-8,39],[25,141],[66,34],[22,-24],[7,-63],[38,-115],[25,-110],[-3,-15],[27,-73],[20,-43],[1,-68],[-37,-24]],[[101179,50540],[-44,-128],[25,-41],[-72,-26],[-29,13],[-17,-3],[-73,24],[-52,30],[-2,51],[15,-9],[40,-5],[16,13],[0,83],[-5,108],[53,88],[30,36],[33,21],[84,-49],[24,-33],[6,-32],[-32,-141]],[[100772,50825],[34,-33],[49,-97],[4,-27],[-14,-25],[-35,-40],[-77,-64],[-14,-30],[-20,-83],[-14,-24],[-16,-8],[-19,13],[16,37],[1,45],[-12,42],[-18,34],[-35,49],[-37,41],[-38,22],[-40,10],[-15,20],[-23,53],[-12,58],[3,29],[49,-5],[73,-34],[36,-3],[20,8],[53,68],[13,-1],[88,-55]],[[97565,54853],[11,-43],[28,-80],[17,-199],[53,-172],[154,-67],[-25,-28],[-22,-53],[-23,-120],[15,-65],[3,-44],[-40,10],[-51,56],[-19,11],[-32,33],[-42,24],[-43,19],[-22,51],[-9,62],[10,93],[-26,49],[-19,67],[-7,78],[-28,30],[-35,18],[-17,16],[-71,-29],[-17,7],[-16,21],[-39,23],[2,43],[18,35],[43,35],[20,30],[4,38],[-8,29],[3,29],[29,51],[43,30],[19,-52],[21,-75],[19,45],[-12,78],[32,17],[32,1],[25,-21],[15,-34],[7,-47]],[[103409,53063],[8,-134],[-3,-35],[-26,62],[-22,-15],[-13,-52],[0,-49],[-10,-33],[-5,-109],[3,-29],[24,19],[33,-43],[18,-31],[-4,-36],[-24,-37],[-26,-17],[-20,16],[-26,-52],[3,-26],[-22,-73],[-13,-22],[-27,23],[-17,-19],[-14,2],[-20,73],[0,35],[19,38],[0,29],[10,31],[32,75],[14,131],[15,104],[1,133],[32,108],[32,30],[48,-97]],[[103226,52617],[-9,-41],[-19,-32],[-30,4],[-28,28],[-7,-30],[-22,2],[-8,38],[15,113],[24,42],[-3,44],[-18,95],[11,49],[53,38],[61,55],[13,-36],[6,-160],[-49,-128],[10,-81]],[[98339,58181],[-47,-23],[-27,32],[49,66],[-52,26],[-16,23],[-14,58],[1,37],[67,98],[16,10],[2,-41],[47,-102],[1,-93],[-27,-91]],[[98302,54028],[-5,-65],[-8,-25],[-30,-32],[-9,-21],[-27,4],[-12,57],[-28,27],[-12,-46],[-56,-29],[-16,-2],[8,53],[-14,42],[-1,50],[-9,35],[13,36],[-2,39],[15,42],[9,103],[58,22],[12,-18],[69,-23],[48,-62],[25,-83],[-28,-104]],[[107571,55485],[72,-24],[27,1],[26,-27],[31,13],[18,-9],[60,-94],[29,-63],[44,-53],[32,-19],[-24,-49],[-48,-26],[-19,-1],[-37,29],[-30,-5],[-26,36],[-4,57],[-27,127],[-34,-36],[-42,58],[-14,-8],[-18,20],[-14,39],[-2,34]],[[107602,54901],[135,-31],[37,4],[76,-12],[65,-42],[112,-7],[33,-13],[26,-28],[-63,-24],[-30,-22],[-54,-10],[-46,10],[-34,-13],[-12,22],[-49,21],[-62,46],[-129,52],[-5,47]],[[106012,55887],[60,-26],[13,3],[86,-68],[13,-33],[-5,-23],[13,-31],[-28,-46],[-14,-6],[-14,17],[-26,11],[-32,-19],[-20,14],[-17,43],[-30,26],[-43,91],[-21,-4],[5,-35],[19,-24],[24,-68],[28,-5],[19,-28],[-2,-45],[-49,-17],[-18,33],[-3,58],[-28,-20],[-19,-23],[-19,61],[-53,4],[-35,32],[17,34],[3,33],[22,18],[24,-15],[23,23],[17,-6],[12,15],[47,10],[31,16]],[[105207,57164],[-54,-11],[-11,30],[-15,133],[39,107],[48,63],[44,17],[29,-78],[-22,-154],[-26,-80],[-32,-27]],[[105105,54858],[-32,-32],[-50,17],[-59,-3],[-61,-24],[-36,20],[-21,32],[0,34],[21,85],[46,64],[19,11],[33,-17],[55,-49],[44,-58],[39,-44],[2,-36]],[[104389,54367],[-5,-11],[-21,34],[-14,95],[-11,24],[-14,90],[4,26],[16,38],[14,-1],[10,-22],[-5,-97],[30,-123],[-4,-53]],[[104379,54778],[105,-21],[-15,-22],[-113,-36],[-40,7],[-123,-21],[-16,1],[-2,35],[-13,24],[19,21],[27,5],[67,-8],[104,15]],[[104019,54830],[43,-22],[18,30],[13,-12],[4,-42],[20,6],[21,-25],[-1,-41],[-61,-8],[-44,-33],[-59,30],[-67,-52],[-40,-18],[-35,2],[-30,90],[17,106],[13,18],[22,9],[62,5],[104,-43]],[[106187,50922],[-5,-7],[-67,8],[3,47],[-12,35],[17,52],[0,60],[18,8],[3,34],[21,91],[12,20],[18,9],[21,52],[12,16],[12,40],[19,19],[-2,34],[10,18],[29,14],[19,-17],[12,-35],[-31,-44],[16,-106],[-23,-116],[-15,-36],[-28,-29],[-8,-29],[-33,-57],[-18,-81]],[[104644,51128],[4,-44],[-41,-9],[-39,-34],[-21,-39],[-16,-49],[-54,19],[-48,4],[-21,18],[-24,-2],[-30,-15],[-42,-43],[-10,-3],[3,65],[12,39],[46,95],[37,-20],[43,-6],[51,18],[34,43],[51,22],[40,-56],[25,-3]],[[103885,50834],[8,-38],[26,21],[26,6],[59,-5],[43,-8],[25,-16],[2,-75],[-11,-16],[-223,-57],[-30,35],[24,57],[-11,26],[12,44],[27,29],[23,-3]],[[106077,55073],[-13,-18],[-41,16],[-21,39],[-24,94],[-3,33],[-12,41],[2,16],[76,43],[15,-16],[31,-1],[15,-32],[-10,-136],[-15,-79]],[[94306,59137],[42,-6],[78,34],[43,-3],[40,-24],[35,-15],[89,18],[33,-19],[54,-103],[70,-99],[19,-64],[11,-71],[7,-17],[78,-137],[9,-58],[-11,-78],[23,-64],[75,-59],[44,-43],[16,-58],[25,-47],[31,-31],[96,-79],[127,-168],[72,-80],[59,-121],[21,-58],[18,-62],[36,-91],[61,-113],[16,-34],[35,-95],[24,-43],[26,-33],[28,-10],[45,-81],[24,-26],[-3,64],[-21,56],[4,63],[17,26],[20,6],[37,-22],[61,-97],[26,-56],[36,-158],[24,-40],[34,-14],[37,-6],[35,-25],[80,-111],[27,-52],[19,-62],[14,-72],[9,-77],[6,-17],[50,-93],[28,-38],[33,-19],[97,-21],[34,-32],[27,-53],[13,-54],[-21,-48],[-75,-73],[-81,-50],[79,17],[40,21],[36,34],[36,42],[57,59],[21,12],[26,-5],[22,-17],[66,-118],[24,-71],[15,-80],[-28,-40],[-39,-31],[-55,-77],[-6,-30],[12,-19],[-14,-56],[31,-35],[4,-29],[-26,-43],[2,-26],[32,-111],[16,-26],[48,-56],[75,-58],[42,-26],[46,-20],[56,10],[7,-22],[15,-110],[8,-69],[10,-148],[14,-61],[-1,-76],[18,-63],[36,-40],[40,-34],[18,-32],[0,-49],[-7,-39],[-13,-30],[-40,-64],[-7,-27],[-6,-71],[7,-32],[16,-2],[13,17],[49,94],[13,17],[37,21],[89,1],[37,-14],[34,-31],[30,-39],[107,-245],[50,-136],[5,-69],[-9,-28],[-45,-92],[-20,-126],[3,-73],[27,-64],[0,-30],[-30,-149],[-3,-26],[18,-242],[1,-66],[-3,-83],[3,-134],[-25,-414],[-23,-89],[-24,1],[-20,11],[-14,24],[-19,55],[-59,76],[-16,-13],[-59,-95],[-16,-14],[-52,41],[-99,99],[-7,-75],[19,-108],[3,-48],[-28,-7],[-41,63],[-38,70],[-43,94],[-32,45],[-29,50],[-80,190],[-21,29],[-124,135],[-25,31],[-32,56],[-34,49],[-75,78],[-130,198],[-56,114],[-63,183],[-21,46],[-106,138],[-57,83],[-24,48],[-56,166],[-17,56],[-20,50],[-34,40],[-30,47],[-59,151],[-19,60],[-14,65],[2,130],[-126,394],[-31,124],[-30,170],[-5,18],[-70,152],[-24,49],[-29,46],[-24,54],[-48,174],[-17,49],[-25,35],[-89,66],[-34,37],[-26,52],[-16,66],[-18,142],[-43,214],[-47,287],[-32,130],[-36,101],[-11,23],[-163,182],[-28,26],[-30,16],[-42,12],[-32,47],[-13,85],[-7,113],[-8,67],[-9,38],[-68,80],[-27,63],[-42,124],[-75,185],[-26,49],[-32,35],[-94,36],[-27,30],[-45,106],[-28,54],[-83,118],[-140,248],[-28,61],[-21,64],[-18,70],[-59,191],[13,78],[-8,67],[2,29],[17,18],[40,22],[41,-3],[39,-9],[37,-19],[35,-40],[64,-101],[35,-36],[41,-17],[82,-23]],[[103273,50542],[-48,-23],[-59,-48],[-50,-8],[-46,5],[-32,-9],[-87,-72],[-34,-6],[-29,-17],[-24,48],[-57,3],[-30,-63],[-46,13],[-54,-24],[-18,4],[-68,49],[-79,29],[-79,-11],[-68,27],[-37,-21],[-35,-29],[-23,59],[-12,41],[4,78],[17,60],[79,60],[45,54],[66,26],[21,-11],[43,16],[33,-42],[15,-8],[45,-3],[42,-24],[38,-36],[54,-35],[32,-45],[25,-17],[35,3],[21,30],[26,13],[61,7],[35,24],[35,-26],[66,-80],[21,-1],[37,16],[12,22],[16,60],[30,41],[50,31],[35,31],[23,51],[-55,22],[11,37],[18,20],[25,-7],[21,-29],[10,-110],[-18,-15],[-18,-39],[-31,-40],[12,-50],[-22,-31]],[[102328,50068],[16,-28],[55,-54],[10,-23],[4,-37],[10,-28],[25,-4],[27,6],[21,-18],[44,-83],[23,-60],[29,-33],[16,-50],[-10,-44],[-36,-61],[-19,-13],[-27,-5],[-42,-36],[-16,19],[-47,13],[-38,26],[-31,49],[-18,51],[-23,45],[-40,31],[-73,89],[-45,8],[-36,-7],[-95,41],[-14,23],[-23,60],[-6,33],[24,49],[54,35],[37,11],[43,-2],[66,10],[61,-17],[20,13],[30,37],[24,-46]],[[101725,50724],[17,-24],[15,2],[33,37],[19,14],[42,-6],[20,-26],[15,-57],[11,52],[33,23],[28,-3],[21,-25],[19,-73],[-1,-65],[31,-66],[-18,-39],[-25,-12],[-35,29],[-28,-6],[-25,-15],[3,-23],[21,-11],[-3,-29],[-28,20],[-85,-31],[-17,0],[-11,26],[1,68],[-6,18],[-65,-103],[-20,-9],[-21,4],[-71,-51],[-45,7],[-76,-54],[-41,-15],[-60,-1],[-17,-22],[-34,-19],[-35,14],[-58,43],[-8,32],[2,38],[12,52],[-8,91],[18,82],[17,14],[23,4],[38,37],[34,47],[20,-4],[45,-34],[27,-3],[45,5],[19,-21],[8,-47],[23,-30],[32,-79],[30,4],[26,-14],[46,48],[34,-2],[10,38],[-20,40],[-26,33],[-41,9],[-56,73],[-17,39],[-9,47],[5,33],[39,31],[18,7],[67,-20],[12,-18],[17,-73],[14,-31]],[[103991,56507],[-64,-105],[-37,-106],[-26,-60],[-30,-54],[-51,-45],[-21,-11],[-39,-4],[-119,-43],[-38,-5],[-113,13],[-15,5],[-29,55],[-33,44],[-30,5],[-30,-5],[-214,-3],[-75,-8],[-75,-20],[-40,10],[-40,21],[-31,8],[-30,-2],[-142,-33],[-35,3],[-71,42],[-41,8],[-41,-11],[-38,-38],[-14,-25],[-39,-86],[-23,-64],[-31,-159],[-7,-66],[-1,-70],[7,-77],[11,-77],[11,-58],[49,-135],[10,-20],[53,-38],[32,-49],[29,-136],[22,-69],[44,4],[41,-9],[40,-18],[39,42],[22,78],[22,59],[52,112],[31,51],[18,17],[20,-8],[36,-52],[39,-13],[40,8],[42,36],[28,51],[36,22],[85,0],[44,-8],[79,10],[-2,20],[-19,40],[65,36],[52,18],[38,-13],[33,-35],[12,-37],[6,-44],[-12,-114],[-7,-26],[-27,-14],[-24,15],[-26,59],[-35,22],[-50,-18],[-32,-40],[-28,-61],[-24,-69],[-51,-108],[-58,-92],[-29,-36],[-32,-24],[-102,-62],[-27,-46],[-21,-60],[-23,-19],[-26,-7],[-61,45],[-13,-28],[-3,-42],[20,-15],[33,-46],[24,-66],[52,-36],[15,-20],[27,-57],[42,-130],[14,-71],[24,-58],[71,-98],[-1,-60],[6,-30],[26,-56],[5,-37],[-27,-46],[-2,-66],[-17,-90],[-3,-58],[25,-46],[37,-28],[32,-70],[27,-44],[-1,-38],[15,-22],[13,-40],[21,-10],[16,29],[18,-6],[9,-28],[8,-75],[0,-74],[-9,-27],[-19,1],[-34,31],[1,-44],[-85,-6],[-90,-46],[-31,-28],[-22,-50],[-1,-34],[8,-72],[-12,-25],[-41,-10],[-58,19],[-54,36],[-26,49],[-9,62],[19,185],[24,79],[2,39],[-28,48],[-41,19],[-35,41],[-136,225],[-7,22],[5,73],[44,123],[6,24],[5,98],[-1,79],[-5,81],[-21,50],[-38,15],[-39,3],[-38,-16],[-38,-41],[-68,-85],[-28,-49],[-2,-65],[15,-62],[21,-58],[11,-63],[15,-223],[-1,-25],[-17,-65],[-8,-144],[8,-205],[12,-126],[-5,-68],[-32,-147],[-10,-80],[-1,-33],[39,-153],[8,-61],[5,-63],[-40,31],[-80,-21],[-43,-1],[-15,-12],[-31,-41],[-34,-19],[-55,51],[-32,55],[-30,61],[-5,69],[10,70],[15,75],[29,126],[-1,84],[10,68],[17,68],[5,62],[5,241],[-5,22],[-40,143],[-5,63],[6,70],[-25,49],[-21,10],[-41,-10],[-84,-39],[-25,35],[-18,52],[-12,73],[-7,77],[3,73],[13,69],[-10,49],[-16,53],[9,51],[51,52],[46,72],[14,62],[2,77],[10,74],[25,68],[27,62],[9,65],[-14,103],[6,47],[-5,54],[0,55],[17,102],[50,209],[50,112],[20,29],[26,-52],[19,-61],[0,55],[-5,54],[-20,126],[-17,245],[5,24],[17,-4],[18,22],[10,38],[-19,91],[-1,33],[36,128],[29,46],[12,29],[7,79],[35,50],[24,54],[14,68],[18,8],[15,-59],[17,-24],[35,-20],[29,23],[19,55],[32,57],[17,71],[22,65],[15,22],[39,23],[19,1],[43,-41],[25,-8],[26,3],[29,-25],[24,-68],[27,-22],[94,12],[82,-35],[112,-8],[39,-21],[36,-27],[46,-48],[34,-8],[24,45],[36,12],[72,-9],[194,-56],[29,8],[117,106],[46,101],[43,29],[14,46],[8,54],[15,15],[35,15],[14,17],[25,67],[30,60],[14,18],[41,-10],[19,-26],[23,-88],[-40,-76],[-30,-124],[-21,-60],[-27,-55]],[[98018,52158],[34,-70],[30,-38],[36,-20],[74,-11],[42,-27],[44,-13],[53,20],[13,-13],[30,-60],[33,-55],[7,-28],[23,-133],[25,-38],[35,-11],[82,-5],[94,-31],[37,4],[33,31],[29,-20],[80,-37],[40,-8],[44,10],[45,2],[42,-26],[36,-6],[32,31],[21,57],[18,72],[13,75],[22,60],[33,30],[47,-7],[62,-145],[10,-11],[54,-8],[15,4],[34,26],[19,2],[35,-32],[32,-46],[86,-20],[33,-54],[17,-7],[60,6],[42,-5],[35,-15],[30,-156],[7,-27],[36,-27],[15,-25],[-5,-79],[5,-74],[74,-66],[81,-37],[84,-4],[85,13],[45,16],[54,28],[12,-1],[106,-85],[9,-13],[12,-65],[0,-67],[-20,-161],[0,-88],[22,-96],[11,-28],[39,-49],[-4,-54],[-43,18],[-26,22],[-15,36],[-21,21],[-40,-8],[-75,36],[-84,56],[-150,120],[-41,-2],[-39,-14],[-41,-31],[-43,-21],[-32,-8],[-32,5],[-80,29],[-80,18],[-206,12],[-59,27],[-97,14],[-76,23],[-77,32],[-193,161],[-64,39],[-195,77],[-29,6],[-71,-6],[-44,23],[-40,0],[-58,-25],[-18,-17],[-23,-38],[-78,8],[-104,37],[-38,22],[-37,33],[-51,58],[-90,43],[-72,16],[-150,19],[-61,30],[-15,35],[2,45],[35,115],[-109,78],[-87,43],[-37,8],[-38,0],[-42,-9],[-42,4],[-39,18],[-37,-6],[-4,35],[10,30],[21,35],[13,6],[5,-54],[24,-22],[9,3],[33,69],[9,34],[16,91],[18,-18],[28,26],[27,211],[23,62],[32,51],[16,13],[30,-32],[64,-12],[37,-20],[37,-3],[36,-11],[51,-37],[37,16],[27,40],[12,65],[39,-33],[58,-13],[15,-19]],[[101497,58479],[-27,-22],[-11,-36],[32,-55],[3,-36],[25,-32],[31,-50],[16,-68],[-21,-27],[-30,-6],[-40,59],[-5,-40],[-16,-23],[-55,7],[-39,0],[-2,-30],[61,-103],[13,-38],[-21,-75],[10,-31],[24,-18],[29,-37],[20,-5],[15,-21],[1,-36],[8,-57],[21,-16],[-20,-39],[38,-31],[12,-18],[6,-48],[28,-79],[51,-102],[11,-37],[0,-34],[-9,-30],[-29,-34],[-23,-45],[-3,-17],[-31,-21],[26,-36],[21,-63],[53,-102],[25,-39],[108,-139],[57,-61],[73,-138],[38,-32],[7,-39],[-32,-59],[-46,-29],[-75,-16],[-77,20],[-39,17],[-34,35],[-27,68],[-36,37],[22,-84],[-4,-46],[-14,-36],[-61,-64],[-65,-241],[-11,-65],[-20,-271],[0,-77],[29,-143],[3,-75],[6,-32],[-4,-27],[-14,-17],[-56,-43],[-40,-36],[-32,-52],[-49,-111],[-30,-22],[-22,3],[-18,21],[-13,42],[-11,-21],[15,-72],[-6,-38],[-13,-30],[-36,-33],[-19,-28],[-3,-49],[-23,-49],[-50,-50],[-19,-45],[50,0],[3,-49],[7,-37],[-10,-80],[-37,-54],[35,-30],[38,-13],[12,-57],[-11,-131],[-27,-16],[-34,10],[-12,-19],[-4,-32],[24,16],[-1,-81],[-7,-78],[-8,-43],[-13,-35],[-22,-11],[-21,26],[-3,-30],[5,-26],[30,-63],[-31,-35],[-6,-31],[-32,-72],[-14,-53],[-5,-56],[-15,-44],[-238,-193],[-193,-164],[-23,36],[-7,254],[-24,129],[-3,74],[-27,-66],[-35,24],[-13,21],[-5,64],[-18,-34],[-21,4],[-33,47],[-41,-71],[-56,-39],[-31,1],[-24,21],[-2,109],[-6,31],[-29,7],[-62,-38],[-106,194],[-21,-158],[-73,-84],[-54,-48],[-53,18],[-54,31],[-54,-37],[-59,-92],[-16,-14],[-29,12],[4,69],[0,71],[-4,155],[-4,30],[-17,43],[-23,31],[-23,-53],[-44,1],[-44,25],[-37,-15],[-74,-61],[-38,-9],[-21,13],[-20,68],[-37,-51],[-12,10],[-32,71],[-67,-27],[-25,-31],[-16,12],[-8,25],[-3,147],[-34,282],[-10,145],[-7,33],[-39,52],[1,75],[21,63],[4,72],[-6,79],[-12,77],[-16,58],[-51,105],[-36,42],[-78,47],[-41,-4],[-26,42],[5,47],[14,32],[18,8],[3,18],[-40,38],[-33,51],[-10,31],[-3,112],[14,76],[11,82],[21,26],[-26,53],[-36,84],[-45,65],[-7,109],[-6,162],[4,74],[14,138],[37,70],[-19,-5],[15,124],[7,36],[31,68],[36,62],[16,71],[20,63],[86,65]],[[104961,56416],[25,-14],[26,5],[13,27],[3,36],[13,67],[31,45],[21,7],[15,19],[-2,99],[23,53],[69,72],[38,26],[51,8],[6,-27],[-6,-41],[11,-60],[-6,-161],[-11,-23],[-53,-56],[-57,-45],[-16,-19],[-15,-45],[2,-44],[46,-59],[73,-55],[15,-26],[10,-43],[3,-48],[17,-24],[25,-11],[28,-55],[-122,76],[-32,33],[-77,13],[-39,30],[-42,6],[-20,-20],[-13,-87],[10,-57],[-9,-98],[30,-185],[39,-147],[56,-153],[27,-52],[31,-48],[-50,14],[-16,51],[-64,51],[-11,30],[-42,146],[-12,27],[-39,49],[-16,36],[-6,49],[4,52],[-2,71],[1,71],[8,86],[-31,59],[-21,66],[-6,76],[2,43],[20,72],[2,32],[-30,48],[-31,133],[-3,70],[40,134],[-1,65],[12,79],[21,89],[34,76],[58,107],[46,38],[-2,-49],[-42,-108],[-7,-70],[21,-27],[22,-55],[4,-73],[1,-78],[-5,-79],[-8,-26],[-35,-79],[-80,-92],[-6,-48],[33,-55]],[[105651,54110],[79,-69],[40,-10],[69,9],[25,-7],[65,-88],[20,-60],[5,-52],[10,-50],[35,-17],[25,-71],[4,-22],[-18,-179],[-77,68],[-75,76],[-31,29],[-86,65],[-22,51],[-37,40],[-75,7],[-39,-8],[4,-65],[-18,-12],[-47,28],[-41,9],[-35,27],[-48,15],[-3,53],[-33,4],[-38,-41],[-38,-83],[-42,-9],[-33,20],[-48,109],[-34,43],[-16,8],[-17,-16],[-9,-34],[-9,-63],[-20,-64],[-23,-33],[8,62],[0,34],[-17,74],[81,179],[29,43],[126,14],[75,-8],[42,4],[27,13],[23,-7],[5,-35],[15,-25],[19,2],[37,27],[30,43],[20,18],[39,0],[72,-46]],[[104664,53972],[57,-49],[22,-69],[46,-70],[6,-50],[-5,-101],[-49,-23],[-50,-59],[-50,-14],[-36,-22],[-48,32],[-46,38],[-67,66],[-12,16],[-11,35],[-31,63],[-8,41],[-2,114],[21,41],[44,-27],[30,28],[85,24],[86,-3],[18,-11]],[[104053,49983],[-24,-34],[-12,-62],[-42,-58],[-45,-96],[-36,-49],[-32,-58],[-28,-39],[-34,-13],[-52,-8],[-69,-70],[-39,-30],[-38,-2],[-35,23],[-14,24],[4,35],[26,53],[9,32],[-40,39],[-4,30],[16,80],[11,82],[14,57],[58,100],[34,50],[20,19]],[[103840,50182],[45,22],[24,24],[21,34],[62,58],[11,17]],[[107354,52346],[-3,-68],[6,-41],[-15,-42],[14,-63],[1,-74],[-14,-78],[-26,-44],[-67,19],[-29,40],[-69,129],[-1,27],[51,7],[-1,24],[15,85],[-40,55],[-6,24],[13,15],[32,-19],[40,96],[11,20],[6,54],[22,7],[15,-7],[15,-63],[-4,-25],[18,-14],[16,-64]],[[107282,51889],[-11,-93],[-31,-55],[-19,-83],[-11,-21],[-43,-38],[-37,46],[-11,41],[17,184],[6,29],[-5,106],[1,40],[19,9],[22,-31],[28,-56],[34,-44],[41,-34]],[[108646,50752],[-82,-82],[-107,14],[-37,2],[-63,-20],[-12,15],[11,78],[51,205],[59,180],[26,47],[35,44],[37,35],[85,37],[77,-7],[44,-76],[22,-46],[9,-68],[-33,-115],[-36,-110],[-60,-87],[-26,-46]],[[109479,50227],[-18,20],[-47,70],[-43,79],[-27,74],[-31,66],[-132,199],[-41,83],[19,51],[-2,38],[-34,-49],[-49,-3],[-48,-11],[-45,-30],[-45,-10],[-22,15],[-14,36],[-10,77],[-19,-64],[-38,-35],[-51,-75],[-15,16],[-11,57],[17,65],[10,79],[23,47],[15,91],[13,65],[-13,36],[-22,13],[-16,22],[-17,62],[-47,75],[17,23],[41,7],[34,-14],[10,16],[-69,40],[-43,41],[-41,83],[0,16],[29,15],[62,17],[-20,42],[-28,38],[-9,65],[-20,41],[-40,65],[-29,69],[-24,140],[-25,105],[7,39],[-11,30],[-28,19],[18,74],[-29,-14],[-28,1],[-7,21],[3,81],[-5,49],[-26,24],[-33,49],[-16,-1],[-16,24],[-11,34],[-155,150],[-9,43],[-28,-27],[-37,41],[-20,-3],[-39,21],[-20,1],[-81,46],[-78,73],[-61,31],[-39,42],[-41,33],[-89,32],[-91,22],[-87,-5],[-150,159],[-26,72],[10,93],[-36,-28],[-19,-3],[-53,43],[-43,-22],[-22,36],[-7,39],[-12,18],[-37,-16],[-22,2],[-24,61],[-61,89],[-15,61],[1,105],[5,38],[29,62],[20,59],[-25,6],[-23,-27],[-14,-61],[-2,-110],[-18,-33],[-28,3],[8,-65],[-11,-62],[-32,-72],[-3,-33],[6,-36],[-8,-35],[-52,-102],[-56,-3],[-39,-16],[-19,23],[-27,67],[-28,152],[40,95],[-14,86],[-27,74],[-67,101],[-70,97],[-32,19],[-52,9],[-17,10],[-28,78],[33,17],[56,50],[31,-2],[87,-27],[51,-39],[58,82],[46,106],[30,23],[24,8],[26,-11],[49,-37],[40,-17],[28,-3],[14,-33],[17,-16],[4,51],[14,58],[43,22],[9,15],[-2,53],[-37,7],[20,46],[18,23],[7,50],[-72,-54],[-77,-23],[-44,7],[-45,1],[-90,-37],[-34,1],[-78,15],[-45,18],[-33,-14],[-33,-1],[-34,42],[-29,51],[-15,37],[-19,26],[-8,36],[-22,135],[-2,97],[-34,2],[-33,10],[-150,91],[-18,-22],[-42,-16],[-41,19],[1,25],[16,62],[36,41],[13,33],[22,98],[1,94],[13,14],[56,32],[117,48],[30,29],[24,46],[29,29],[28,52],[90,60],[39,6],[40,-8],[79,-36],[76,-59],[64,-76],[70,-57],[86,-9],[43,6],[42,-8],[18,-16],[30,-47],[-9,-32],[-5,-65],[15,-62],[25,-63],[19,-66],[5,-33],[-7,-69],[-8,-34],[-24,-57],[-14,-62],[9,-77],[5,-77],[-1,-71],[4,-70],[14,-71],[57,-193],[33,-131],[11,73],[-3,81],[12,30],[17,15],[20,-16],[7,-33],[1,-72],[17,-141],[24,-7],[25,22],[4,-43],[-1,-80],[12,-64],[10,-25],[41,-51],[19,-10],[54,-12],[41,-4],[39,18],[48,99],[80,118],[22,57],[30,106],[78,93],[21,98],[17,63],[13,32],[75,30],[79,17],[78,58],[34,48],[1,33],[-16,57],[-1,25],[17,24],[70,73],[81,74],[65,51],[35,0],[33,-45],[35,-37],[184,-109],[30,-34],[26,-44],[36,-32],[41,-14],[37,-30],[36,-37],[78,-70],[105,-85],[27,-5],[97,4],[34,-38],[14,-5],[112,-16],[34,-39],[8,-62],[78,-1]],[[108769,50680],[-17,-8],[-86,19],[-10,39],[20,25],[19,43],[40,16],[35,-102],[-1,-32]],[[96085,57181],[19,-52],[3,-33],[-13,-38],[-5,-57],[-40,-46],[-34,11],[-12,16],[-22,88],[2,75],[14,29],[32,-4],[33,40],[23,-29]],[[96331,56505],[-16,-19],[-19,29],[-16,42],[-8,45],[-8,72],[-1,53],[9,30],[35,-32],[29,-69],[2,-48],[-7,-56],[0,-47]],[[96352,56795],[3,-79],[-25,21],[-20,31],[-32,24],[-38,8],[-29,20],[-19,37],[7,42],[146,-71],[7,-33]],[[96535,56353],[-19,-6],[-67,27],[-22,3],[-58,29],[-30,36],[13,60],[5,64],[15,26],[28,-48],[51,-58],[56,-42],[19,-21],[9,-70]],[[96582,56430],[-9,-18],[-18,4],[-68,92],[-63,36],[8,65],[22,4],[72,-60],[23,-33],[33,-90]],[[96623,56226],[-39,-4],[-10,8],[4,59],[12,35],[17,-1],[20,-52],[-4,-45]],[[96679,56302],[-6,-9],[-30,79],[14,57],[29,-56],[10,-34],[-17,-37]],[[96876,56623],[21,-27],[18,17],[-5,-45],[-21,-64],[-35,14],[-10,37],[8,41],[15,0],[9,27]],[[97066,56645],[2,-47],[20,-23],[5,-34],[-4,-55],[-26,-80],[-24,13],[-8,50],[-18,14],[12,24],[-8,35],[-50,-21],[-14,-1],[-1,54],[38,49],[23,9],[25,-10],[28,23]],[[97132,55780],[11,-10],[11,32],[37,-66],[0,-23],[-12,-24],[-73,71],[-46,-23],[-32,21],[-8,14],[16,39],[16,89],[32,-22],[5,-36],[22,-16],[21,-46]],[[97028,55682],[40,-82],[-16,-34],[-19,-57],[-25,18],[-18,-46],[-10,73],[-25,48],[15,48],[21,-11],[37,43]],[[96777,55674],[-44,-22],[-50,16],[6,37],[24,43],[21,-2],[39,-29],[14,-25],[-10,-18]],[[98815,55156],[-69,-63],[-16,3],[-11,23],[7,122],[9,37],[47,3],[29,-17],[15,-20],[6,-41],[-17,-47]],[[100225,51477],[-7,-9],[-57,5],[-38,-50],[-26,-16],[-93,0],[-24,-3],[-30,7],[-94,45],[-13,41],[15,45],[33,62],[69,13],[309,4],[34,-54],[3,-18],[-67,-37],[-14,-35]],[[107429,55196],[-17,-11],[-19,13],[-17,47],[5,37],[21,25],[18,-25],[6,-32],[13,-2],[-10,-52]],[[104797,55582],[-21,-16],[-23,0],[-6,67],[8,84],[22,14],[34,-18],[-13,-21],[9,-45],[-10,-65]],[[104905,55691],[40,-93],[-27,-87],[19,-49],[49,-4],[20,-40],[6,-31],[-13,-24],[-27,-23],[-32,33],[-16,40],[-54,-24],[-9,41],[11,60],[-31,27],[-27,62],[-1,24],[11,44],[-2,34],[16,3],[29,-47],[12,44],[13,18],[13,-8]],[[106733,52224],[-28,-53],[27,126],[5,64],[24,38],[36,193],[20,-24],[-18,-141],[-51,-100],[-15,-103]],[[106692,52256],[-20,-60],[-23,22],[-4,35],[4,73],[-17,82],[23,-2],[14,-33],[23,-79],[0,-38]],[[105147,53608],[-9,-23],[-19,-15],[-17,2],[1,34],[-33,-23],[-25,-35],[-15,17],[-2,40],[30,49],[36,8],[49,46],[22,-2],[-17,-73],[-1,-25]],[[104649,58394],[-14,-13],[-21,5],[-3,32],[22,56],[15,60],[-16,15],[-15,38],[-1,45],[13,82],[19,-7],[18,-36],[7,-66],[12,-51],[-25,-69],[-11,-91]],[[104254,58023],[-9,-19],[-41,35],[2,55],[-21,83],[4,31],[26,-39],[14,-62],[25,-84]],[[106029,50724],[-29,-20],[19,49],[64,112],[23,-21],[30,-4],[-45,-50],[-46,-21],[-16,-45]],[[105680,50950],[-20,-57],[-23,3],[-41,77],[6,70],[16,6],[53,-15],[11,-44],[-2,-40]],[[104993,50860],[59,-25],[34,3],[8,-23],[-33,-52],[-69,41],[-12,43],[13,13]],[[105856,54840],[4,-37],[20,-34],[-7,-53],[-8,-8],[13,-43],[-28,-6],[-18,-17],[-12,-24],[-39,-10],[-14,22],[-71,26],[-45,57],[-6,17],[88,67],[38,18],[32,-2],[40,26],[13,1]],[[96310,52487],[-27,-3],[-52,76],[-9,24],[15,22],[16,-1],[59,-48],[11,-24],[-13,-46]],[[95647,53913],[14,-91],[-41,62],[-4,72],[-25,35],[-19,43],[-8,104],[6,21],[16,2],[72,-136],[5,-23],[-2,-48],[-14,-41]],[[95572,54187],[-24,-50],[-40,1],[-8,32],[2,74],[-10,25],[6,52],[9,9],[65,-105],[0,-38]],[[95449,54434],[-80,54],[-24,59],[7,29],[4,55],[18,6],[22,-29],[16,-71],[28,-66],[9,-37]],[[94977,55560],[-20,-29],[-31,28],[10,40],[6,55],[18,44],[6,51],[-35,140],[17,5],[14,-15],[24,-94],[20,-56],[-8,-75],[-21,-94]],[[94296,57355],[-21,-6],[-20,14],[-18,35],[-91,103],[-29,2],[-19,27],[-25,9],[-26,68],[-5,38],[18,17],[12,38],[31,-17],[35,-66],[35,-25],[26,-50],[82,-90],[14,-62],[1,-35]],[[103021,52512],[-22,-16],[-41,71],[-17,58],[4,33],[18,37],[-3,30],[17,14],[18,-2],[11,-40],[14,-11],[7,-39],[-6,-135]],[[103420,55162],[8,-39],[-13,-33],[13,-63],[35,84],[33,10],[31,-30],[7,-32],[-12,-68],[-22,-32],[-27,-5],[-13,39],[-19,4],[-13,-87],[-22,-24],[-17,37],[21,40],[-12,116],[-15,-21],[-41,-106],[-32,-48],[-11,24],[-16,72],[7,93],[26,62],[22,-4],[63,20],[19,-9]],[[102960,55637],[14,-28],[-8,-32],[-12,8],[-42,-3],[-18,10],[27,45],[16,-7],[23,7]],[[102504,51978],[-14,-103],[-6,36],[-3,95],[-8,46],[5,52],[-1,136],[10,63],[19,-80],[6,-40],[-8,-205]],[[100747,51561],[-28,-11],[-25,22],[7,57],[38,13],[21,0],[37,-38],[8,-24],[-42,0],[-16,-19]],[[101064,53487],[-72,-115],[-12,30],[6,117],[-20,73],[2,54],[13,96],[19,74],[42,49],[10,6],[-3,-89],[12,-63],[-5,-24],[8,-114],[5,-28],[-10,-36],[5,-30]],[[103330,49115],[-42,6],[-2,55],[8,31],[75,38],[28,37],[41,76],[36,26],[4,-57],[12,-52],[-37,-30],[-32,-66],[-72,-44],[-19,-20]],[[103786,50717],[-21,-38],[-14,-67],[-13,-20],[-27,-13],[-16,67],[-31,-3],[15,59],[14,22],[19,0],[14,-29],[44,100],[22,-16],[-6,-62]],[[103663,50752],[-48,-16],[-30,-78],[-23,1],[-13,-35],[-4,-41],[-9,-13],[-22,21],[-27,-34],[-27,32],[-34,3],[32,57],[45,53],[7,20],[-28,13],[-1,12],[47,10],[24,-16],[60,63],[41,-31],[10,-21]],[[103456,50701],[-7,-27],[-93,2],[2,35],[35,53],[29,11],[40,-20],[-6,-54]],[[107344,51822],[-19,-6],[-10,51],[16,13],[17,-31],[-4,-27]],[[96670,56540],[3,-33],[-23,8],[-17,40],[22,39],[15,-54]],[[96809,56387],[-30,18],[3,38],[19,-28],[8,-28]],[[96948,56407],[-21,-18],[-27,57],[9,30],[16,-30],[20,-10],[3,-29]],[[97102,55926],[-29,22],[-36,86],[15,-6],[40,-74],[10,-28]],[[97646,57850],[0,-42],[-24,24],[-4,48],[24,6],[4,-36]],[[97467,57667],[-18,16],[-5,108],[23,-30],[26,-23],[-9,-45],[-17,-26]],[[98534,57694],[-17,-33],[-17,20],[27,67],[7,-54]],[[98556,54884],[-39,-27],[-12,59],[25,17],[28,-15],[-2,-34]],[[98051,54089],[-13,-16],[-11,32],[6,22],[28,-4],[-10,-34]],[[97851,54023],[-24,-5],[-22,33],[-3,17],[19,21],[39,-22],[-9,-44]],[[100418,51460],[-5,-25],[-17,6],[-16,41],[29,11],[9,-33]],[[99841,52280],[-8,-21],[-32,2],[-6,25],[21,45],[15,3],[12,-17],[-2,-37]],[[97294,51766],[-21,-14],[-23,29],[24,43],[23,14],[6,-23],[-9,-49]],[[94593,57178],[-37,52],[-40,36],[17,10],[46,-19],[13,-33],[1,-46]],[[93921,59499],[-7,-18],[-20,10],[-23,56],[9,11],[39,-19],[2,-40]],[[103551,54831],[-23,-4],[-16,19],[1,90],[22,17],[11,-51],[12,-24],[-7,-47]],[[103430,53335],[-33,-75],[-23,4],[-29,50],[-8,73],[19,31],[64,-11],[12,-27],[-2,-45]],[[103636,54675],[-15,-24],[-9,47],[24,-23]],[[103399,54762],[-25,-52],[-2,27],[12,43],[15,-18]],[[102141,50461],[-27,3],[6,56],[-8,37],[15,29],[3,53],[40,-17],[2,-44],[-6,-22],[-31,-51],[6,-44]],[[102008,50773],[-15,-1],[3,51],[21,12],[12,-36],[-21,-26]],[[100827,50443],[-10,-21],[-34,55],[27,28],[18,-27],[-1,-35]],[[101603,58489],[13,-81],[-63,-32],[-39,73],[8,29]],[[101526,57927],[-5,-21],[-29,51],[-8,35],[4,29],[30,2],[15,-17],[-7,-79]],[[103706,52180],[-27,21],[1,37],[16,-14],[10,-44]],[[103561,52616],[-1,-63],[-14,3],[-11,23],[4,50],[22,-13]],[[102589,51469],[-46,2],[-3,60],[38,-26],[13,-1],[-2,-35]],[[101491,50693],[-23,12],[5,26],[-8,42],[3,35],[19,19],[41,2],[1,-25],[-38,-111]],[[101104,53738],[-12,-107],[-21,61],[24,71],[9,-25]],[[104839,56381],[-12,-20],[-18,32],[12,32],[12,-9],[6,-35]],[[107227,54571],[-14,17],[6,37],[23,-10],[-15,-44]],[[106953,53252],[-23,-6],[-58,54],[-4,36],[48,-54],[37,-30]],[[106044,55407],[-9,-32],[-16,-21],[-147,-38],[28,57],[15,-3],[37,16],[29,-7],[32,5],[-2,30],[33,-7]],[[105949,55561],[-20,-1],[-36,27],[22,24],[30,19],[23,-32],[-19,-37]],[[105581,55773],[-14,-1],[-13,36],[-34,40],[-21,70],[80,-115],[2,-30]],[[104866,55886],[-19,14],[8,67],[10,-35],[1,-46]],[[104855,56288],[-16,-4],[-4,25],[7,42],[20,-6],[2,-31],[-9,-26]],[[104814,55405],[-4,-13],[-45,25],[18,88],[17,-2],[14,-98]],[[105299,53687],[-3,-35],[-32,9],[-12,47],[4,11],[33,-19],[10,-13]],[[105244,53663],[-58,-33],[13,61],[8,16],[29,-17],[8,-27]],[[104616,58296],[-20,33],[-8,71],[17,-25],[18,-53],[-7,-26]],[[104661,58230],[-25,28],[9,28],[18,-29],[-2,-27]],[[104168,57536],[-16,60],[11,35],[19,-26],[-14,-34],[0,-35]],[[106411,51417],[-18,-14],[-15,36],[-36,14],[-10,17],[58,7],[21,-60]],[[105281,51428],[-15,-15],[-33,46],[16,31],[18,10],[15,-28],[-1,-44]],[[104855,51156],[-22,-15],[7,46],[-2,37],[36,-11],[-4,-41],[-15,-16]],[[103489,49492],[-30,-22],[-1,45],[24,58],[22,20],[13,-34],[-31,-21],[3,-46]],[[102966,49313],[-16,-8],[-37,19],[48,83],[28,4],[17,-9],[-6,-51],[-34,-38]],[[107379,51894],[-9,25],[20,43],[12,1],[-23,-69]],[[107329,51698],[-15,23],[23,54],[10,-27],[-18,-50]],[[105049,54066],[-18,-52],[-30,2],[31,40],[17,10]],[[104918,53831],[-25,-10],[-15,26],[23,22],[17,-38]],[[103340,50583],[-11,-37],[-20,10],[15,57],[27,30],[27,6],[22,-23],[-42,-12],[-18,-31]],[[87674,77693],[256,240]],[[87930,77933],[33,-30],[39,26],[13,-26],[-13,-88],[1,-34],[21,-73],[56,-226],[15,-73],[15,-29],[117,-55],[32,-40],[59,-63],[12,-31],[0,-46],[-13,-24],[-61,-63],[-9,-46],[19,-127],[6,-192],[51,-95],[40,-60],[15,-15],[8,-34],[-11,-74],[2,-19],[32,-47],[1,-85],[9,-66],[-5,-86],[1,-39],[-32,-16],[-20,-55],[-51,-18],[-50,68],[-12,56],[-12,25],[-24,-12],[-75,-13],[-7,-24],[17,-76],[5,-60],[14,-52],[82,-160],[-17,-95],[2,-40],[37,-76],[-16,-43],[-9,-48],[11,-22],[-5,-70],[16,-19],[37,23],[25,-1],[13,52],[32,-6],[80,-185],[16,-26],[61,-71],[33,10],[45,2],[26,-27],[72,-89],[23,5],[16,-19],[4,-47],[-6,-71],[24,-5],[143,-91],[23,-34],[81,-76],[8,-45]],[[91447,73197],[0,39],[11,10],[46,12],[51,27],[36,28],[16,23],[15,-2],[45,-32],[16,-20],[16,-86],[-6,-63],[-28,-152],[5,-57],[44,-71]],[[91714,72853],[-4,-12],[-41,-49],[-7,-26],[32,-69],[8,-64],[99,-91],[63,21],[49,-28],[24,-5],[21,-21],[0,-27],[54,-11],[61,14],[61,19],[28,58],[47,26],[74,-58],[20,-10],[41,-5],[39,4],[96,16],[51,-9],[48,48],[11,0],[21,-37],[52,-4],[28,19],[49,18],[34,-4],[18,13],[8,24],[-2,38],[-26,77],[13,72],[18,47],[-32,99],[-13,5],[-34,-12],[-37,3],[-28,31],[-22,40],[-5,33],[17,92]],[[92648,73128],[28,0],[67,-18],[23,0],[42,48],[58,14],[49,-4],[23,14],[62,64],[8,47],[-15,23],[20,53],[62,50],[52,62],[28,46],[30,117],[16,24],[37,16],[104,22],[32,24],[49,46],[38,65],[1,33],[32,10],[28,52],[34,52],[60,45],[52,60],[19,-10],[19,-28],[12,-47],[68,-20],[11,3],[50,-27],[45,-35],[26,-8],[22,11],[33,61],[0,33],[66,68],[60,47],[51,35],[32,-41],[23,-67],[13,-17],[35,10],[1,-32],[-23,-30],[-51,-49],[6,-74],[8,-34],[63,73],[30,15],[11,-18],[3,-38],[35,-122],[-63,-98],[-23,-50],[0,-36],[-16,-35],[29,-28],[21,24],[59,34],[18,-6],[42,-52],[70,-18],[32,20],[24,-18],[60,-76]],[[94589,73413],[-6,-82],[12,-34],[-1,-58],[-10,-19],[-27,-11],[-91,-119],[-21,-33],[-8,-36],[9,-92],[68,-171],[0,-30],[-21,-8],[-29,19],[-25,28],[-29,73],[-22,22],[-23,5],[-134,-38],[-28,-10],[-44,-28],[-31,-55],[-22,-51],[-57,-60],[-93,-120],[-55,-52],[-35,-19],[-25,-28],[-24,-76],[-2,-79],[5,-97],[22,-93],[-13,-33],[-27,-46],[-8,-89],[-15,-44],[-55,-112],[-40,-38],[-16,-29],[-23,-104],[4,-32],[37,-33],[11,-56],[-15,-74],[-27,-101],[-62,-157],[-37,-119],[-42,-218],[-15,-59],[-18,-3],[-22,19],[-52,26],[-59,39],[-17,-1],[-48,-21],[-13,10],[-34,53],[-16,-32],[22,-154],[14,-57],[-2,-96],[-6,-117],[-8,-128],[-20,-64],[-19,-9],[-30,11],[-5,-22],[5,-56],[-30,-118],[10,-106],[20,-116],[-5,-80],[-27,-13],[-16,-40],[-20,-88],[-19,-10],[-19,13],[-28,60],[-28,16],[-20,-75],[-19,-20]],[[92970,69538],[-5,44],[-10,225],[-14,170],[-33,132],[-11,19],[-7,88],[-2,158],[-16,104],[-14,119],[-20,-5],[-12,29],[-37,-27],[-39,5],[3,-113],[-7,-21],[-44,-69],[-12,-45],[7,-112],[-8,-33],[-19,-30],[-26,-16],[-23,7],[-14,26],[-13,68],[-12,35],[-23,0],[0,-77],[-19,18],[-21,167],[-29,129],[-3,50],[25,161],[36,61],[10,47],[55,-2],[15,10],[33,52],[35,12],[26,-22],[10,13],[7,41],[18,59],[39,11],[13,21],[5,53],[28,119],[11,62],[-1,60],[8,8],[45,-28],[20,0],[14,34],[-6,25],[-32,44],[-57,59],[-53,37],[-98,-5],[-96,-12],[-65,22],[-86,-2],[-105,-9],[-40,5],[-60,-7],[-64,17],[-84,46],[-65,29],[-6,44],[10,114],[-9,174],[8,63],[-38,143],[-13,27],[-18,0],[-12,-18],[-4,-34],[7,-37],[-15,-41],[-28,-14],[-61,34],[-35,42],[-27,60],[-2,66],[-11,43],[-17,20],[-23,1],[-9,-22],[20,-56],[-4,-22],[-49,1],[-49,25],[-1,38],[-21,48],[-34,54],[-35,34],[-16,-5],[-8,-37],[30,-42],[2,-42],[-37,-69],[-33,-50],[-29,-56],[-18,-81],[-5,-43],[22,-47],[36,-14],[37,-57],[31,-77],[17,-23],[31,-26],[60,-3],[9,-21],[8,-56],[12,-20],[30,-27],[3,-20],[-21,-40],[-49,-15],[-58,11],[-40,0],[-29,-141],[-20,-49],[-43,24],[-13,-3],[-36,-126],[-7,-52],[19,-49],[22,-40],[27,-15],[21,11],[18,-16],[20,-40],[34,-26],[50,-13],[27,-32],[4,-27],[-12,-142],[-26,-109],[-19,-94],[10,-46],[49,-102],[-12,-90],[6,-23],[59,-28],[11,-15],[-27,-90],[6,-63],[11,-59],[10,-108],[-3,-24],[18,-75],[27,-147],[1,-113]],[[91769,69609],[-8,-97],[-27,1],[24,-65],[7,-46],[4,-65],[-30,-8],[-20,7],[-17,57],[-8,-52],[-30,-47],[-18,48],[0,44],[16,169],[-11,32],[-16,6],[-7,35],[-25,-181],[11,-73],[-5,-34],[-47,-28],[-48,68],[-18,-63],[-45,8],[-22,37],[14,61],[29,149],[5,66],[-37,49],[-2,-22],[26,-38],[-19,-46],[-18,-29],[-35,-109],[-43,-61],[-49,-46],[-163,-67],[-34,-27],[-50,-84],[-32,-81],[-6,-81],[18,-87],[14,-137],[13,-28],[-17,-50],[-30,-53],[-25,-71],[2,-39],[-7,-27],[-85,-88],[-42,-102],[-28,29],[6,-41],[-11,-42],[-21,-15],[-125,-65],[-94,-61],[-27,2],[21,36],[-1,70],[-33,18],[-72,-86],[-29,-85],[22,-12],[49,48],[22,-13],[2,-19],[-74,-73],[-155,-239],[-7,-46],[-20,-53],[-28,-51],[-50,-120],[-96,-180],[-27,-66],[-152,-139],[-29,-41],[-62,-135],[-65,-110],[-76,-91],[-131,-117],[-79,-111],[-25,-73],[-2,-26],[23,-69],[4,-26],[-12,-74],[-23,-65],[-40,-46],[-129,-97],[-123,23],[-40,-18],[-16,-45],[-36,-188],[-35,-50],[-17,-77],[-21,1],[-18,14],[-13,-10],[-15,63],[-46,17],[-90,-63],[-31,-51],[-65,-240],[-17,-155],[16,-172],[22,-137],[5,-62],[-3,-79],[-20,-86],[11,-95],[28,-125],[6,-52],[1,-55],[20,-124],[-13,22],[-11,53],[-27,67],[-32,-67],[18,-48],[60,-57],[18,-47],[-39,-417],[-29,-148],[-36,-97],[-19,-38],[-42,-152],[-30,-186],[-6,-72],[14,-79],[-16,-47],[17,-20],[13,-44],[5,-44],[0,-266],[-4,-277],[-28,-12],[-30,-2],[-47,18],[-48,-14],[-26,-31],[-20,-51],[1,-86],[-89,-219],[-19,-73],[-8,-70],[12,-37],[23,-38],[29,-14],[58,-16],[28,-20],[18,-37],[-67,40],[-80,7],[-190,-102],[-50,-70],[-29,-63],[-19,-141],[-3,-94],[-23,-79],[-99,-120],[-62,-38],[-24,-32],[-74,42],[-80,106],[-33,56],[-120,273],[-21,35],[-25,117],[-3,44],[-24,46],[-26,134],[-12,140],[-17,155],[15,-11],[19,-51],[11,-74],[0,-104],[16,-13],[13,11],[-38,239],[-34,60],[-18,42],[2,71],[-26,79],[-10,47],[-59,236],[-26,171],[-42,188],[-26,67],[-41,145],[-35,68],[-37,91],[-40,61],[-86,315],[-26,174],[-23,82],[-11,63],[-30,266],[-4,100],[-21,113],[-37,122],[-11,76],[0,30],[-24,118],[-5,55],[-16,50],[-39,83],[-46,120],[-16,29],[-31,78],[-22,144],[-29,56],[45,0],[-54,110],[20,53],[-33,-1],[-19,32],[-24,101],[-45,113],[-8,61],[-40,191],[-33,459],[-31,204],[2,59],[-37,177],[-18,118],[-7,100],[-10,67],[-9,130],[-14,42],[-1,24],[9,60],[26,92],[11,59],[-12,82],[-24,-86],[-23,-25],[-11,65],[3,136],[60,-13],[-68,53],[-11,54],[15,43],[-25,37],[-10,111],[-10,46],[14,153],[59,301],[4,68],[-5,97],[-13,77],[-9,103],[-21,7],[-20,30],[-24,120],[21,40],[-24,17],[67,98],[57,52],[-47,-11],[-101,6],[16,113],[18,37],[-9,15],[-33,9],[11,114],[26,24],[27,5],[35,16],[-38,19],[-37,9],[-46,-18],[-42,13],[-31,-15],[22,-35],[-21,-101],[-29,-26],[-22,-40],[-7,-36],[-13,-25],[45,-30],[30,-70],[-1,-81],[-61,-190],[-21,-43],[-151,-115],[-60,-63],[-126,-81],[-50,-14],[-54,16],[-81,61],[-122,159],[-31,52],[-98,203],[-70,107],[-53,100],[-66,95],[-63,127],[-13,58],[4,59],[24,32],[27,-13],[21,-50],[29,-32],[92,77],[36,-3],[25,38],[31,-8],[64,59],[59,17],[51,150],[38,96],[25,20],[-8,54],[-19,-8],[-32,-85],[-31,20],[-45,-15],[-91,-56],[-37,-51],[-26,-10],[-146,56],[-143,127],[-60,84],[-39,109],[-38,128],[13,37],[59,77],[51,61],[-46,-27],[-50,-38],[-24,-26],[-28,-55],[-37,-13],[-15,82],[-8,80]],[[93419,60132],[-21,-52],[-41,157],[-18,9],[0,75],[9,30],[47,33],[13,-19],[24,-145],[-13,-88]],[[93365,60458],[-32,-59],[-14,35],[6,25],[26,33],[14,-34]],[[93163,61012],[-8,-19],[-18,35],[11,46],[15,-62]],[[93266,60782],[-26,-2],[-19,55],[8,27],[14,7],[20,-43],[3,-44]],[[93298,60893],[-20,-20],[-7,91],[12,33],[13,-7],[-7,-33],[9,-64]],[[93043,61563],[-16,-3],[-10,46],[25,22],[8,-42],[-7,-23]],[[92946,62444],[-11,-21],[-35,16],[3,65],[-9,62],[7,26],[26,45],[21,19],[15,-59],[7,-60],[-24,-93]],[[93011,62958],[-17,-13],[-17,15],[13,25],[2,51],[17,-28],[2,-50]],[[93021,63053],[-19,2],[-31,112],[-6,71],[-9,25],[11,35],[14,12],[8,40],[3,61],[19,64],[32,7],[-4,47],[-20,34],[1,114],[4,47],[9,33],[-6,69],[4,25],[18,36],[8,77],[-7,23],[17,119],[0,79],[22,79],[36,36],[11,2],[5,-90],[-21,-41],[20,-52],[-10,-60],[-13,-41],[-18,-17],[-23,-74],[27,-57],[9,-194],[-20,-53],[-23,-11],[5,-129],[-5,-28],[-40,-118],[17,-73],[-11,-69],[0,-77],[-14,-65]],[[93121,63365],[15,-86],[-27,37],[-9,27],[21,22]],[[93019,63878],[-14,47],[18,5],[-4,-52]],[[56093,97018],[39,-3],[91,35],[66,49],[38,14],[90,-5],[-67,-27],[-42,-29],[-70,-113],[77,-40],[52,8],[23,-38],[-5,-58],[-52,-71],[28,-16],[113,21],[18,-12],[24,-89],[46,10],[79,-16],[32,-19],[19,-33],[40,10],[19,-39],[-19,-55],[-46,-27],[46,-82],[-29,-19],[59,-30],[9,-29],[-33,-50],[-43,-2],[-17,-35],[-8,-59],[-34,-49],[-63,-42],[-55,6],[-58,-56],[17,-32],[-5,-28],[-39,-58],[-83,-41],[-79,-51],[-80,0],[-81,-24],[-116,-51],[-77,-40],[-61,-46],[-78,-75],[-59,-32],[-100,-15],[-55,-21],[-184,-38],[-62,-21],[-34,-47],[12,-29],[-23,-34],[-45,-24],[-48,22],[-1,-36],[-27,-12],[-120,-30],[-204,22],[-80,23],[-99,35],[-59,11],[-85,2],[-69,50],[-32,32],[2,28],[43,20],[-17,25],[-61,-44],[-46,19],[-1,18],[-51,6],[-88,52],[-5,35],[-32,-6],[-69,-47],[-395,-13],[-29,19],[-18,94],[31,36],[49,-54],[110,30],[44,20],[77,83],[38,73],[39,27],[-14,19],[-104,-51],[-35,0],[28,50],[-10,36],[18,39],[122,69],[-28,13],[-85,-53],[-62,-19],[-61,34],[-13,37],[30,42],[-79,50],[-87,-3],[-214,22],[-44,-10],[-73,-33],[-64,-3],[-50,70],[6,20],[49,18],[58,-7],[71,20],[58,7],[40,28],[31,-23],[95,35],[178,15],[142,2],[31,35],[7,52],[-89,-40],[-123,21],[-37,24],[13,19],[109,72],[83,35],[22,29],[-55,29],[-105,-8],[-26,34],[-87,20],[-57,-13],[-31,21],[-75,-29],[-165,-41],[-100,-38],[-111,50],[-78,8],[-8,16],[46,47],[64,4],[60,-32],[-13,84],[-33,43],[28,14],[42,-11],[100,-53],[48,9],[54,42],[-86,1],[-47,11],[-44,42],[32,22],[74,-3],[-83,73],[10,45],[85,-27],[-36,42],[22,43],[27,11],[51,-9],[81,-50],[15,-64],[69,1],[32,34],[35,-24],[24,-59],[37,2],[6,55],[-7,45],[-124,51],[-48,38],[30,23],[120,5],[-46,27],[-14,23],[-98,-9],[-51,20],[61,46],[131,9],[46,-9],[87,-76],[69,-32],[116,-104],[75,-39],[-31,-44],[37,-10],[29,-39],[-24,-84],[-28,-27],[-52,-11],[49,-28],[34,-36],[-22,-64],[40,-9],[28,-25],[23,-71],[20,-3],[20,80],[16,10],[20,74],[68,58],[32,-2],[34,-47],[32,-5],[33,92],[5,67],[-10,75],[5,53],[22,32],[29,10],[62,-32],[52,-74],[96,-94],[35,-6],[19,28],[-8,106],[25,57],[64,13],[97,52],[46,-8],[62,-60],[48,-66],[61,-50],[31,-79],[23,-4],[6,50],[-17,46],[-56,117],[6,40],[133,-9],[29,-18],[81,-89],[40,17],[107,126],[31,-3],[76,-45],[121,44],[19,51],[-38,105],[16,22],[83,25],[90,-5],[93,-97],[3,-45],[55,-35]],[[67843,84413],[-63,-20],[-19,5],[-35,-58],[-43,-29],[-27,-9],[-23,8],[-111,3],[-54,13],[-34,22],[-34,54],[-26,17],[-43,6],[-32,29],[-24,49],[-31,40],[-40,29],[-31,41],[-24,53],[-42,48],[-79,52]],[[66884,84991],[54,68],[27,19],[41,3],[14,72],[-19,15],[-7,47],[16,31],[-10,59],[64,50],[19,54],[-13,46],[-71,29],[41,57],[32,-5],[48,-38],[26,12],[70,6],[-13,81],[16,39],[4,39],[20,26]],[[31605,63949],[2,66],[-27,26],[-30,92],[4,49],[-39,20],[-36,-16],[-37,24]],[[31442,64210],[27,33],[2,20],[-17,23],[7,80],[16,101],[-30,48],[-31,4],[-33,-10],[-17,15],[-14,35],[-24,17],[-43,-28],[-59,-57],[-11,2],[-10,77],[-53,23],[-27,35],[-34,33],[-8,24],[-45,56],[-19,47],[-22,25],[-17,-6],[-65,35]],[[30915,64842],[25,70],[40,49],[3,38],[-11,74],[-10,48],[18,109],[10,19],[62,50],[94,129],[109,159],[46,70]],[[31301,65657],[34,-17],[26,40],[61,71],[59,19],[28,0],[26,-49],[20,-26],[37,23],[31,5],[129,-45],[51,20],[94,4],[43,-11],[60,63],[38,13],[46,30],[-7,30],[58,0],[103,-64],[109,12],[39,34],[26,10],[112,-66],[29,-51],[23,-5],[23,22],[-32,27],[88,-30],[166,-240],[2,-20],[-70,71],[-37,-5],[-10,-12],[5,-57],[28,9],[29,-13],[43,-65],[15,-43],[15,0],[14,25],[29,3],[13,18],[-33,47],[95,-80],[27,-100],[45,-54]],[[31918,66061],[-54,-49],[8,38],[40,32],[34,17],[28,-8],[-56,-30]],[[32105,66112],[-25,-36],[-5,16],[12,34],[18,-14]],[[36912,68135],[7,-19],[16,-125],[2,-41],[-16,-60],[3,-24],[33,-56],[-4,-40],[-51,-89],[8,-42],[18,-39],[2,-34],[-6,-43],[-27,-55],[-15,-19],[-41,-2],[-4,-8],[43,-113],[38,-46],[8,-44],[-9,-42],[-2,-102]],[[36915,67092],[-28,49],[-32,42],[-38,26],[-152,-5],[-44,-27],[-42,-12],[-41,-3],[-174,61],[-88,-13],[-35,-24],[-27,-43],[-4,-40],[-16,-10],[-36,64],[-33,44],[-37,34],[-76,47],[-14,30],[-7,35],[31,109],[55,23],[43,-13],[42,-25],[40,-16],[59,-7],[33,-26],[230,-42],[44,-13],[31,21],[27,52],[68,5],[14,9],[10,31],[0,31],[-40,43],[-63,94],[-55,110],[24,37],[-9,68],[9,63],[13,61],[-55,53],[-65,53],[-89,16],[-28,13],[-14,40],[13,53],[29,29],[68,31],[82,15],[81,-17],[71,-54],[72,-43],[90,-14],[41,-16],[19,14]],[[36563,67551],[-7,-44],[-87,52],[-71,65],[3,36],[36,8],[35,-22],[51,-43],[40,-52]],[[36610,68333],[9,-33],[-35,11],[-35,20],[-19,-2],[-2,34],[39,3],[43,-33]],[[40924,61199],[12,-11],[50,-98],[27,-22],[5,25],[26,-10],[64,-68],[95,-111],[132,-210],[38,-81],[25,-37],[40,-92],[11,-46],[-1,-178],[-35,-120],[-8,-92],[-2,-120],[15,77],[22,67],[30,72],[40,17],[43,-30],[34,-6],[31,-21],[65,-117],[63,-92],[23,-73],[67,-38],[40,-57],[12,-51],[8,-132],[-13,-199],[3,-10]],[[42129,57096],[-27,-22],[-18,9],[-25,-5],[-50,-20],[-69,34],[-19,43],[-8,5],[-25,-20],[-29,-14],[-15,3],[-32,-34],[-30,-84],[-16,-30],[-16,-14],[-69,-2],[-26,-20],[-37,-12],[-4,-46],[-14,-34],[-37,-2],[-11,20],[-56,24],[-19,-65],[-26,-10],[-12,-17],[7,-56],[-8,-40],[-59,-2],[-35,-45],[-27,-3],[-35,63],[-90,44],[-30,55],[-6,27],[-14,12],[-54,107],[-45,29],[-1,60],[-24,19],[-5,16],[4,138],[-4,95],[-45,55],[-36,203],[-1,47],[8,140],[9,60],[25,121],[14,41],[-1,70],[-7,78],[60,70],[3,33],[22,41],[18,71],[-23,56],[-24,85],[-16,41],[12,96],[-45,59],[-24,3],[-19,13],[-51,6],[-13,14],[8,39],[19,44],[13,46],[1,44],[13,168],[-30,38],[-22,59],[-34,11],[-32,-35],[-25,6],[-17,-14],[-40,3],[-25,18],[-32,-12]],[[56712,63760],[-1,-50],[20,-71],[-3,-53],[-9,-50],[-18,-32],[-30,1],[-34,-30],[0,-23],[45,-76],[26,-28],[3,-32],[0,-138],[-75,-45],[-59,-7],[-48,4],[-64,-64],[-52,-28],[-27,-2],[-33,-64],[-56,-207],[-33,-81]],[[56264,62684],[-18,43],[13,81],[-13,0],[-29,-66],[-14,-2],[1,77],[-34,-2],[-25,40],[-1,73],[16,27],[-18,15],[-17,-7],[-10,12],[17,56],[60,46],[62,15],[-18,39],[-36,16],[-30,-11],[-15,-29],[-18,-5],[-30,68],[0,34],[12,40],[18,18],[69,0],[37,26],[-2,35],[-27,-26],[-84,9],[-27,-16],[-47,-61],[-57,-35],[-42,15],[14,83],[-20,24],[-61,-26],[-46,38],[-19,45],[4,58],[22,38],[-20,24],[-43,-25],[-94,94]],[[55898,62757],[-27,-8],[-15,42],[21,11],[11,22],[27,19],[4,-49],[-21,-37]],[[55973,62772],[-23,-15],[5,75],[13,-11],[5,-49]],[[56031,62855],[-10,32],[13,21],[20,-10],[-10,-32],[-13,-11]],[[56089,63054],[-22,-2],[28,52],[19,9],[-1,-40],[-24,-19]],[[55971,63009],[-16,-19],[-26,27],[2,31],[19,44],[16,-6],[5,-77]],[[55942,63268],[-18,-76],[-22,9],[-17,64],[57,3]],[[56860,61509],[-2,18],[10,57],[-8,30],[-34,60],[-14,65],[-45,77],[-43,-5],[12,64],[0,86],[-15,46],[-40,22],[-46,51],[-23,50],[-8,57],[-14,-8],[-29,0],[-87,75],[-62,187],[-2,42],[9,73],[-31,-29],[-5,33],[-22,75],[-6,43],[-21,19],[-30,-11],[-17,-87],[-26,19],[3,66]],[[58669,62200],[-8,-23],[-42,-64],[-6,-30],[3,-57],[0,-128],[3,-112],[17,-40],[19,-21],[46,12],[-1,-67],[-6,-75],[27,-22],[20,-44],[-42,-40],[-12,-23],[-6,-62],[1,-58],[58,-41],[22,-48],[9,-50],[4,-95],[-20,-22],[-29,58],[-44,6],[-33,11],[-55,-7],[-9,-17],[-7,-126],[14,-21],[43,-34],[25,-12],[3,-42],[-22,-58],[-18,-73],[3,-66],[-30,-106],[-9,-21],[-68,28],[-19,-27]],[[30983,66953],[-7,-325],[-6,-300],[-9,-414],[-4,-154],[42,4],[75,-7]],[[31074,65757],[33,-17],[31,-35],[35,-26],[24,53],[-22,49],[2,14],[124,-138]],[[30915,64842],[-20,9],[-41,-13],[-13,-39],[11,-66],[-43,-36],[-26,-66],[-16,-17],[-27,-2],[-23,-30],[-36,-58],[-19,-43],[3,-61]],[[30665,64420],[-131,102],[-44,18],[-183,-2],[-80,40],[-89,77],[-61,70],[-142,197]],[[40345,63349],[-14,21],[2,39],[12,48],[19,32],[18,-9],[-7,-105],[-30,-26]],[[70897,78590],[-25,33],[26,21],[-1,-54]],[[68425,79726],[4,-72],[24,-14],[32,-64],[-9,-44],[-53,30],[-29,-9],[-8,49],[-16,31],[-21,-28],[-13,20],[20,72],[25,-12],[13,9],[9,39],[22,-7]],[[68519,79366],[7,-45],[-30,-42],[-40,49],[-29,70],[25,46],[23,-48],[28,-8],[16,-22]],[[68450,79866],[-35,-5],[-8,37],[11,62],[15,36],[20,16],[8,-28],[-1,-100],[-10,-18]],[[68475,79692],[-17,-6],[-21,59],[22,-10],[16,-43]],[[68243,80377],[7,-34],[-43,21],[-30,31],[-26,77],[-55,88],[-1,25],[21,19],[45,14],[30,-29],[3,-17],[-30,-49],[19,-30],[8,-71],[10,-22],[42,-23]],[[69381,80083],[20,-68],[17,-22],[39,-27],[17,-3],[65,-49],[76,-10],[34,-80],[-5,-48],[11,-78],[19,-74],[29,-35],[36,-11],[33,1],[9,-15],[-3,-64],[-26,-31],[-30,29],[-19,1],[-14,26],[-37,36],[-7,53],[-15,24],[-36,92],[-96,7],[-37,25],[-11,68],[-38,38],[-48,76],[-38,41],[-37,27],[-40,18],[-32,-21],[-22,19],[40,28],[54,54],[57,20],[35,-47]],[[69505,80180],[-15,-21],[-23,9],[-25,70],[63,-58]],[[69810,79990],[-35,-15],[-1,29],[-36,35],[8,57],[27,-24],[6,-38],[31,-44]],[[69844,81112],[-43,-22],[-45,41],[0,25],[37,66],[33,-4],[23,-52],[-5,-54]],[[69428,79442],[-14,-16],[-26,7],[9,42],[25,-6],[6,-27]],[[69258,78364],[-4,-27],[-35,18],[-10,28],[-2,62],[15,39],[16,-35],[35,-50],[-15,-35]],[[70664,77914],[-13,-36],[-13,30],[5,34],[-15,54],[29,80],[0,39],[23,19],[-6,-66],[-17,-53],[18,-43],[8,-50],[-19,-8]],[[70611,78841],[-35,-8],[6,49],[10,17],[25,-32],[-6,-26]],[[70587,78697],[2,29],[35,41],[53,37],[17,3],[30,-22],[-54,-37],[-15,-20],[-40,-4],[-28,-27]],[[70108,78847],[-31,-24],[-21,34],[-11,53],[56,79],[21,-27],[-1,-71],[-13,-44]],[[70017,78909],[-28,-48],[-22,6],[-10,21],[15,45],[30,26],[13,-7],[2,-43]],[[70086,78489],[-16,-32],[-22,11],[33,48],[5,-27]],[[70052,78664],[-6,-9],[-36,62],[13,19],[38,-45],[-9,-27]],[[70544,79371],[42,-21],[31,-6],[5,-37],[-26,-6],[-45,-34],[-20,7],[-23,31],[-47,11],[19,36],[36,17],[28,2]],[[70272,79195],[-11,23],[31,43],[43,2],[38,22],[-9,-33],[-31,-33],[-61,-24]],[[70215,78736],[-3,36],[30,24],[21,32],[22,-22],[-28,-14],[-42,-56]],[[70420,78609],[-27,-15],[-17,-31],[-21,22],[0,30],[23,-9],[28,27],[14,-24]],[[69702,79225],[-23,-30],[-4,45],[15,47],[20,3],[7,-20],[-15,-45]],[[69729,79081],[-23,46],[21,35],[18,-42],[-16,-39]],[[69763,78720],[-1,-49],[-70,-19],[11,56],[22,-20],[13,21],[25,11]],[[69902,79173],[-1,-65],[-15,11],[4,64],[12,-10]],[[69919,79339],[-10,-43],[-27,49],[-30,33],[-28,47],[-5,39],[31,17],[22,-47],[34,-6],[-2,-29],[15,-60]],[[70009,79239],[-13,-40],[-21,6],[-36,43],[14,21],[46,-11],[10,-19]],[[69826,78818],[-15,23],[14,40],[16,-46],[-15,-17]],[[70295,79623],[-33,-35],[-42,67],[26,21],[14,31],[-11,39],[-37,57],[-2,41],[57,17],[33,-35],[17,-3],[-3,-44],[2,-103],[-15,-15],[-6,-38]],[[70403,80314],[-6,-38],[47,-60],[16,-39],[-25,-49],[14,-23],[-27,-14],[-26,1],[-79,33],[-18,34],[48,51],[-24,19],[-35,-61],[-57,27],[-21,38],[22,54],[40,-2],[47,30],[0,26],[62,5],[22,-32]],[[70155,80995],[-38,-16],[-43,51],[41,20],[33,-33],[7,-22]],[[70071,80719],[-23,-57],[-5,-52],[-32,10],[-13,43],[-13,-39],[-20,-3],[-22,17],[-2,91],[61,4],[17,-31],[30,38],[22,-21]],[[70059,79127],[-33,-4],[2,48],[12,12],[39,-24],[-20,-32]],[[69759,78944],[-13,-9],[-21,13],[6,35],[30,3],[-2,-42]],[[70891,78201],[-33,-10],[-10,28],[14,69],[-14,64],[19,26],[15,40],[34,42],[88,51],[20,4],[-1,-39],[-29,-100],[-26,-50],[6,-40],[-41,-11],[-42,-74]],[[69530,77957],[23,-5],[39,5],[20,36],[25,1],[11,-36],[-25,-16],[18,-32],[27,6],[6,-51],[27,-17],[62,13],[63,28],[96,-10],[35,-39],[66,-5],[61,-20],[86,26],[9,-14],[-7,-88],[4,-26],[31,-6],[19,29],[46,23],[48,-1],[40,59],[5,-26],[-7,-67],[-12,-71],[-27,-17],[-40,-2],[-74,6],[-75,-11],[-139,-30],[-138,-15],[-19,10],[-3,67],[-9,19],[-42,16],[-42,28],[-160,38],[-37,16],[-84,-8],[-26,38],[-5,75],[7,74],[36,-14],[15,23],[0,34],[19,19],[7,-49],[20,-13]],[[70276,81181],[-10,26],[-53,47],[-122,27],[-59,34],[-25,-6],[-50,39],[-34,-18],[-72,-68],[-39,7],[-42,41],[-27,8],[-32,-22],[-51,-78],[-51,-38],[-47,14],[-62,0],[-7,-44],[12,-30],[34,-52],[-16,-39],[12,-40],[56,-5],[62,-51],[27,-53],[18,-59],[-38,42],[-25,40],[-36,15],[-48,34],[-31,6],[-32,-23],[-3,-27],[35,-51],[49,-56],[11,-56],[-18,-37],[-38,35],[-58,126],[-81,25],[-14,-27],[16,-66],[11,-26],[71,-71],[-16,-21],[-79,40],[-23,63],[-5,78],[-73,55],[-69,59],[-15,56],[14,21],[10,41],[-38,-7],[-24,-26],[-38,-26],[-2,-41],[7,-39],[-13,-56],[-13,-97],[8,-51],[83,-147],[28,-107],[21,-40],[43,-45],[44,-83],[19,-43],[13,-71],[-37,-44],[-22,-1],[-12,19],[17,48],[-3,30],[-57,45],[-52,-45],[16,-55],[18,-36],[8,-50],[35,4],[-46,-56],[-44,-29],[-70,-6],[60,-56],[84,-37],[40,-46],[40,-4],[39,-84],[68,-22],[40,-86],[51,-17],[45,-30],[14,-30],[6,-54],[3,-115],[9,-86],[-2,-67],[-28,-20],[-32,63],[-50,65],[-52,79],[-26,15],[-29,-26],[-77,-21],[-49,-35],[33,-66],[0,-49],[18,-60],[22,-16],[29,2],[48,-84],[0,-14],[-80,-39],[-32,-27],[-21,18],[0,48],[-54,47],[-30,10],[-26,33],[-17,-27],[13,-92],[30,-64],[49,-170],[22,-101],[5,-49],[-11,-81],[24,-60],[16,-62],[-19,2],[-42,47],[-51,99],[-18,61],[-21,6],[-37,-9],[-41,-132],[0,-75],[-39,42],[1,117],[-50,111],[-22,14],[-29,78],[-43,-24],[-7,-117],[-15,-40],[-52,78],[-53,135],[-1,74],[38,68],[-4,48],[-37,96],[-53,61],[-30,18],[-13,65],[-29,34],[-23,16],[3,40],[55,67],[33,106],[16,5],[33,-25],[37,7],[32,61],[25,34],[45,-5],[99,-82],[106,-47],[53,-41],[30,-41],[41,-15],[-9,58],[21,15],[57,-1],[21,37],[-12,27],[-52,24],[-21,-8],[-34,20],[-28,34],[-58,35],[-55,58],[-12,-33],[-22,-18],[-32,-2],[-90,36],[-54,-27],[-53,-8],[-61,-21],[-27,54],[-13,41],[-17,-62],[-42,-18],[-23,25],[-42,167],[-40,75],[-33,20],[0,75],[40,8],[62,-35],[26,23],[-12,67],[-66,5],[-49,-18],[-23,16],[-7,21],[-41,49],[-35,67],[-57,45],[-37,135],[-32,59],[-33,43]],[[68217,80549],[43,-29],[27,-6],[22,30],[12,60],[20,-4],[5,31],[-24,68],[0,18],[50,53],[51,11],[17,21],[14,81],[37,123],[49,30],[18,43],[10,60],[-26,72],[3,47]],[[69211,81560],[81,-9],[29,38],[66,9],[69,-7],[44,16],[40,27],[32,-3],[20,11],[7,36],[60,2],[53,-4],[45,18],[26,-69],[61,-53],[25,23],[50,-18],[48,-31],[40,-44],[94,35],[67,9],[21,10],[48,-12],[48,24],[24,22],[6,31],[-3,53],[-11,54],[-16,41],[14,32],[32,11],[41,-16]],[[61799,59671],[-27,-23],[-19,-36],[-34,-114],[-69,-32],[-167,-1],[-132,-118],[-75,-41],[-47,-67],[-63,-47],[-43,-57],[-91,-27],[-149,-90],[-48,-35],[-46,-63],[-77,-73],[-30,1],[-61,68],[-45,35],[-110,52],[-82,20],[-51,26]],[[60333,59049],[9,25]],[[60342,59074],[23,2]],[[60365,59076],[24,-8],[19,19],[26,2],[7,20],[2,89],[10,18],[2,47],[-13,104],[-10,12],[-48,15],[-12,43],[-20,133],[-17,99],[-32,163],[-13,116],[-2,70],[7,27],[-4,72],[23,82],[45,103],[17,62],[9,155],[22,143],[22,83],[14,71],[41,55],[19,15],[1,63],[25,15],[11,23],[-18,176],[-14,192],[-9,24],[-8,72],[-14,43],[-19,12],[0,40],[19,68],[5,40],[-10,43],[6,50],[-3,30]],[[60475,61777],[-3,33],[-21,77],[-5,55],[10,32],[0,69],[-11,108],[-2,68],[8,28],[-3,27],[-16,26],[0,25],[10,43],[-16,14],[-13,33],[-13,52],[3,84],[26,168],[27,-7],[177,3],[216,4],[21,16],[104,-16],[65,8],[47,-16],[45,7],[24,-5],[18,-38],[54,50],[21,54],[28,-4],[16,49],[79,-32]],[[63992,85444],[-17,9],[-12,42],[2,62],[19,82],[5,61],[-8,38],[11,57],[31,76],[20,81],[11,85],[14,56],[28,38],[75,117],[-2,54],[-46,23],[-68,20],[-65,12],[-29,15],[-25,41],[-85,-24],[-62,6],[-6,35],[-38,17],[-39,-33],[-14,5],[-55,98],[-13,46],[-27,30],[-38,7]],[[63481,87015],[20,69],[64,52],[-8,84],[-16,21],[-31,9],[-12,28],[24,32],[-28,25],[-12,26],[-43,44]],[[63849,88978],[-15,28],[-34,30],[18,112],[35,61],[27,17],[117,10],[129,-4],[54,-92],[-20,-47],[32,-22],[15,8],[19,86],[11,14],[40,-34],[30,3],[-11,71],[7,69],[31,58],[96,-25],[104,13],[40,-26],[90,-133],[30,-21],[-123,182],[-33,20],[-50,6],[-31,16],[-26,46],[2,161],[-43,33],[-47,-12],[-6,38],[7,27],[62,18],[42,25],[1,44],[-25,34],[-68,124],[-4,68]],[[64352,89984],[79,-3],[97,-33],[23,-23],[30,-1],[93,31],[42,-19]],[[64716,89936],[53,-28],[44,-66],[2,-57],[-54,-68],[93,10],[24,-50],[50,19],[127,-76],[76,37],[20,2],[17,-61],[-19,-62],[-67,-65],[15,-41],[21,-9],[64,9],[100,-41],[22,13],[81,92],[33,20],[107,14],[20,36],[44,36],[27,39],[68,75],[154,-35],[41,-80],[103,-88],[94,8],[33,-84],[15,-103],[54,-53],[80,-23]],[[66446,87473],[-30,-28],[-37,26],[-23,86],[-13,10],[-64,17],[-22,-22],[38,-65],[-57,-22],[-69,-38],[-34,-24],[-67,-28],[-60,-15],[-18,-47],[-34,3],[-46,-28],[-20,-41],[-56,-13],[-17,-46],[-68,9],[-21,-14],[-53,-9],[-33,-27],[-32,-48],[-28,-57],[-16,40],[-33,41],[-15,-27],[29,-57],[11,-49],[23,-34],[62,-54],[19,-37],[-5,-27],[-36,-70],[56,-102],[26,-71],[39,-59],[23,-23],[35,1],[37,-44],[39,-63],[69,-60],[21,-52],[13,-14],[36,3],[47,-52],[45,-68]],[[66107,86174],[-10,-112],[-38,-39],[-64,36],[-10,-11],[-17,-106],[-29,-39],[-82,-35],[-63,-44],[-28,-27],[-19,-52],[66,-116],[0,-51],[-19,-53],[46,-15],[7,-27],[-2,-47],[-12,-62],[-46,17],[-32,36],[-5,47],[-29,18],[-69,-20],[-16,19],[-77,32],[-8,-62],[-160,-22],[-49,-21],[-62,-39],[-32,-38],[-36,0],[-51,-20],[-21,3],[-30,44],[-7,32],[-45,2],[-28,15],[-78,-5],[-9,-76],[-31,-65],[-44,-22],[6,53],[-36,10],[-21,59],[-21,19],[-76,44],[-34,-31],[-43,-1]],[[66070,89661],[9,-41],[-9,-22],[-39,35],[-38,0],[-23,-54],[-17,-3],[-59,49],[-12,45],[7,91],[18,24],[3,35],[33,36],[30,2],[23,-52],[50,-24],[11,-26],[-30,-44],[7,-24],[36,-27]],[[66243,89343],[-57,-5],[-41,10],[-9,38],[7,36],[-33,38],[1,43],[130,-110]],[[65243,89683],[-52,-1],[-40,31],[24,42],[51,-20],[17,-52]],[[64228,89913],[-4,75],[114,-10],[-10,-17],[-86,-11],[-14,-37]],[[64323,89866],[-13,-15],[-32,2],[-13,29],[32,14],[26,-30]],[[75552,81672],[66,116],[20,70],[1,95],[-34,110],[-60,318],[-23,49],[-99,56],[-23,64],[-77,82],[-107,35],[-21,16],[-92,104],[-73,66]],[[77231,81904],[-28,-62],[-16,-22],[-34,-12],[-4,-69],[22,-14],[17,-60],[70,-62],[37,-39],[18,-35],[-15,-79],[-31,-45],[-26,-11],[-99,79],[-47,-19],[-81,36],[-33,40],[6,30],[-100,54],[-48,16],[-22,-16],[-73,-83]],[[76744,81531],[-9,-8],[-56,-12],[10,-29],[-95,-2],[-31,-11],[-84,14],[-50,-19],[-58,-15],[-39,-17],[-121,-15]],[[55677,64003],[-3,52],[-18,119],[25,53],[28,31],[19,-25],[5,-49],[14,-33],[49,-21],[49,15],[29,-7],[-1,27],[10,36],[59,16],[62,10],[63,21],[51,-1],[-34,26],[-96,-25],[-97,-7],[-74,-65],[-30,6],[-30,65],[-11,80]],[[65929,57232],[-2,-43],[-27,-107],[-13,-82],[-3,-87],[7,-70],[14,-51],[8,-54],[-11,-73],[20,-5],[85,46],[68,42],[44,23],[73,-14],[39,-16],[21,-30],[21,-125],[11,-19],[17,-54],[15,-64],[2,-56],[-32,-85],[-6,-31],[-31,-45],[-50,-10],[-21,-67],[-25,-46],[-23,-101],[2,-72],[-10,-172],[13,-25],[58,-17],[12,-14],[35,-84],[54,-26],[38,-65],[2,-27],[-24,-220],[15,-274],[-3,-70],[-15,-42],[7,-73],[-14,-111],[-32,-40],[-13,-29],[-3,-47],[-14,-64],[-13,-24],[0,-30],[13,-22],[0,-32],[-39,-71],[-32,-14],[-36,15],[-8,23],[9,34],[-36,131],[-17,15],[-10,-30],[-29,-57],[-53,-72],[-37,-6],[-67,22],[-57,35],[-27,85],[-17,70],[-24,82],[-27,39],[-29,25],[-13,1],[-54,-64],[4,-73],[12,-40],[-11,-135],[-131,-52],[-39,42],[-19,-4],[-57,-27],[-41,33],[-10,-34],[9,-123],[-3,-47],[-19,-103],[35,-12],[40,-79],[2,-17],[-19,-32],[-7,-41],[9,-30],[24,-33],[51,-56],[-35,-131],[3,-31],[15,-28],[-12,-44],[-39,1],[-17,8],[-50,97],[-12,3],[-73,-75],[-19,-31],[-15,-43],[-20,-96]],[[65191,53458],[-34,55],[-29,103],[-33,62],[-71,101],[-19,75],[-81,164],[-117,165],[-84,142],[1,28],[82,-71],[20,24],[-68,67],[-31,18],[-32,-1],[-18,30],[-17,84],[-14,42],[-45,84],[-11,33],[-24,44],[15,6],[48,-42],[0,42],[-48,41],[-26,2],[-6,28],[4,34],[-35,123],[-36,92],[-5,44],[96,-201],[30,-2],[40,23],[-26,55],[-17,-13],[-23,-3],[-17,33],[22,97],[-16,-22],[-32,-13],[-48,52],[-64,219],[-11,20],[-48,200],[19,-14],[21,-59],[43,13],[16,33],[30,7],[18,31],[56,138],[14,182],[-5,109],[-8,107],[18,34],[19,-89],[20,-25],[36,-7],[56,-39],[20,-26],[5,50],[65,44],[-20,15],[-57,-17],[-78,64],[-26,41],[-25,78],[-25,41],[2,35],[56,34],[15,-4],[6,-40],[21,-11],[3,35],[0,92],[-18,131],[5,25]],[[64665,56530],[30,27],[29,0],[14,-47],[36,-24],[25,23],[16,4],[283,-2],[163,-1],[-1,329],[-2,396]],[[65258,57235],[7,83],[72,1],[130,-11],[73,0],[71,7],[57,-9],[47,-15],[68,-6],[90,7],[31,-1],[17,-21],[8,-38]],[[64628,82472],[-9,-92],[25,-66],[10,-242],[-2,-20],[-51,-126],[-2,-122],[-22,-64],[-27,-104],[-22,-47],[-63,57],[-37,25],[-30,45],[25,50],[2,19],[-57,38],[14,68],[-6,34],[-41,4],[-2,17],[30,52],[-1,33],[-39,40],[-7,37],[37,40],[-16,37],[-21,9],[26,42],[24,77],[35,36],[78,33],[32,45],[51,-24],[18,44],[-6,30],[3,81],[11,45],[18,3],[16,-26],[6,-108]],[[63950,83069],[-18,-11]],[[63911,83047],[-67,-45],[-108,-137],[-51,-40],[-20,-70],[-30,-39],[-25,-19],[-65,-19],[-65,-41],[-29,18],[-75,-1],[-47,49],[-90,32],[-30,72],[-68,2],[-16,11],[-5,48],[-50,-11],[-23,-20],[-46,-12],[-28,8],[-86,43],[-51,14],[-22,16],[-16,36],[-21,19],[-48,-19],[-43,-63],[-180,-166],[-33,-70],[-38,-103],[-3,-48],[16,-153],[38,-81],[4,-19]],[[61976,82284],[12,33],[-10,30],[-72,24],[-24,-30]],[[60782,82846],[56,19],[50,78],[48,283],[34,335],[25,64],[32,17],[-26,46],[-31,-60],[19,307],[14,112],[23,118],[47,-47],[40,-47],[20,-41],[26,-138],[17,-1],[-31,183],[-20,51],[-31,44],[-99,92],[-13,52],[32,-1],[17,23],[-13,74],[-15,240],[-56,10],[-27,14],[-135,102],[-46,106],[-47,78],[-11,34],[1,34],[24,73],[-21,46],[-40,32],[30,62],[28,6],[17,24],[-128,-21],[-51,22],[-10,43],[19,19],[16,36],[-18,25],[-25,10],[-73,-8],[-10,14],[22,40],[-18,15],[-60,-15],[-35,13],[-32,45],[-36,-6],[-22,18],[-39,-2],[-22,27],[-134,52],[-58,6],[-53,-23],[-29,8],[-21,33],[-19,57],[-85,44],[16,29],[40,6],[46,21],[17,25],[-36,30],[-27,8],[-22,37],[16,12],[43,-11],[56,7],[-21,27],[-31,13],[-45,3],[-20,-9],[-46,3],[-15,54],[15,56],[64,49],[161,55],[69,-8],[48,10],[58,34],[25,29],[83,18],[77,-32],[72,-117],[34,-40],[84,69],[125,-2],[26,-39],[33,72],[28,-42],[132,7],[-43,102],[-7,246],[-36,69],[-42,110],[-19,65],[4,55],[52,-1],[40,-9],[75,25],[37,-17],[-2,-51],[11,-64],[32,-66],[61,3],[67,-21],[83,-3],[122,-36],[51,21],[51,44],[96,29],[-48,9],[-50,28],[-7,31],[26,90],[146,99],[106,29],[109,55],[55,57],[37,72],[27,29],[-14,26],[9,277],[10,49],[22,41],[32,32],[50,34],[182,47],[27,19]],[[62256,87621],[3,-29],[23,-59],[-2,-50],[25,-40],[58,-61],[63,33],[28,9],[26,-30],[18,-43],[13,-82],[15,-14],[54,-5],[52,-27],[14,-82],[40,14],[88,-16],[44,-47],[-13,-63],[20,-31],[-19,-68],[13,-15],[65,-10],[61,10],[37,26],[18,59],[38,35],[14,-11],[-24,-110],[18,-28],[9,-78],[48,-6],[40,-35],[52,-28],[53,-76],[25,-27],[69,17],[28,0]],[[60993,84396],[-12,-54],[-23,49],[-30,44],[-7,52],[35,-30],[37,-61]],[[76805,47831],[-22,-6],[-10,17],[-6,39],[8,68],[-18,53],[18,30],[14,-35],[30,-27],[-5,-59],[-10,-45],[1,-35]],[[80426,42637],[-48,-18],[-34,7],[-66,52],[-18,35],[-27,99],[6,35],[21,61],[47,24],[51,-9],[21,-17],[27,-71],[34,-73],[-5,-86],[-9,-39]],[[40648,64891],[-12,-43],[-13,29],[-56,-3],[-9,38],[27,45],[-32,12],[-13,19],[-27,95],[3,28],[29,16],[35,-30],[36,-57],[-5,-30],[22,-46],[15,-73]],[[40477,65968],[-40,-6],[-27,5],[-6,45],[14,37],[-10,46],[20,45],[22,-24],[4,-34],[14,-31],[61,-66],[-52,-17]],[[40388,65830],[-28,-28],[-14,9],[-17,53],[-11,148],[16,34],[36,-18],[30,-34],[-7,-28],[3,-111],[-8,-25]],[[40510,65757],[-27,3],[-3,37],[23,33],[16,-54],[-9,-19]],[[42923,59217],[24,33],[33,165],[23,57],[25,8],[134,-136],[63,-12],[127,-74],[46,-93],[105,-157],[56,-49],[1,-41],[-12,-66],[35,58],[56,-91],[15,-45],[17,-81],[-6,-52],[18,3],[3,55],[13,68],[18,2],[15,-41],[29,-176],[11,-36],[5,-105]],[[43777,58411],[-40,-42],[-20,-76],[-34,-58],[-6,-26],[-15,-21],[-4,-34],[-55,-175],[-23,-57],[-34,-57],[-9,-39],[0,-42],[-21,-91],[-13,-25],[-34,-134],[-1,-47],[-8,-27],[-40,-103],[-59,-60],[-11,-34],[-21,-17],[-40,11],[-50,2],[-19,56],[-17,28],[-33,-38],[-26,-16],[-19,5],[-58,29],[-11,29],[-61,-76],[-63,-69],[-33,20],[-23,0],[-76,57],[-11,30],[-23,21]],[[42203,84976],[-30,-26],[-10,14],[17,73],[-18,82],[7,19],[27,-17],[3,-23],[-13,-50],[21,-58],[-4,-14]],[[1310,47610],[-12,19],[8,37],[15,-16],[-11,-40]],[[666,46997],[-38,5],[-12,35],[18,8],[12,-26],[20,-22]],[[39902,67110],[-38,0]],[[39864,67110],[21,29],[18,-7],[-1,-22]],[[9732,45545],[-16,24],[3,28],[23,-30],[-10,-22]],[[10296,44994],[-11,-16],[-14,11],[-5,52],[32,-3],[-2,-44]],[[9751,45409],[-25,8],[3,64],[22,-9],[16,-55],[-16,-8]],[[10464,44904],[49,-29],[9,-47],[-10,-31],[-25,7],[-12,18],[-18,55],[-48,-12],[-33,11],[-19,73],[8,53],[35,22],[44,-16],[17,-41],[3,-63]],[[13976,49869],[51,-32],[0,-29],[-51,-17],[-17,-16],[-20,10],[-11,37],[48,47]],[[13964,49722],[-25,-48],[0,52],[25,-4]],[[14103,49359],[-12,-11],[-1,67],[23,-23],[-10,-33]],[[13618,50356],[-33,-14],[-16,2],[-12,51],[10,41],[57,-13],[3,-44],[-9,-23]],[[13618,50036],[-8,-12],[-16,53],[25,20],[13,-10],[-14,-51]],[[13795,50337],[-22,-4],[-4,31],[16,24],[17,-10],[9,-25],[-16,-16]],[[11772,45749],[-18,21],[-13,58],[-11,23],[-2,53],[44,-155]],[[117400,43316],[39,-38],[41,16],[52,-61],[133,-186],[46,-40],[27,-15],[21,-31],[18,-42],[26,-31],[11,-28],[2,-38],[9,-24],[46,-61],[28,-54],[38,-28],[16,-32],[21,-16],[22,-33],[37,-26],[84,-95],[65,-90],[33,-57],[34,-49],[45,-40],[41,-46],[21,-106],[-11,-38],[-24,-19],[-43,-14],[-69,68],[-35,6],[-18,37],[-43,26],[-39,41],[-27,83],[-56,29],[-38,34],[-27,48],[-42,33],[-65,67],[-34,22],[-30,34],[-79,124],[-28,22],[-24,55],[-69,130],[-32,54],[-36,48],[-28,55],[-21,67],[-49,94],[-5,41],[2,42],[-12,26],[-20,17],[-10,27],[8,57],[48,-65]],[[118541,41840],[-11,-23],[-31,26],[7,48],[29,-23],[6,-28]],[[118700,42581],[16,-11],[28,2],[-7,-106],[-39,-17],[-44,38],[1,36],[-22,82],[38,12],[21,22],[8,-58]],[[118200,43036],[5,85],[9,69],[11,-17],[-6,-30],[7,-44],[-11,-41],[-15,-22]],[[118492,42749],[-19,-6],[-25,45],[-47,23],[-21,39],[-14,47],[27,11],[27,63],[-18,22],[-32,5],[4,24],[51,29],[32,-36],[-2,-99],[23,-32],[24,-70],[-10,-65]],[[84992,25393],[44,1],[76,83],[19,1],[-7,-98],[-46,3],[-11,-36],[47,-45],[42,-6],[64,26],[71,54],[50,1],[38,47],[56,-16],[24,-72],[-6,-41],[-18,-38],[-32,-24],[-1,-42],[-31,6],[-20,33],[-25,17],[-85,-3],[-4,-25],[-29,-30],[-24,-7],[37,-60],[70,-28],[4,45],[31,5],[29,-13],[20,-33],[-31,-28],[-3,-22],[-28,-25],[-70,9],[-59,54],[-22,-24],[-24,-6],[-46,21],[-69,47],[-42,8],[-23,-77],[-31,-32],[-61,3],[-11,30],[9,63],[21,65],[-18,57],[8,42],[-14,34],[6,60],[-17,43],[24,86],[-2,48],[43,97],[34,23],[22,-68],[5,-59],[-13,-48],[-23,-49],[7,-41],[45,-16]],[[85025,25424],[-21,-5],[-5,47],[-19,45],[6,22],[69,-4],[9,-38],[-39,-67]],[[79074,27050],[-25,-5],[-21,12],[-14,35],[29,28],[25,-41],[6,-29]],[[68212,93368],[34,1],[58,-57],[-22,-42],[-51,-8],[-3,-54],[-80,-7],[-18,10],[-26,83],[5,22],[31,11],[3,-45],[21,5],[8,50],[-28,32],[34,33],[34,-34]],[[68101,93266],[-43,-27],[5,62],[27,1],[11,-36]],[[68425,93175],[-31,-18],[-32,31],[48,5],[15,-18]],[[70875,93483],[-43,-24],[-49,-5],[-22,-16],[-75,46],[-56,-8],[-43,-34],[-78,-10],[-64,-26],[-5,36],[11,46],[-19,4],[-13,-52],[-27,-27],[-59,-11],[-58,43],[-27,-1],[29,-64],[-112,-64],[-19,40],[-69,-44],[-64,-8],[-38,-34],[-68,-23],[-37,1],[-84,-28],[-29,-41],[-25,-16],[-34,13],[-109,-21],[-103,-27],[-88,13],[-97,-87],[-55,-19],[-3,33],[36,27],[25,38],[3,30],[-40,16],[-29,32],[-29,68],[-23,-13],[-17,-68],[-51,-31],[-62,1],[-8,38],[11,68],[32,3],[8,32],[-26,15],[22,48],[-19,11],[-90,16],[-110,61],[-28,4],[-16,54],[-27,-6],[-39,-33],[-60,41],[-9,25],[-2,81],[-15,124],[6,57],[34,70],[12,68],[3,81],[-8,87],[37,25],[-20,69],[-56,131],[-43,47],[33,146],[-11,73],[-54,45],[-21,129],[14,73],[18,32],[89,99],[6,51],[60,4],[-28,46],[-8,56],[87,22],[33,-18],[76,21],[68,41],[-25,80],[52,33],[44,55],[2,42],[76,22],[88,86],[80,46],[84,86],[36,4],[18,58],[71,77],[22,10],[33,69],[88,81],[55,102],[31,36],[9,39],[33,3],[32,29],[66,19],[118,-14],[-21,56],[50,36],[-12,56],[-28,28],[14,62],[3,68],[14,78],[-36,42],[-137,71],[-57,6],[-31,54],[14,46],[-74,-32],[-58,20],[-28,-5]],[[68632,95163],[23,-9],[46,11],[-38,-51],[-19,-7],[-36,29],[-22,49],[52,0],[-6,-22]],[[68958,93380],[61,-9],[21,-33],[-35,-21],[-2,-25],[19,-40],[-35,0],[-24,44],[-38,32],[17,43],[16,9]],[[68711,93478],[-4,-28],[-48,-2],[-19,28],[-10,48],[30,-5],[51,-41]],[[68841,93237],[-34,-22],[-10,42],[55,18],[-11,-38]],[[68771,93217],[-30,-7],[-18,18],[28,29],[22,-2],[-2,-38]],[[69870,96249],[-51,-21],[-41,13],[-1,40],[25,20],[47,7],[62,-19],[-41,-40]],[[122789,45849],[-52,-83],[-34,-90],[-44,-50],[-18,-68],[1,-69],[44,72],[48,59],[31,11],[-14,-91],[13,-49],[-36,5],[-36,-4],[-43,-27],[-58,-12],[-25,22],[-8,32],[-41,4],[-50,-63],[-17,-54],[-19,-2],[-23,12],[-27,-42],[-33,-15],[-14,35],[-22,74],[-35,8],[5,38],[19,39],[5,26],[35,-27],[19,20],[22,1],[20,57],[33,36],[44,28],[92,36],[39,52],[26,28],[56,27],[25,-9],[20,4],[52,38],[0,-9]],[[122203,45102],[0,-28],[19,-14],[25,-53],[39,-45],[23,-34],[-6,-61],[10,-56],[5,-58],[16,-92],[-24,-17],[-37,-2],[-53,-15],[-30,-30],[-28,-41],[-34,0],[-36,-8],[-37,5],[-26,22],[-46,24],[-61,20],[-26,17],[-21,27],[-20,68],[0,65],[34,27],[1,22],[20,29],[-7,66],[35,57],[38,49],[69,46],[41,-5],[64,34],[21,17],[20,-10],[12,-26]],[[9,45379],[-9,-24],[0,35],[0,30],[0,22],[0,24],[36,52],[11,8],[13,-48],[-15,-52],[-36,-47]],[[122789,45355],[-25,-23],[-10,23],[12,54],[23,57],[0,-46],[0,-65]],[[122273,44106],[0,-26],[-44,-18],[-24,26],[-43,-73],[-48,-19],[-21,19],[32,38],[17,-4],[36,60],[43,22],[52,-25]],[[345,44726],[-26,2],[6,33],[20,-35]],[[597,44741],[-19,-7],[-18,26],[11,28],[15,-6],[11,-41]],[[356,45163],[-5,37],[-15,19],[3,22],[29,-38],[-12,-40]],[[121845,45241],[-8,39],[26,22],[-3,-34],[-15,-27]],[[122592,45105],[-11,-17],[-6,85],[20,-9],[6,-22],[-9,-37]],[[122567,44648],[-33,45],[7,37],[12,16],[10,-28],[8,-47],[-4,-23]],[[122389,44880],[-18,-11],[-9,38],[13,38],[15,3],[8,-38],[-9,-30]],[[24,45641],[-24,-23],[0,32],[19,29],[5,-38]],[[73852,64743],[53,31],[45,5],[44,-21],[29,-6],[26,39],[10,45],[19,25],[24,4],[33,-50],[53,-134],[21,-5],[107,437],[20,-26],[20,-46],[24,-21],[36,-15],[15,-18],[53,-111],[19,-26],[24,-3],[106,36],[62,65],[10,26],[17,0],[21,-29],[22,-64],[24,-5],[89,41],[57,-24],[19,0],[48,-36],[57,12],[26,-3],[28,-15],[103,-128],[84,-50],[17,-20],[41,-80],[63,-153],[81,-147],[90,-116],[48,-81],[32,-97],[32,-90],[62,-68],[31,-68],[22,-57],[30,-65]],[[75849,63631],[-131,-344],[-61,-117],[-8,-23],[-8,-61],[-1,-109],[11,-269],[54,-24],[72,31],[48,9],[53,26],[32,20],[33,-1],[30,-22],[14,-20],[48,-7]],[[69690,91827],[4,24],[45,123],[8,96],[21,27],[-7,31],[-47,19],[-19,-2],[-34,-57],[-41,-15],[-36,25],[-83,33],[-21,46],[-5,44],[-44,44],[-18,51],[7,36],[40,24],[-39,17],[-34,86],[28,49],[-16,21],[17,46],[-8,55],[98,49],[103,11],[-10,50],[41,2],[70,60],[70,-10],[99,41],[194,-1],[26,24],[-3,50],[36,-8],[60,5],[228,-51],[56,0],[77,-51],[42,-13],[123,0],[190,-22],[41,43]],[[69109,92294],[24,-16],[45,16],[49,-11],[113,-75],[10,-20],[-67,-10],[-32,-39],[-18,-5],[-77,-65],[-9,-18],[-79,4],[-43,-13],[-35,-35],[-14,-67],[-26,-53],[-53,-22],[-3,40],[69,98],[-29,11],[-24,26],[-52,31],[35,76],[-42,69],[48,8],[27,-20],[30,24],[34,-5],[20,45],[75,29],[24,-3]],[[69214,92421],[-29,-31],[-25,27],[-36,-69],[-41,-12],[-24,14],[3,25],[-24,68],[-35,21],[-50,1],[-35,29],[138,19],[43,66],[39,-4],[8,-37],[63,-15],[24,-44],[9,-54],[-28,-4]],[[69356,92249],[-28,-6],[-67,44],[35,42],[57,-19],[3,-61]],[[74564,67071],[102,-359],[42,-212],[38,-222],[27,-332],[26,-170],[42,-83],[28,-158],[25,-6],[18,-44],[31,-148],[22,-55],[11,48],[-10,73],[8,58],[18,35],[38,-47],[22,-37],[6,-73],[8,-40],[41,-85],[35,-25],[45,-7],[37,-19],[30,-31],[56,-87],[129,-76],[103,-234],[61,-162],[201,-246],[34,-118],[18,-114],[42,5],[72,-126],[21,-96],[60,-35],[9,57],[29,-46],[12,-72]],[[76101,63782],[-80,-55],[-20,-32],[-19,-91],[-34,-29],[-64,86],[-11,4],[-24,-34]],[[75064,65876],[11,-60],[-33,24],[9,36],[13,0]],[[75086,65637],[14,-33],[17,14],[6,23],[54,-46],[-3,-31],[-33,-1],[-37,13],[-34,-4],[-41,13],[-9,52],[26,-25],[16,13],[-19,35],[-26,7],[2,27],[19,25],[-15,38],[29,-8],[31,-51],[3,-61]],[[64374,58223],[59,0],[14,-32],[-1,-49],[-53,-141],[-9,-59],[-21,-50],[-17,-5],[-61,30],[-14,42],[11,74],[38,19],[16,60],[5,56],[13,42],[20,13]],[[64665,56530],[3,14],[-30,38],[-42,15],[16,98],[21,86],[30,65],[17,16],[29,138],[31,86],[-10,88],[7,147]],[[64737,57321],[24,-57],[38,-29],[276,0],[183,0]],[[31442,64210],[-8,-8],[6,-63],[-37,-64],[-32,-7],[-53,-4],[-81,31],[-59,42],[3,-23],[24,-38],[-121,63],[-141,120],[-83,20],[-96,31],[-56,77],[-43,33]],[[69973,75547],[26,-75],[53,-13],[174,67],[193,-67],[106,-27],[163,-57],[100,-103],[27,-12],[71,1],[48,-60],[187,-29],[99,-67],[56,-53],[35,-17],[29,3],[41,20],[51,38],[55,51],[116,135],[41,23],[59,-4],[59,123],[59,11],[121,57],[-14,-27],[-109,-65],[47,-8],[48,21],[54,15],[11,28],[7,52],[10,7],[38,-9],[113,-81],[28,-1],[96,53],[26,-25],[58,-100],[-20,2],[-63,86],[-5,-43],[-36,-75],[44,-32],[37,-12],[32,-80],[35,17],[26,50],[-10,59],[24,-25],[72,-96],[24,-20],[27,3],[59,28],[16,-4],[77,35],[22,-52],[63,29],[99,-1],[80,32],[93,76],[8,12]],[[73300,74195],[-19,-28],[-39,-100],[-40,-319],[-59,-249],[-6,-155],[-10,-56],[-27,-79],[-34,-78],[-59,40],[-98,136],[-56,130],[-61,83],[-57,110],[-16,80],[1,50],[-26,125],[-18,59],[-70,132],[-20,71],[-30,75],[-26,173],[-28,109],[-32,-31],[6,-45],[-27,-64],[-17,-74],[13,-60],[57,-92],[11,-39],[13,-87],[-2,-119],[10,-39],[43,-88],[24,-97],[14,-40],[43,-77],[61,-145],[58,-98],[42,-47],[18,-48],[4,-122],[-3,-58],[36,-110],[14,-56],[36,-45],[16,-51],[15,-84],[23,-250],[30,-60],[95,-327],[81,-208],[39,-154],[59,-188],[117,-412],[69,-128],[28,-71],[49,-56],[55,-79],[-52,8],[-31,-19],[-13,-87],[7,-209],[14,-107],[46,-202],[33,-60],[17,-40],[23,-28],[108,-69],[63,-146],[141,-184],[15,-63]],[[33997,53786],[57,39],[45,60],[22,43],[14,43],[34,194],[31,123],[-5,58],[-26,80],[-6,117],[-1,63],[-18,-49],[5,-173],[-16,-77],[-21,-19],[-14,14],[8,126],[-16,-23],[-25,-86],[-42,-63],[-12,-48],[-32,24],[-24,27],[-81,142],[-52,30],[-32,49],[-10,50],[32,30],[33,40],[4,88],[-1,69],[-25,119],[12,155],[-7,60],[-28,129],[21,64],[74,48],[24,31],[17,102],[17,61],[32,-25],[-37,118],[-5,41],[56,126],[28,33],[36,67],[29,100],[8,158],[-13,114],[-9,119],[18,31],[45,15],[37,39],[18,36],[44,-5],[50,55],[81,27],[112,63],[25,57],[-11,98]],[[34497,56793],[42,-60],[19,-46],[58,-53],[68,-95],[44,-48],[50,-43],[70,-46],[43,8],[19,-71],[16,-22],[46,-32],[15,-132],[9,-19],[36,-20],[43,-8],[17,4],[39,-37],[59,-30],[21,-3],[13,19],[43,-20],[37,-4],[22,16],[6,74],[34,43],[14,-5],[69,-59],[64,-121],[35,-38],[55,-16],[52,-63],[61,-43]],[[34063,54043],[-6,-24],[-33,2],[-9,35],[8,87],[9,37],[26,35],[23,17],[28,-3],[30,-32],[-36,-58],[-27,-17],[-13,-79]],[[34480,56668],[-19,-5],[-9,29],[31,42],[-3,-66]],[[30583,55411],[-18,-2],[-52,61],[3,58],[21,40],[68,21],[29,-38],[-3,-70],[-23,-52],[-25,-18]],[[30895,55324],[-40,-26],[-22,24],[-2,15],[22,39],[22,21],[19,44],[36,27],[20,-31],[-12,-35],[-22,-26],[-21,-52]],[[30211,55603],[-35,-11],[-28,22],[-12,33],[0,66],[63,18],[21,-42],[-1,-61],[-8,-25]],[[30553,55058],[-14,-2],[-19,26],[14,49],[27,-25],[7,-19],[-15,-29]],[[30263,55905],[22,-40],[11,-114],[68,-121],[9,-67],[-3,-43],[33,-47],[22,-51],[-37,-117],[-76,-49],[-82,2],[-16,12],[-23,46],[-4,39],[13,38],[42,58],[65,52],[8,39],[-26,39],[-18,77],[-41,53],[-20,164],[-14,8],[-28,-22],[-16,30],[30,37],[7,27],[44,12],[19,-21],[11,-41]],[[30502,55682],[-16,-19],[-65,22],[-20,36],[16,49],[14,20],[39,-18],[38,-55],[-6,-35]],[[36912,68135],[15,10],[23,71],[38,28],[39,-1],[55,-28],[15,0],[53,26],[43,15],[41,-16],[51,-59],[17,-11],[68,-3],[45,-59],[37,-23],[23,-2],[39,23],[19,0],[23,-51],[4,-72],[19,-66],[28,-43],[142,18],[32,-34],[-11,-30],[-20,-15],[-68,7],[-29,-3],[-6,-55],[40,-7],[38,-13],[40,-21],[40,-15],[88,-24],[75,-52],[81,-119],[22,-27],[14,-36],[-7,-46],[-29,-75],[-16,-24],[-24,-15],[-17,-30],[-16,-52],[-21,-3],[-19,30],[-14,45],[-40,43],[-47,-6],[-69,26],[-41,-12],[-42,-3],[-43,13],[-43,4],[-43,-16],[-41,-28],[-57,-75],[-101,-21],[-29,31],[-27,43],[-39,5],[-56,-33],[-36,-12],[-18,-30],[0,-60],[-8,-36],[-56,-137],[-30,-96],[-13,-30],[-15,-7],[-27,56],[-17,20],[-22,10],[-9,30],[-5,82],[-14,32],[-19,21]],[[40492,65359],[-32,-13],[-13,107],[-22,78],[7,67],[47,-30],[15,-37],[9,-95],[-11,-77]],[[76101,63782],[4,-30],[58,-122],[19,-61],[19,-109],[-10,-62],[-15,-40],[-23,-36],[-76,-87],[-84,-55],[-55,-111],[-40,7],[6,-42],[38,3],[47,32],[42,16],[45,1],[40,-14],[29,-41]],[[51178,107783],[328,-37],[173,-43],[494,-36],[371,-54],[52,-18],[-132,-25],[-474,-18],[-859,-22],[-492,-42],[-157,-2],[-14,-64],[177,5],[385,64],[144,10],[269,-5],[350,-24],[140,9],[252,-6],[293,17],[347,40],[96,-88],[127,-88],[188,5],[77,-41],[98,7],[300,-26],[285,-65],[58,-54],[-32,-30],[-129,-53],[-163,-48],[-221,-37],[-254,-24],[-1950,-78],[-65,-19],[-40,-48],[27,-61],[91,-9],[213,34],[368,33],[271,-2],[646,-27],[192,-74],[101,-113],[223,25],[48,20],[108,134],[82,26],[128,14],[337,13],[82,-4],[58,-52],[17,-71],[-10,-108],[-29,-59],[-93,-101],[-75,-56],[-460,-262],[-42,-49],[76,-9],[50,50],[252,66],[217,98],[105,30],[132,53],[253,157],[131,47],[138,0],[25,-79],[238,-9],[166,-35],[175,-27],[78,20],[99,70],[102,51],[95,64],[81,30],[192,35],[113,-7],[336,-5],[183,-16],[516,-86],[261,-105],[-35,-35],[-239,-71],[-79,-48],[-227,-90],[-110,-31],[-255,-15],[-100,-25],[90,-64],[-5,-23],[-89,-43],[-236,-27],[-119,-43],[-264,-1],[-151,-48],[59,-38],[222,-52],[1,-20],[-189,-89],[-130,-33],[-167,1],[-125,-15],[-118,-3],[-212,22],[-175,34],[-76,-2],[-150,-71],[-96,-82],[-17,-46],[21,-84],[52,-29],[202,-3],[37,-42],[-50,-177],[6,-31],[89,-14],[62,-71],[-35,-37],[-222,-54],[-56,-96],[-56,-43],[-192,-23],[-176,-91],[63,-38],[-3,-26],[-82,-108],[-40,-128],[-29,-63],[-119,-175],[6,-51],[51,-36],[68,29],[85,93],[92,40],[185,-31],[203,-59],[80,-30],[66,-60],[0,-23],[-78,-8],[-146,58],[-71,15],[-177,-44],[74,-107],[79,-49],[144,-22],[174,-68],[57,6],[78,30],[108,2],[85,-43],[15,-51],[-15,-131],[-59,-89],[-121,4],[-100,32],[-120,15],[-121,33],[-68,8],[-144,-3],[-156,-22],[-6,-27],[-223,-96],[-46,1],[-148,65],[-51,0],[-76,-40],[-17,-30],[106,-50],[143,-17],[40,-107],[64,-67],[53,-18],[78,2],[102,23],[111,-40],[156,-14],[82,-60],[-32,-78],[52,-61],[101,-87],[49,-230],[-20,-97],[-86,-51],[-42,5],[-77,61],[-59,33],[-97,4],[-144,-98],[-116,-14],[-56,-43],[-82,-26],[-152,27],[107,-59],[111,16],[108,44],[72,-9],[49,-100],[-4,-54],[-82,-94],[60,-12],[86,58],[65,153],[70,28],[78,-28],[63,-77],[90,-141],[85,-48],[21,-42],[-16,-85],[-33,-36],[-94,-16],[-137,15],[-71,0],[8,-48],[-144,-42],[-162,-16],[-154,32],[-128,50],[42,70],[24,78],[-62,52],[8,-79],[-18,-30],[-119,-54],[36,-36],[-2,-50],[-39,-63],[69,-45],[50,-12],[235,-6],[94,-13],[224,-57],[10,-18],[-38,-104],[-21,-99],[-43,-18],[-236,-5],[-75,-15],[-111,-46],[-106,-55],[-55,0],[-219,47],[-84,33],[-180,90],[-135,138],[-101,-85],[-77,-16],[-78,31],[-152,100],[-25,-12],[177,-133],[40,-43],[-80,-16],[-145,-59],[-74,-60],[-135,-25],[-36,3],[-81,34],[-122,22],[-173,55],[34,-39],[193,-58],[21,-19],[-63,-49],[-183,3],[-101,-23],[50,-45],[77,41],[148,-7],[109,31],[139,17],[214,48],[45,54],[72,21],[161,16],[234,-15],[65,-51],[86,-36],[72,-41],[85,-13],[49,-54],[137,-61],[87,-13],[54,-29],[10,-176],[-23,-147],[-70,-33],[14,-78],[-18,-62],[-70,23],[-71,42],[-171,64],[-159,41],[-62,37],[-73,28],[-99,117],[-92,218],[-55,4],[-130,-40],[-29,-34],[-206,-48],[-75,-33],[-43,0],[-154,-49],[91,-27],[240,78],[113,8],[126,49],[73,-13],[42,-178],[-18,-47],[-145,-54],[-26,-16],[29,-29],[94,27],[60,29],[33,-11],[52,-44],[212,-92],[71,-38],[101,-36],[144,-69],[128,-35],[43,-89],[35,-10],[104,-6],[-18,-34],[-101,-78],[-66,-39],[8,-74],[22,-83],[40,114],[115,47],[72,-18],[27,-169],[-6,-71],[5,-147],[16,-32],[18,-132],[17,-41],[-35,-35],[-108,-16],[-43,18],[-108,-6],[-12,115],[-5,132],[-31,-33],[-28,-195],[-28,-35],[-85,9],[-132,0],[-158,65],[-62,58],[-54,88],[-33,82],[-13,76],[-38,63],[-63,47],[-75,40],[-86,29],[-75,39],[-66,46],[-71,37],[-79,25],[-111,12],[-162,-4],[-110,29],[-52,-18],[19,-43],[126,-19],[97,-5],[129,3],[79,-11],[29,-25],[31,-109],[-26,-50],[-141,-83],[-143,-51],[-48,-11],[-120,-3],[-91,4],[-120,26],[-210,8],[4,-36],[102,-34],[5,-34],[-32,-87],[-25,-27],[-132,-67],[-172,-54],[28,-8],[141,18],[179,-46],[143,2],[289,43],[43,-7],[39,-42],[-23,-25],[-67,-23],[-102,-24],[-87,-40],[-80,-57],[-23,-60],[83,-22],[38,28],[44,64],[40,38],[94,25],[114,-13],[89,15],[181,63],[33,4],[266,-37],[242,-70],[127,-26],[168,-15],[304,7],[27,-12],[-28,-46],[-51,-29],[-223,-64],[26,-49],[-76,-8],[-108,-32],[-88,2],[35,-72],[-11,-24],[-69,-19],[-104,20],[9,-69],[-25,-25],[-54,-20],[-98,-54],[-43,-16],[-110,-21],[37,-42],[-4,-17],[-61,-45],[-93,-29],[-28,-73],[-25,-24],[-88,-45],[-62,-22],[-69,-49],[-48,-16],[-114,-14],[-90,-32],[-63,-11],[-200,-57],[-94,-9],[-81,-20],[-167,-54],[-135,-38],[-60,-6],[-151,14],[-63,-25],[-48,-45],[-43,-3],[-136,36],[38,-56],[-1,-27],[-125,-36],[-65,12],[-86,30],[-110,64],[-135,95],[-65,33],[20,-61],[25,-29],[-9,-35],[-49,-14],[72,-93],[-3,-45],[-38,-42],[-59,-32],[-160,-106],[-45,-13],[-37,-33],[-65,-114],[-58,-56],[7,-22],[-37,-89],[-94,-145],[-75,-133],[-57,-63],[-52,3],[-72,-122],[-151,-96],[-39,-18],[-76,7],[-85,51],[-32,-12],[43,-114],[-64,-51],[-77,-45],[-115,-96],[-3,80],[-48,29],[-2,-41],[-35,-80],[-63,-26],[-37,8],[-45,55],[-58,-52],[-28,2],[-5,-44],[-27,-40],[-36,-17],[-51,1],[-31,-23],[-68,25],[-16,47],[70,92],[-11,33],[14,42],[103,134],[70,68],[-3,13],[-96,14],[-83,24],[-81,8],[-36,-8],[57,-39],[81,-38],[-74,-75],[-35,-105],[-24,-42],[-88,49],[-14,-38],[77,-52],[4,-78],[-147,-54],[-155,-9],[-111,-15],[-186,-19],[-73,0],[-6,-21],[209,-112],[-25,-33],[-38,-21],[-59,-71],[-32,-24],[-76,-33],[-141,37],[-73,-16],[-70,11],[-1,-40],[21,-30],[21,-74],[47,6],[59,23],[45,-56],[31,-95],[52,-47],[33,-72],[-33,-36],[-67,-48],[-76,-10],[4,-39],[-32,-27],[-70,8],[-66,28],[-137,11],[139,-75],[48,-35],[23,21],[47,4],[72,-19],[-12,-126],[34,-126],[-75,-61],[-1,-58],[-45,-16],[-48,4],[-3,-63],[-33,-40],[15,-46],[-56,-89],[-39,-43],[-156,5],[-59,56],[-26,-27],[55,-40],[102,-50],[-3,-35],[-27,-15],[-64,-96],[-50,-27],[-126,18],[-107,-5],[-37,8],[-3,-31],[133,-49],[107,-18],[-4,-35],[-27,-29],[15,-43],[-42,-151],[29,-59],[32,-28],[-3,-37],[14,-60],[-47,-53],[-39,1],[-57,-11],[-18,-24],[89,-22],[-8,-40],[-24,-50],[-27,-108],[-51,-185],[-24,-185],[-112,-151],[-49,-11],[-55,8],[-85,35],[-66,12],[-44,0],[-6,-17],[37,-28],[56,-12],[45,-19],[82,-17],[47,-70],[-3,-43],[14,-126],[-67,-82],[-101,6],[-18,13],[-98,41],[6,-19],[71,-56],[25,-28],[-45,-8],[-40,-19],[-72,10],[18,58],[-70,-20],[-39,4],[-24,72],[76,102],[19,40],[-17,19],[-42,-43],[-63,-109],[-27,-8],[-68,21],[-193,95],[3,105],[57,6],[77,47],[42,46],[33,82],[-111,-98],[-69,-32],[-33,-6],[-71,46],[-118,38],[-38,22],[-33,100],[42,121],[29,35],[19,41],[10,54],[-43,-4],[-12,-48],[-97,-47],[-98,-37],[-46,-36],[-53,-54],[-86,-3],[-34,-18],[-49,10],[-33,27],[-39,3],[-74,-11],[23,-63],[-97,-4],[-32,13],[-46,40],[13,30],[101,56],[47,32],[-31,11],[-97,-9],[-17,8],[-65,-5],[3,83],[-40,53],[-35,14],[-111,19],[-22,94],[-22,59],[-52,15],[-29,26],[33,60],[-25,14],[-34,81],[-5,31],[23,31],[63,33],[30,29],[72,25],[-61,18],[-66,-6],[-50,-55],[-94,-7],[-14,11],[-1,83],[39,51],[-45,25],[-41,8],[-90,49],[-85,68],[20,65],[1,62],[-14,27],[75,113],[97,87],[-102,-42],[-84,-92],[-17,-4],[-38,77],[-83,65],[-92,128],[-60,111],[-96,128],[-23,73],[30,90],[-34,63],[92,29],[130,33],[68,27],[122,13],[-49,24],[0,60],[-80,-51],[-120,-40],[-141,-34],[-34,0],[-42,63],[60,68],[44,92],[58,61],[42,7],[93,-8],[-4,53],[56,21],[66,9],[46,-7],[30,-41],[38,-79],[51,-26],[-3,37],[-26,49],[-10,73],[-60,47],[-75,-7],[-45,53],[-11,46],[-45,78],[-13,-18],[44,-140],[-20,-32],[-71,-51],[-79,-22],[28,98],[-40,-18],[-36,-35],[-13,-48],[-94,-153],[-28,-61],[-26,-30],[-31,-8],[-25,24],[-33,99],[2,165],[-12,70],[-38,165],[-8,59],[-65,31],[-30,76],[11,13],[111,58],[71,55],[85,86],[35,27],[125,21],[-48,20],[-112,-34],[-106,-96],[-107,-67],[-70,0],[-72,80],[-79,-15],[-70,18],[-11,109],[43,128],[-47,2],[-34,34],[-5,24],[116,61],[173,119],[155,90],[56,71],[128,68],[88,68],[-8,31],[-125,-86],[-59,-34],[-204,-156],[-87,-57],[-84,-70],[-80,-40],[-88,-11],[-42,-13],[-27,10],[-11,73],[5,87],[22,62],[51,84],[104,65],[26,46],[148,16],[39,-2],[35,20],[-58,17],[-119,-1],[-183,10],[-83,39],[-67,93],[27,118],[2,57],[86,50],[45,16],[65,38],[87,64],[103,38],[96,2],[162,-55],[83,-11],[74,13],[92,-19],[162,-79],[22,30],[-181,84],[1,25],[46,7],[22,39],[-120,-13],[-35,-20],[-117,-11],[-115,26],[-82,37],[-217,-50],[-150,-113],[-63,-25],[-44,9],[40,103],[13,76],[77,82],[48,92],[20,56],[90,-2],[155,-37],[129,-44],[94,-11],[63,-1],[27,14],[29,41],[6,34],[71,79],[13,37],[-15,21],[-83,-16],[-60,-75],[-59,-13],[-135,-19],[-61,-2],[-109,27],[-27,30],[-206,-8],[15,35],[42,37],[60,123],[49,31],[99,30],[103,-5],[178,-95],[54,-8],[49,7],[118,32],[64,52],[49,68],[-78,-22],[-75,-10],[32,124],[13,94],[11,23],[100,-7],[137,13],[32,30],[-56,12],[-26,27],[-107,-27],[-77,3],[7,41],[56,84],[28,117],[2,39],[29,39],[126,44],[3,18],[-54,69],[56,36],[-35,28],[-124,-23],[-104,35],[-28,-4],[-78,-39],[-285,43],[-109,70],[-153,81],[-115,32],[-140,22],[-84,20],[-41,30],[-125,117],[-10,26],[64,55],[61,20],[104,-6],[118,-27],[144,2],[99,-12],[135,-40],[212,-114],[88,-40],[39,-4],[159,-42],[90,20],[-15,26],[-70,9],[-133,84],[-6,62],[28,102],[-169,87],[34,17],[131,-27],[47,-3],[38,19],[-54,25],[-68,48],[-142,6],[-92,-5],[-121,43],[-40,6],[-82,-17],[-79,4],[-37,83],[76,90],[49,27],[267,61],[19,43],[-98,-24],[-156,26],[-175,-85],[-40,3],[-53,25],[-12,38],[59,27],[56,56],[-67,9],[-13,91],[-16,39],[-93,100],[-34,-16],[95,-98],[13,-78],[-82,-58],[-22,-49],[-39,-23],[-43,11],[37,-83],[-17,-41],[-47,-26],[-74,-21],[-127,-10],[-125,26],[-96,11],[-88,78],[-25,46],[0,40],[40,47],[34,118],[46,95],[118,98],[34,36],[-9,42],[-144,-120],[-89,-13],[-27,27],[24,59],[72,-4],[28,26],[-45,41],[-59,22],[49,30],[115,-2],[67,45],[45,43],[18,36],[1,108],[-44,58],[-71,30],[-21,-33],[-53,-18],[-129,47],[-8,65],[82,30],[53,63],[-12,84],[-39,38],[-100,-47],[-16,47],[-31,28],[-78,33],[-1,20],[48,105],[44,1],[-31,84],[-101,144],[-25,22],[-66,12],[-55,-15],[-183,-25],[86,48],[79,15],[23,36],[-5,112],[104,21],[32,21],[-91,55],[-119,50],[-68,91],[-101,65],[-153,58],[-52,41],[-97,108],[-107,46],[-13,20],[110,54],[11,21],[-91,114],[-193,46],[-124,59],[-93,23],[-155,61],[-240,64],[-170,51],[-84,4],[-163,35],[-136,12],[-112,0],[-62,35],[-97,21],[-50,-7],[-138,-76],[-40,-5],[-90,58],[-56,1],[-53,-32],[-126,-50],[-156,-26],[-70,8],[-102,59],[-88,-12],[-114,-50],[-139,49],[-70,-14],[8,-27],[130,-108],[-52,-6],[-451,61],[-57,15],[-152,60],[-117,58],[-91,32],[-38,41],[29,24],[182,77],[211,34],[8,38],[-186,-5],[-165,11],[-144,31],[-73,56],[5,31],[61,70],[-255,-113],[-119,39],[19,37],[-96,34],[-47,56],[100,63],[88,11],[323,22],[231,-21],[79,69],[53,22],[156,24],[239,3],[170,-14],[187,-51],[-22,70],[63,76],[-13,30],[-132,73],[-95,-7],[-186,-79],[-158,-15],[-107,15],[-82,31],[-67,-8],[-83,-54],[-129,-16],[-213,49],[-48,23],[-3,34],[-66,33],[-83,16],[153,77],[-102,1],[-68,-26],[-130,-6],[-95,14],[-129,54],[-142,22],[-177,92],[-70,44],[-9,24],[80,53],[-45,52],[12,23],[97,65],[127,30],[127,43],[87,13],[167,-3],[168,54],[150,33],[334,49],[-12,53],[222,59],[229,27],[77,22],[306,13],[117,-12],[93,9],[49,25],[138,104],[103,154],[111,256],[112,44],[97,18],[-124,23],[-150,-34],[-140,-3],[-142,-33],[-164,30],[-188,2],[-102,56],[-18,70],[67,83],[213,107],[248,62],[199,94],[126,80],[60,22],[214,35],[153,-27],[130,-79],[-60,123],[8,37],[75,39],[109,5],[212,-26],[142,-36],[68,12],[93,91],[21,72],[-35,218],[123,67],[140,40],[113,11],[280,-34],[110,-36],[180,-84],[120,-42],[196,-51],[219,-98],[70,7],[-175,86],[-233,81],[-128,56],[-201,104],[-154,39],[2,14],[186,55],[341,46],[385,37],[129,-4],[226,16],[21,22],[259,43],[154,-16],[99,-29],[107,-72],[31,-63],[-4,-239],[56,7],[96,70],[36,43],[39,104],[-59,51],[-3,81],[30,44],[84,0],[349,-151],[136,-32],[156,-81],[183,8],[168,-10],[111,16],[-52,33],[-239,92],[-109,73],[-76,90],[-18,49],[58,8],[267,-1],[401,-42],[513,-144],[252,-47],[452,-167],[192,-30],[67,43],[-35,158],[30,97],[105,68],[-30,64],[-85,44],[-332,113],[65,29],[100,8],[824,-27],[143,-10],[121,-28],[177,16],[-26,45],[-957,49],[-178,17],[-379,-19],[-90,3],[-116,58],[105,69],[257,-28],[101,37],[158,32],[157,11],[342,67],[63,6],[255,-20],[150,-53],[178,-29],[208,108],[113,36],[161,-21],[194,-59],[132,-18],[223,-109],[82,30],[35,70],[-207,61],[-71,46],[71,51],[120,-8],[123,52],[117,9],[123,-19],[148,6],[29,36],[394,1],[267,20],[183,-26],[100,1],[291,43],[779,-4],[255,-18]],[[43409,99325],[114,-50],[120,-35],[23,-53],[-10,-22],[36,-51],[-72,-71],[-224,-79],[-80,-13],[-196,-53],[-73,5],[-88,45],[-45,41],[9,16],[91,5],[79,17],[-43,26],[-119,36],[-124,8],[-81,21],[-45,34],[-18,29],[26,117],[18,30],[42,11],[103,-27],[14,11],[-112,43],[-42,26],[-19,68],[43,58],[113,38],[124,-12],[217,-47],[92,-50],[127,-122]],[[43995,99081],[-54,-22],[-22,22],[-35,112],[-4,76],[48,37],[92,-3],[89,-37],[-26,-32],[-54,-25],[-34,-128]],[[43135,100006],[-32,-4],[-92,32],[-21,26],[33,50],[55,46],[40,9],[49,-69],[1,-44],[-33,-46]],[[42629,101093],[-173,-139],[-87,31],[-53,32],[-70,0],[-26,31],[76,39],[111,8],[82,-4],[76,33],[64,-31]],[[36950,103908],[-121,-5],[-120,24],[-41,19],[20,38],[118,13],[224,-46],[-11,-24],[-69,-19]],[[46092,106864],[-69,-11],[-144,66],[-229,65],[-202,44],[-189,115],[12,77],[165,5],[133,17],[337,-72],[168,-60],[57,-49],[-9,-99],[-30,-98]],[[52720,99932],[14,-54],[-26,-34],[42,-54],[-19,-25],[-136,-33],[-38,-16],[-105,-74],[-42,35],[-90,26],[-171,-14],[-270,-47],[-36,8],[-11,29],[33,63],[46,16],[31,44],[-10,48],[11,67],[32,10],[78,-23],[141,-9],[120,9],[97,27],[177,77],[31,-1],[40,-41],[61,-34]],[[55028,106716],[-125,-12],[-192,102],[-5,54],[100,28],[172,-108],[50,-64]],[[55387,105461],[-144,-71],[-214,6],[-126,32],[-36,50],[48,55],[153,44],[193,27],[174,-16],[24,-55],[-72,-72]],[[54915,104311],[-45,-21],[-57,153],[-7,98],[70,50],[60,0],[-6,-132],[24,-60],[-39,-88]],[[55056,103112],[-39,-16],[-132,257],[9,164],[60,5],[51,-38],[24,-148],[27,-224]],[[55255,102718],[39,-127],[42,-38],[90,6],[37,-71],[-66,-28],[-262,11],[-109,-5],[-75,44],[12,153],[76,44],[62,-39],[154,50]],[[55271,104106],[-91,16],[108,120],[76,-2],[14,-47],[-31,-48],[-76,-39]],[[48764,96585],[-53,0],[-18,48],[5,54],[61,16],[32,-36],[-27,-82]],[[45614,93635],[-39,-76],[-40,17],[-19,34],[-80,24],[134,80],[65,22],[-21,-101]],[[43769,99890],[-152,11],[5,60],[46,5],[116,-52],[-15,-24]],[[59136,94271],[-16,-23],[-59,44],[17,35],[44,-21],[14,-35]],[[59109,94047],[-24,4],[-40,51],[-14,43],[54,-11],[23,-56],[1,-31]],[[58943,94478],[42,-41],[-18,-16],[-47,-1],[-43,18],[-14,41],[64,6],[16,-7]],[[59133,94533],[-9,-83],[-57,28],[-5,-27],[39,-65],[-29,-8],[-69,72],[-55,119],[73,19],[53,-31],[59,-24]],[[59210,94553],[-17,-46],[-36,24],[2,81],[51,-59]],[[65681,90532],[2,-62],[-23,-30],[-63,-30],[-26,-31],[-10,-45],[20,-32],[38,-18],[9,-61],[-31,-31],[-79,-31],[-8,-73],[1,-100],[-7,-58],[-64,-27],[-41,89],[0,35],[-29,133],[-85,18],[-41,-7],[-39,78],[6,85],[-21,43],[-2,41],[-39,27],[-10,48],[24,12],[60,-6],[33,13],[48,79],[5,39],[51,9],[24,-31],[-2,-111],[44,-19],[39,123],[-23,45],[59,52],[61,41],[35,2],[88,-35],[10,-20],[-28,-71],[14,-83]],[[64352,89984],[-11,89],[-23,55],[34,13],[-7,108],[-12,55],[-92,57],[-73,56],[17,187],[7,50],[-27,98],[3,113],[11,177],[40,6],[65,-31],[28,-4],[41,-40],[15,31],[6,51],[52,67],[61,37],[45,-57],[19,192],[-49,20],[-40,-17],[-40,-81],[-35,-100],[-58,-9],[-46,-29],[-69,56],[6,61],[49,82],[65,79],[66,-1],[48,25],[118,-2],[46,17],[41,36],[90,153],[50,64],[101,22],[93,73],[-30,-107],[31,-71],[-6,-43],[2,-84],[-30,-45],[-33,-93],[-15,-14],[0,-135],[-4,-100],[34,-41],[36,-21],[122,1],[27,-49],[-23,-92],[-36,-33],[-45,-25],[-28,-1],[-38,47],[-37,-39],[-31,-129],[-15,-87],[-57,7],[-39,-21],[41,-50],[-42,-34],[-43,-62],[-38,-31],[-24,-40],[27,-141],[-9,-38],[-48,-55],[-17,-48],[41,1],[24,-11],[30,-35],[-9,-24],[11,-64]],[[65026,90423],[59,-179],[-12,-32],[8,-41],[-8,-43],[-55,-51],[-62,-2],[-64,24],[-91,47],[-20,41],[-24,79],[1,99],[46,12],[99,47],[47,-31],[28,-2],[48,32]],[[65269,89977],[61,-38],[41,2],[28,-16],[9,-80],[-30,-16],[-32,6],[-44,-21],[-143,90],[7,104],[68,7],[35,-38]],[[65055,89890],[-14,-4],[-23,66],[39,69],[41,56],[21,6],[-64,-193]],[[65675,90023],[-13,-9],[-53,7],[-59,-43],[-22,14],[15,37],[50,41],[36,-6],[46,-41]],[[65715,90415],[-32,-27],[-18,38],[27,41],[23,-52]],[[64970,89950],[-22,-7],[-26,14],[-43,51],[17,5],[50,-32],[24,-31]],[[64826,89974],[-35,-9],[-52,21],[-12,95],[21,0],[57,-45],[21,-62]],[[65012,90531],[-27,1],[6,76],[-10,32],[11,20],[39,-71],[-19,-58]],[[65164,91444],[-14,-15],[-47,21],[21,28],[51,13],[31,-4],[-42,-43]],[[66540,90058],[-12,-10],[-57,17],[-68,43],[10,85],[18,36],[125,-95],[1,-35],[-17,-41]],[[67177,86069],[-24,65],[-58,19],[-38,30],[-42,11],[-38,-38],[-50,1],[-55,10],[-80,67],[-42,-2],[-35,16],[-67,44],[-31,10],[-51,-17],[-33,32],[-32,-9],[-9,-96],[-8,-35],[-34,1],[-39,-63],[-6,-46],[-69,17],[-41,-31],[-61,2],[-48,15],[-20,56],[-59,46]],[[72993,77665],[-13,-5],[-34,23],[-26,-28],[-39,-19],[-51,12],[-21,-20],[-3,60],[-25,38],[-46,-4],[-19,10],[-40,-17],[-54,-36],[-16,1],[-51,35],[-3,16]],[[72552,77731],[20,-7],[37,13],[16,60],[5,70],[62,-20],[63,-10],[52,-4],[50,12],[156,74],[44,44],[75,52],[49,21],[-32,-43],[-177,-187],[-12,-55],[8,-39],[25,-47]],[[72993,77665],[15,-47],[-38,-11],[-81,-1],[-64,-102],[-33,-34],[-41,-21],[-62,-13],[-30,-37],[-6,-42],[-23,4],[-9,37],[-16,16],[-60,-7],[-83,50],[-12,30],[-33,109],[-6,80],[32,-20],[28,24],[28,41],[33,17],[20,-7]],[[33481,70274],[90,-29],[72,8],[31,-1],[32,-43],[12,-3],[46,22],[123,8],[33,-53],[63,-45],[34,-6],[34,9],[31,-4],[40,-41],[12,-5],[36,12],[-11,-38],[59,-52],[44,-103],[31,-42],[62,-64],[31,-12],[96,5],[23,-3],[40,-20],[11,6],[185,-160],[59,-86],[36,-44],[78,-64],[31,-15],[13,23],[-22,36],[26,2],[52,-72],[15,-27],[53,-43],[-12,-28],[-22,-2],[-42,11],[33,-47],[6,-33],[15,-3],[38,69],[58,-82],[31,-36],[-10,-43],[34,20],[27,-14],[13,-35],[33,-8],[33,2],[67,-30],[63,-57],[60,-13],[60,-2],[30,-31],[13,-40],[-22,-60],[21,-38],[-48,-16],[-7,-23],[13,-37],[27,11],[40,-11],[64,-8],[42,7],[87,-26],[26,-14],[52,-48],[24,-31],[51,-86],[43,-33],[38,-8],[14,5],[23,-21],[10,-38],[-6,-38],[-33,-56],[-55,-3],[-76,-10],[-73,-35],[-53,-46],[-38,-16],[-2,32],[-19,3],[-14,-22],[-25,-19],[-89,-1],[-36,26],[-36,17],[-135,18],[-32,-2],[-89,-18],[-91,-10],[-75,-30],[-72,0],[-85,-19],[-86,-4],[54,140],[117,136],[21,29],[16,38],[-2,52],[-27,42],[-14,52],[-40,18],[-41,11],[-43,0],[-90,15],[-48,1],[-40,29],[-68,102],[-31,29],[-29,50],[-16,151],[-13,73],[-21,63],[-31,48],[-33,16],[-124,-41],[-29,6],[-217,112],[-78,54],[-32,26],[-27,38],[-28,63],[-31,55],[-5,-37],[-158,-6],[-25,12],[-28,38],[-9,45],[-14,38],[-13,-78],[-21,-20],[-24,-4],[-29,50],[-128,10],[-54,56],[-35,60],[35,21],[74,28],[25,42],[-7,36],[-14,26],[-32,24],[-22,4],[-285,7],[-42,-59],[-50,-50],[-46,-80],[-51,-51],[-30,-50],[-36,-22],[-39,13],[-30,-18],[-72,-6],[-21,-48],[-13,-70],[-11,-22],[-36,-9],[-35,-20],[-71,-66],[-19,-9],[4,48],[-4,48],[-19,1],[-42,-21],[-35,-35],[-19,-9],[-16,17],[3,24],[118,85],[13,6],[41,-3],[16,24],[-19,112],[7,77],[28,59],[54,89],[26,30],[269,187],[27,10],[175,38],[26,12],[82,56],[84,22],[90,-16]],[[34903,69522],[-14,-19],[-15,27],[-23,14],[-27,30],[-6,32],[49,-3],[48,-18],[-12,-63]],[[34781,69728],[-52,23],[-32,64],[42,5],[19,-28],[11,-50],[12,-14]],[[34576,69894],[46,-13],[32,10],[16,-5],[23,-52],[-36,-6],[-12,9],[-42,3],[-43,27],[16,27]],[[34832,69631],[-12,-2],[-34,26],[-10,22],[12,29],[39,-21],[17,-41],[-12,-13]],[[33235,69286],[-32,-33],[-68,-47],[-36,-1],[-37,17],[-25,39],[-15,38],[44,-27],[28,26],[-38,124],[2,26],[30,68],[80,-21],[14,-11],[11,-43],[18,-34],[21,-90],[3,-31]],[[34330,69964],[0,-16],[-59,45],[-26,48],[7,11],[78,-88]],[[67878,83753],[-58,9],[-17,20],[-3,39],[-12,30],[-28,32],[-60,5],[-69,30],[-50,-9],[-48,14],[-42,-40],[-21,0],[-42,50],[-12,3],[-37,-25],[-98,29],[-17,-8],[-29,9],[-70,65],[-43,-49],[-89,12],[-27,-34],[-30,-64],[-24,-31],[-46,39],[-45,73],[-47,16],[-34,-22],[-18,-201],[0,-56],[49,-52],[58,-90],[18,-10],[9,-29],[29,-161],[56,-96],[72,-91],[42,-84],[126,-162],[57,-30],[8,-15],[1,-63],[6,-24],[37,-66],[76,-97],[11,-39],[-25,-26]],[[67392,82554],[-16,15],[-71,95],[-68,60],[-77,112],[-104,45],[-70,49],[-90,-23],[-49,8],[-15,31],[-1,55],[-40,49],[-57,46],[-53,61],[-107,164],[-21,52],[54,20],[29,0],[5,24],[-38,35],[-99,136],[-29,65],[-4,69],[8,95],[-18,68],[-76,88],[-28,46],[-56,28],[-25,-3],[-15,-34],[-11,-76],[-49,-101],[-43,-101],[-36,2],[-40,95],[-39,73],[-9,76],[-29,155],[20,22]],[[67074,82591],[63,-18],[46,8],[42,-11],[-1,-30],[-39,8],[-43,-20],[-38,10],[-25,30],[-5,23]],[[67259,82670],[-24,-5],[-152,4],[-43,13],[-60,43],[49,10],[46,-10],[15,-24],[123,-19],[46,-12]],[[67120,82761],[-54,-2],[-47,11],[-23,19],[9,44],[52,-3],[79,-19],[20,-23],[-36,-27]],[[66446,83821],[-42,-14],[-25,44],[-35,5],[-25,40],[29,30],[16,48],[58,-99],[24,-54]],[[66453,83685],[-52,7],[4,48],[22,-2],[26,-53]],[[66575,83422],[-9,-16],[-85,109],[-20,83],[15,-5],[37,-48],[36,-61],[44,-53],[-18,-9]],[[66575,83165],[-18,-9],[-83,136],[21,-6],[80,-121]],[[66336,83623],[-23,7],[-10,55],[-30,112],[13,50],[-19,77],[25,14],[3,-53],[9,-31],[25,-38],[-5,-63],[12,-130]],[[67400,82449],[47,-42],[-137,55],[30,7],[60,-20]],[[67710,82241],[-62,58],[-59,67],[-115,100],[-82,25],[-111,82],[-73,29],[60,7],[172,-109],[-19,29]],[[67421,82529],[25,11],[21,-8],[13,-36],[69,-64],[28,-31],[61,-57],[45,-25]],[[60333,59049],[-46,16],[11,21],[44,-12]],[[59510,62364],[21,-42],[27,-27],[42,3],[29,-16],[26,-33],[18,-70],[18,-51],[9,-72],[29,-38],[24,-17],[31,-53],[33,-27],[34,7],[15,-28],[26,-19],[25,-1],[22,60],[29,24],[104,71],[30,13],[71,5],[99,-26],[23,8],[22,-29],[21,-61],[37,-40],[30,-95],[29,-67],[17,-1],[24,35]],[[60365,59076],[-51,45],[5,90],[-29,-8],[-25,-108],[-12,-19],[-179,56],[-38,44],[-47,11],[-81,-6],[-67,-13],[-18,-27],[168,16],[27,-19],[-214,-36],[-80,-21],[-24,5],[-19,35],[-88,4],[-19,-11],[-11,-26],[35,6],[55,1],[15,-19],[-171,-26],[-120,-49],[-216,-154],[-101,-56],[-27,-21],[-46,-58],[-59,-37],[-67,-68],[-40,-15]],[[33126,60901],[-23,70],[-32,65],[-29,40],[-2,95],[-11,52],[-42,47],[-35,33],[-27,-7],[16,-54],[43,-70],[2,-63],[-29,6],[-27,15],[-31,4],[-20,22],[-45,83],[32,71],[9,47],[-1,97],[-7,46],[-33,72],[-55,78],[-76,64],[-35,52],[-89,39],[-33,26],[-27,49],[-4,35],[9,54],[-24,68],[-106,134],[-59,50],[-22,38],[9,-93],[26,-55],[67,-53],[19,-30],[7,-39],[-39,-76],[-19,-19],[-6,-41],[-13,-13],[-14,24],[-55,118],[-105,57],[-20,35],[-39,108],[-18,99],[6,66],[44,103],[14,44],[-2,68],[-16,29],[-41,36],[-25,30],[7,15],[46,39],[3,48]],[[32866,62669],[18,-64],[4,-49],[44,-167],[35,-94],[75,-170],[33,-31],[56,-137],[18,-23],[11,-40],[58,-33],[16,-24]],[[69569,49138],[-13,-12],[-9,-57],[-23,-19],[-47,4],[-47,18],[-32,5],[-22,-4],[-83,-61],[-28,-8],[-89,5],[-50,12],[-36,3],[-26,-20],[-32,-44],[-26,-25],[-13,3],[-17,45],[-4,67],[-13,76],[9,38],[26,29],[9,57],[-8,87],[0,61],[6,35],[-9,86],[-26,135],[-38,111],[-48,85],[-31,82],[-14,77],[5,187],[26,295],[-3,219],[-33,142],[-7,153],[19,164],[2,112],[-12,57],[-19,15],[-191,13],[-199,4],[-16,20],[-8,39],[0,38],[22,116],[-3,9],[-37,3],[-100,-19],[-66,-19],[-42,-6],[-73,-31],[-45,-68],[-15,-83],[1,-69],[-2,-51],[-21,-52],[-17,-61],[0,-32],[-10,-162],[-67,-22],[-83,3],[-84,38],[-31,0],[-26,-20],[-101,-34],[-49,-48],[-13,-4],[-32,25],[-46,-3],[-69,-17],[-14,14],[-99,281],[-32,101],[-30,61],[-27,65],[-12,63],[5,59],[-16,79],[-36,100],[-24,96],[-12,91],[-2,79],[5,65],[-6,47],[-20,32],[-11,38],[-24,54],[-36,41],[-39,21],[-201,1],[-218,-6],[-116,-4],[-31,-6],[-89,-2],[-143,22],[-73,1],[-39,-4],[-103,-1],[-16,-11],[-40,16],[-39,-5]],[[65852,52248],[-22,17],[-49,-11],[-23,-14],[-38,-52],[-57,-27],[-35,11],[-33,57],[-35,84]],[[65560,52313],[14,8],[79,17],[6,14],[5,169],[2,171],[-25,48],[42,47],[35,56],[53,105],[77,53],[6,10]],[[65854,53011],[5,21],[16,-2],[29,-63],[53,-76],[13,-5],[47,49],[37,22],[8,21],[11,145],[21,13],[35,-31],[21,0],[35,41],[30,11],[32,26],[31,34],[14,3],[29,-75],[2,-19],[-28,-84],[12,-60],[3,-93],[17,-21],[33,6],[26,-18],[25,2],[25,22],[45,87],[66,152],[55,95],[43,39],[30,45],[15,53],[25,35],[53,29],[40,31],[40,105],[54,187],[24,269],[-5,352],[-4,115],[8,63],[20,43],[55,92],[36,75],[28,88],[54,200],[34,93],[32,54],[45,47],[59,40],[90,139],[72,141],[-10,168],[16,140],[40,178],[12,188],[-13,199],[6,161],[37,190],[16,70],[5,114],[-1,183],[48,249],[45,150],[51,166],[44,236],[-4,108]],[[67742,58049],[-5,125],[13,171],[-5,101],[-18,87],[10,56],[36,22],[44,87],[81,229],[87,111],[61,35],[63,-3],[41,-20],[20,-36],[47,-54],[76,-72],[57,-89],[32,-89],[25,-49],[30,-17],[50,7],[55,-21],[58,-50],[35,-19],[14,13],[28,-7],[64,-42],[51,24],[75,-18],[175,-74],[29,46],[38,147],[32,91],[15,34],[37,48],[44,12],[42,-4],[67,-46],[36,0],[36,24],[54,43],[57,28],[129,86],[32,25],[40,10],[112,-50],[72,33],[29,-10],[64,36],[11,23],[40,121],[43,34],[64,-17],[36,-19],[121,-51],[156,-53],[65,-15],[17,8],[51,68],[32,8],[98,-55]],[[71291,54200],[1,-49],[46,-97],[24,-61],[1,-53],[-6,-139],[3,-70],[0,-130],[-2,-92],[4,-48],[37,-115],[16,-126],[8,-93]],[[65929,57232],[163,-3],[176,2],[67,-4],[32,28],[31,-42],[20,-5],[12,-30],[38,3],[9,-42],[36,1],[32,-7],[20,20],[15,-6],[46,-50],[27,8],[63,-4],[48,-22],[47,-61],[32,-36],[29,-51],[26,30],[0,44],[-16,75],[-6,65],[3,53],[12,38],[21,23],[2,40]],[[66914,57299],[98,349],[-4,40],[8,127],[-2,40],[7,27],[25,158],[14,26],[22,19],[30,0],[82,13],[101,38],[47,41],[18,3],[16,-17],[92,-48],[25,-19],[79,-1],[17,-32],[54,50],[53,26],[9,-11],[18,-59],[19,-20]],[[65854,53011],[-35,52],[-31,66],[-28,9],[-27,-24],[-26,-38],[-48,-35],[-40,-20],[-14,-65],[-13,-26],[-35,-8],[-43,-108],[-21,-32]],[[65493,52782],[-42,86],[-25,68],[-13,50],[-1,68],[-38,82],[-93,145],[-10,43],[-80,134]],[[76565,48387],[17,-86],[-1,-64],[-7,-21],[-15,14],[-28,51],[-54,50],[54,4],[12,44],[22,8]],[[76330,48247],[24,-39],[-67,16],[-11,60],[25,-5],[29,-32]],[[76220,48499],[-7,-8],[-31,35],[-18,8],[-26,57],[10,199],[15,36],[15,4],[17,-25],[-4,-128],[23,-86],[14,-68],[-8,-24]],[[38585,56649],[-65,-28],[-10,20],[2,119],[-1,133],[-9,54],[-69,204],[-11,34],[-16,19],[-35,-5],[-37,-46],[-35,-70],[-35,-82],[-21,-19],[-38,-4],[-15,22],[-33,104],[-22,20],[-9,-19],[-12,-69],[27,-78],[-171,0],[-219,0],[-26,3],[-25,20],[-38,8],[-24,-20],[-31,-2],[-20,-19],[-17,2],[0,-402],[18,11],[27,-12],[33,9],[52,-9],[9,-12],[28,16],[35,-31],[22,-72],[11,-22],[-5,-94],[7,-44],[-44,-9],[-7,16],[-18,-1],[-39,49],[-19,-9],[-38,-35],[-12,4],[-45,-36],[-85,-18],[-5,-348],[0,-98],[9,-35],[41,-75],[33,-41],[27,-43],[27,-19],[19,-44],[7,-54],[-10,-50],[13,-47],[13,-75],[33,-51],[-1,-57],[17,-65],[-6,-31],[-6,-110],[-14,-124],[-26,-250],[-17,-180],[-23,-219],[-21,-217],[-40,-400],[-33,-335],[-7,-22]],[[34497,56793],[-10,43],[-47,62],[23,79],[57,60],[74,-46],[8,93],[-26,83],[4,155],[28,73],[40,37],[25,-15],[16,32],[60,-14],[19,13],[27,37],[18,38],[20,59],[20,-5],[14,43],[36,57],[-11,80],[3,21],[46,22],[13,52],[35,113],[21,4],[11,78],[27,69],[57,204],[-17,-5],[-13,-27],[-34,19],[5,92],[-10,11],[-27,-71],[-23,72],[-2,44],[9,43],[-1,29],[-38,-22],[1,28],[24,27],[11,30],[21,31],[8,47],[5,74],[10,80],[-18,72],[-10,148],[2,86],[-4,67],[-10,58],[-45,75],[72,86],[25,65],[-32,134],[-43,112],[-1,68],[25,-6],[13,142],[-2,44],[-24,71],[-30,2],[-26,89],[-15,21],[-12,56],[-42,110],[-33,57]],[[35003,61266],[11,-13],[28,-89],[45,-58],[47,-93],[19,-64],[29,-36],[-21,-35],[-4,-37],[20,-34],[27,8],[15,44],[-10,191],[-16,96],[-35,68],[11,28],[30,14],[38,33],[141,183],[48,172],[37,62],[42,40],[51,-10],[40,22],[11,55],[-10,74],[-15,45],[14,65],[16,98],[-2,83],[20,49],[-7,19],[-29,-40],[-9,16],[40,81],[20,124],[16,52],[57,72],[11,35],[43,54],[68,117],[26,32],[133,-76],[-13,-33],[-8,-45],[19,-46],[21,-14],[17,30],[18,86],[26,95],[7,99],[20,35],[28,12],[52,-20],[38,-20],[41,-3],[124,15],[201,259],[94,55],[59,55],[37,106],[10,80],[28,31],[29,0],[18,43],[69,69],[40,9],[35,-1],[80,-60],[36,-106],[6,-74],[-50,-79],[-12,-35]],[[34752,57468],[-10,-14],[-17,25],[-6,31],[10,23],[15,-8],[8,-57]],[[101705,71102],[-12,-38],[-20,6],[-5,35],[10,32],[27,-35]],[[102960,75446],[-29,-17],[-88,53],[-63,59],[-37,70],[-6,30],[44,-5],[43,-26],[9,-39],[29,-35],[79,-52],[19,-38]],[[103107,74497],[-5,-12],[-42,35],[-46,8],[-15,31],[-3,49],[48,-1],[59,-45],[13,-23],[-9,-42]],[[103065,74320],[-44,35],[6,24],[20,5],[18,-64]],[[103144,74452],[-13,-24],[-11,51],[23,10],[1,-37]],[[102263,71698],[-25,-28],[-16,13],[0,38],[8,35],[-10,25],[9,30],[19,9],[21,-39],[-10,-51],[4,-32]],[[99045,68988],[13,-21],[33,15],[6,-40],[-12,-31],[-27,24],[-49,-4],[-5,16],[15,30],[26,11]],[[102751,73331],[-41,-14],[1,44],[25,43],[15,-36],[0,-37]],[[100126,70051],[-44,33],[13,29],[31,-62]],[[99865,69305],[-16,9],[-11,50],[24,46],[28,-12],[-21,-36],[-4,-57]],[[99815,69328],[-33,-13],[4,34],[30,23],[-1,-44]],[[95891,69283],[3,8],[-9,103],[-35,-6],[-62,-50],[-55,-94],[-25,-20],[-24,-9],[-62,27],[-46,-24],[-23,11],[-20,48],[6,36],[-4,27],[-40,26],[-13,36],[-5,39],[8,103],[-11,25],[-110,38],[-70,13],[-29,-6],[-37,16],[-8,41],[24,111],[33,79],[0,118],[16,85],[28,64],[13,19],[-14,54],[-42,31],[-41,4],[-57,18],[-65,37],[8,73],[-2,45],[-8,37],[-21,50],[13,64],[-16,71],[-36,64],[-2,40],[8,36],[46,79],[-24,16],[-62,-29],[-6,18],[-22,11],[-45,2],[-53,-6],[-67,-28],[-61,-49],[-28,-34],[-43,-28],[-22,15],[1,49],[42,88],[6,61],[-13,52],[-1,41],[-15,27],[-20,14],[-11,29],[-1,87],[18,89],[48,42],[5,17],[-9,62],[1,40],[18,76],[18,59],[33,-10],[32,35],[18,36],[12,40],[15,97],[10,15],[42,-17],[13,12],[24,56],[21,69],[32,22],[23,2],[10,23],[-1,33],[-21,54],[-9,42],[3,27],[30,15],[8,31],[-5,68],[13,81],[8,96],[3,126],[-8,161],[-14,90],[2,34],[-2,109],[-8,94],[-50,47],[-33,-5],[-20,-63],[-17,7],[-21,70],[-37,190],[-11,108],[-26,43],[-30,63],[-24,31],[-33,-4],[-25,70],[-32,30],[-21,-5],[-36,-97],[-38,-84]],[[92648,73128],[4,102],[-13,17],[-81,44],[-32,35],[-16,-4],[-51,-60],[-19,-3],[-39,35],[-65,28],[-29,4],[-52,-4],[-43,6],[-6,24],[9,60],[-5,17],[-83,36],[-42,6],[-28,-11],[-28,-23],[-23,-43],[-33,-18],[-39,-31],[-19,-30],[-29,-63],[-80,-154],[-21,-74],[-26,-46],[-26,-33],[-19,-92]],[[87930,77933],[-25,-10],[-52,-5],[-43,2],[-122,48],[-72,38],[-38,30]],[[86819,78880],[-56,72],[-2,12],[64,49],[57,34],[15,-26],[24,-15],[18,4]],[[103812,80732],[-32,-49],[-56,-52],[-117,-12],[-38,37],[-24,-59],[-30,-12],[-49,-3],[-27,-22],[-14,-25],[-67,-8],[-24,-34],[-41,-11],[-172,-146],[-38,-61],[-35,-72],[-48,-61],[-40,-35],[-41,8],[-23,-5],[-15,-30],[13,-38],[-7,-17],[-45,-21],[-68,-14],[-53,-48],[-14,51],[-6,66],[54,25],[142,92],[-18,70],[45,78],[9,33],[-93,-16],[-81,7],[9,42],[-11,57],[47,47],[38,12],[-15,71],[15,56],[97,66],[23,60],[38,55],[72,138],[25,88],[3,26],[-33,38],[-13,53],[-96,96],[-8,81],[-9,-3],[-15,-57],[-12,-19],[-44,-2],[-22,22],[-123,14],[-30,-37],[-28,-57],[-28,-41],[-28,-21],[-24,-38],[-99,-222],[-38,-17],[-177,-134],[-88,-53],[-69,-93],[-44,-119],[-12,-95],[-63,-115],[-44,-35],[-54,-4],[-43,10],[-53,-36],[-59,-31],[-52,78],[-36,20],[-60,-22],[-27,-35],[-58,-174],[-21,-101],[1,-41],[34,-125],[38,-70],[84,-79],[181,-56],[42,20],[45,0],[48,-52],[30,-86],[3,-79],[18,-47],[-34,-37],[-12,-92],[-1,-101],[16,-33],[38,-48],[60,-38],[56,-9],[105,19],[44,61],[-1,60],[93,90],[53,79],[-19,35],[38,14],[130,83],[102,-68],[58,-78],[57,-13],[40,-39],[46,-35],[61,-2],[51,-7],[31,52],[17,-4],[21,-41],[57,-32],[53,2],[37,11],[23,-15],[-32,-52],[4,-85],[-24,-27],[-24,-43],[27,-41],[-1,-34],[-22,-20],[-39,-51],[-34,10],[-14,48],[-13,20],[-39,7],[-39,-6],[-90,-77],[-88,-61],[-91,-48],[-32,-31],[-21,-8],[-38,23],[-28,-18],[29,-42],[4,-58],[-16,-12],[-24,19],[-22,-26],[-10,-46],[0,-107],[-15,-24],[-41,-13],[-43,-34],[-21,35],[5,49],[-6,24],[-50,-16],[-29,-52],[29,-63],[29,-6],[6,-14],[-22,-31],[-56,-46],[-26,-74],[-38,-60],[-51,-35],[-37,-74],[-28,-69],[-33,-35],[-27,-117],[-46,-63],[-18,-101],[13,-63],[51,1],[26,-22],[53,-82],[64,-54],[65,-30],[82,-75],[22,-32],[19,-66],[35,-188],[26,-92],[1,-49],[38,-92],[41,-158],[46,-136],[9,-108],[-15,-49],[0,-64],[47,-58],[103,-68],[37,-54],[1,-102],[29,-53],[63,-44],[26,-36],[28,-58],[9,-52],[2,-70],[-34,-2],[-29,8],[-112,91],[-29,3],[-41,-14],[-59,17],[-62,101],[-45,31],[-48,15],[-114,-86],[-29,6],[-22,-25],[53,-18],[53,28],[52,42],[74,-22],[13,-38],[12,-65],[51,-43],[40,-19],[51,-57],[50,-88],[106,-103],[43,-97],[16,-63],[15,-90],[-37,-29],[-83,-19],[-37,-31],[-37,-56],[-107,-88],[-34,-103],[-25,-23],[-66,22],[-62,-2],[-69,-64],[5,-13],[32,-10],[48,34],[47,-105],[93,17],[87,88],[33,1],[28,-13],[32,-35],[83,-153],[46,-17],[45,-36],[48,-15],[-61,-56],[-78,-122],[-35,-29],[-23,-32],[63,16],[45,58],[22,15],[18,-14],[9,-72],[-16,-220],[-23,-4],[-21,60],[-25,19],[-21,-13],[-42,0],[-29,-65],[25,-8],[49,-67],[5,-36],[-13,-22],[-35,9],[42,-50],[-11,-51],[-13,-21],[-24,-13],[-16,-45],[22,-75],[22,-96],[2,-46],[-34,20],[-53,-58],[-28,-6],[-19,78],[-24,-13],[-16,-22],[-22,-83],[-26,-74],[-22,-21],[-50,4],[5,-21],[24,-24],[0,-29],[-50,-91],[-7,-65],[-26,-37],[13,-61],[-7,-43],[-22,-59],[-25,-39],[-29,-62],[-36,-36],[-48,-131],[-14,-66],[-3,-67],[-41,-53],[-29,15],[-1,45],[-12,4],[-10,67],[-35,-43],[-43,35],[1,-34],[17,-67],[30,-8],[20,-39],[33,-132],[-29,-21],[-36,-39],[-42,-68],[-36,-46],[-51,5],[-27,27],[-32,10],[42,-91],[23,-17],[30,4],[28,34],[40,-3],[10,-53],[-10,-60],[-22,-76],[-5,-67],[27,-96],[-8,-43],[-32,25],[-27,32],[-27,-9],[-27,14],[-29,-11],[-11,-22],[8,-37],[25,-30],[15,-47],[-18,-16],[-72,11],[-16,-8],[-21,-52],[14,-76],[-16,-46],[-30,-11],[-38,-39],[-24,-9],[27,-55],[-21,-78],[-33,-25],[-51,13],[-40,-18],[-34,33],[-36,1],[-26,-42],[-2,-48],[-56,-5],[13,-48],[49,-11],[10,-33],[1,-50],[-52,-86],[-22,-59],[-33,2],[-25,-47],[-14,-64],[-16,13],[-39,-10],[-11,-31],[10,-34],[-16,-72],[-16,-20],[-13,75],[-14,3],[-22,-42],[-26,-30],[-23,-12],[-17,27],[-42,15],[-16,-120],[-62,-78],[6,-31],[-10,-31],[-28,-6],[-16,-24],[-7,-108],[-17,-37],[-43,-3],[-32,25],[-15,-39],[-17,-19],[-32,-5],[-72,-49],[-72,32],[-27,-17],[-21,-66],[-40,0],[-31,35],[-33,26],[-35,-22],[-27,-45],[-33,-15],[-7,-29],[-14,-13],[-35,5],[-14,71],[-20,10],[-20,-36],[-17,-48],[4,-57],[-20,-1],[-26,34],[-27,7],[-25,-32]],[[100369,69888],[-27,14],[-23,0],[-24,-13],[-12,-19]],[[100283,69870],[-28,11],[-36,48],[-25,78],[-32,42],[-14,38],[-11,98],[11,67],[-34,-16],[-25,-30],[5,-36],[-7,-34],[-38,-18],[5,-29],[30,-47],[6,-39],[35,-82],[0,-119],[12,-33],[-13,-78],[-8,13]],[[100116,69704],[-16,-31]],[[100100,69673],[-38,-19],[-35,-48],[-40,-8],[-20,83],[-28,-56],[-8,-112],[-27,-35],[-33,39],[-50,-53],[-26,-51],[-31,25],[-40,62],[4,-72],[-29,-37],[-37,14],[-58,49],[-28,4],[-5,-45],[-19,-37],[-33,1],[-32,-69],[-27,-30],[-72,-15],[-25,-31],[-33,5],[-41,-5],[-29,16],[-7,-50],[-40,-21],[-37,-6],[-41,-67],[-28,-41],[-22,-4],[-16,15],[-8,60],[-20,-96],[-15,-26],[-47,-58],[-13,-58],[9,-53],[63,-13],[8,-30],[-21,-43],[-4,-30],[67,-95],[2,-37],[-24,-65],[-35,-37],[-76,-20],[-63,20],[-18,43],[0,30],[34,-6],[-13,44],[-29,25],[-24,67],[5,55],[-13,44],[-28,57],[-7,27],[13,84],[-8,49],[27,60],[7,68],[49,24],[3,65],[-35,2],[-24,47],[-5,-19],[-19,-3],[-32,92],[-25,13],[8,-97],[-37,-35],[-31,-16],[-43,-7],[-24,-11],[-23,9],[18,64],[-11,29],[-25,22],[-88,3],[-53,87],[-9,28],[9,33],[-7,20],[-39,2],[4,-103],[12,-41],[-8,-24],[-21,-16],[-20,44],[-20,9],[-8,-44],[-19,-39],[-34,3],[-27,-24],[-32,-11]],[[99216,68305],[18,-28],[11,-40],[14,-141],[-34,-43],[-31,-18],[-62,-166],[-23,-73],[-3,-47],[-16,-79],[-13,-98],[-10,-40],[-17,-31],[-51,-26],[-32,-54],[-37,-40],[6,-36],[-16,-19],[-17,4],[-53,-16],[-19,-30],[-19,-56],[-39,-20],[-24,-5],[-40,39],[-20,11],[-54,16],[-53,27],[-36,30],[-76,74],[-8,133],[-13,72],[-1,26],[5,222],[15,46],[33,49],[38,40],[54,82],[40,37],[34,54],[-34,5],[14,46],[33,38],[35,-9],[33,9],[24,41],[22,9],[88,-13],[60,18],[30,38],[59,-10],[25,11],[58,-49],[3,75],[28,25],[22,-48],[22,-28],[27,-14]],[[100116,69704],[-16,-31]],[[100369,69888],[6,-52],[17,-38],[-15,-15],[-8,-48],[-44,33],[-36,17],[-33,-7],[-14,40],[38,34],[3,18]],[[100357,69682],[-9,-9],[-23,45],[17,18],[20,-21],[-5,-33]],[[100277,69682],[-41,0],[-14,19],[15,25],[55,32],[-13,-34],[-2,-42]],[[24121,39035],[-52,-19],[1,34],[14,30],[38,-17],[-1,-28]],[[34516,34995],[-61,-13],[1,14],[31,43],[35,-22],[-6,-22]],[[37686,45018],[5,-70],[47,-95],[15,-106],[75,-67],[1,-12],[-19,-46],[19,-86],[18,-167],[3,-65],[17,-97],[4,-97],[12,-35],[26,-42],[33,-44],[47,-83],[44,-52],[10,-33],[-38,-79],[-42,-100],[0,-11],[41,-73],[7,-28],[-1,-40],[-14,-49],[-43,-15],[-11,-28],[10,-21],[-2,-47],[16,-53],[-24,-42],[5,-50],[83,-96],[5,-17],[-26,-49],[-3,-31],[5,-83],[8,-13],[34,-15],[81,-219],[0,-91],[3,-107],[26,-83],[3,-67],[9,-76],[30,-46],[11,-91],[2,-81],[23,-99],[3,-85],[-6,-62],[4,-57],[29,-35],[74,-8],[74,22],[56,21]],[[38475,41717],[64,-111],[-27,-152],[-79,-428],[-12,-61],[-181,-130],[-125,-93],[-16,-43],[-42,-52],[-9,-32],[-20,-21],[-19,-73],[0,-55],[12,-39],[21,-16],[13,-78],[15,-25],[-16,-36],[-22,-9],[-16,-45],[-17,-114],[-3,-41],[31,-159],[29,-201],[3,-55],[-39,-76],[-15,-47],[-6,-41],[4,-63],[32,-94],[57,-129],[0,-59],[-9,-34],[-65,-35],[-19,-35],[-20,-5],[-20,27],[-20,-6],[-27,-24],[-9,-57],[-23,-99],[-20,-27],[-15,-75],[-26,-109],[-19,-112],[-26,-30],[-30,-61],[-33,-75],[-18,-5],[-13,-53],[-44,-79],[-10,-92],[-16,-49],[-3,-90],[-29,-198],[-25,-28],[-33,-63],[-10,-46],[15,-137],[18,-139],[2,-65],[-12,-127],[32,-26],[7,-34],[-15,-24],[-6,-42],[-17,-48],[-50,-19],[-23,2],[3,-34],[-37,-147],[-27,-140],[13,-75],[-27,-61],[-29,5],[-15,-22],[-12,-104],[-11,-157],[21,-60],[25,-109],[20,-27],[21,3],[26,-49],[-12,-45],[-22,-7],[-3,-25],[15,-114],[21,-27],[10,-75],[20,-25],[-3,-97],[21,-112],[32,-48],[-7,-49],[-17,-39],[-4,-63],[7,-46],[22,-43],[18,-5],[24,17],[27,-19],[7,-72],[-14,-44],[-15,-82],[-4,-81],[4,-123],[7,-95],[3,-88],[-9,-18],[-42,-14],[-17,-16],[-17,-81],[-37,-93],[-27,-94],[1,-25],[-17,-92],[-19,-140],[-45,-43],[-10,-19],[8,-37],[21,-12],[7,-31],[-3,-47],[14,-44],[-2,-54],[14,-101],[-12,-66],[3,-114],[-17,-44],[-36,-9],[-20,-40],[-34,-44],[-10,-68],[-14,-12],[-39,-5],[-25,-42],[-26,-23],[-4,-75],[-31,-73],[-12,-50],[12,-48],[13,-120],[-27,-116],[22,-90],[-18,-116],[7,-81],[47,-173],[9,-170],[11,-82],[42,-59],[-4,-39],[-13,-48],[-19,-36],[-46,-11],[-67,-54],[-40,-57],[-8,-31],[5,-137],[-3,-50],[-37,-146],[-4,-50],[-39,5],[-23,-25],[16,-123],[12,-33],[-7,-83],[-16,-46],[-20,0],[-18,-52],[6,-41],[36,-56],[-5,-30],[-21,-11],[-12,-25],[-27,-112],[-16,-44],[-3,-61],[23,-64],[-7,-311],[8,-104],[-14,-56],[23,-75],[25,-122],[7,-49],[-4,-33],[-34,-30],[-28,-11],[-29,11],[-27,-64],[-6,-29],[16,-37],[9,-71],[-32,-65],[11,-124],[-11,-132],[15,-48],[16,-22],[53,-27],[40,-13],[11,-44],[-5,-35],[-48,-33],[0,-58],[25,-54],[28,-39],[4,-72],[-19,-29],[27,-66],[12,-44],[-30,-85],[-15,-25],[-8,-139],[5,-32],[169,-27],[38,-9],[22,-33],[-3,-42],[-22,-43],[-13,-83],[-33,-13],[-34,22],[-66,-13],[-105,-13],[-36,12],[-3,-30],[10,-52],[79,-16],[73,-31],[53,-117],[30,-39],[2,-62],[-48,-66],[-7,-47],[-63,-14],[-17,-27],[-10,-91],[8,-70],[24,-25],[16,-47],[-17,-55],[-43,-37],[-23,-36],[34,-75],[16,-92],[12,-93],[-2,-45],[-11,-34],[-42,-53],[-29,-25],[-8,-114],[3,-45],[18,-35],[-1,-36],[-47,-25],[-21,-62],[-61,-65],[-21,-28],[2,-50],[-46,-131],[-15,-57],[3,-61],[34,-26],[28,-59],[12,-74],[-22,-85],[-48,-32],[-29,-35],[-9,-28],[8,-89],[-10,-81],[-39,-64],[-87,-50],[-17,-23],[-39,-108],[5,-71],[-111,-8],[-8,-51],[-25,-41],[-7,-75],[24,-71],[12,-60],[-20,-72],[10,-133],[39,-66],[25,-82],[21,-122],[26,-68],[7,-43],[24,-14],[75,67],[21,9],[62,-6],[38,25],[40,-17],[18,-29],[13,-67],[8,-75],[-10,-76],[-24,-39],[6,-47],[20,-33],[0,-46],[-22,-106],[-14,-44],[47,-94],[45,-33],[63,-84],[-7,-52],[19,-16],[171,-3],[318,-5],[179,-3],[160,-80],[96,0],[168,-75],[87,-21],[6,-41]],[[38050,23376],[-192,58],[-44,32],[-36,4],[-70,-40],[-39,-95],[-21,-26],[-49,-25],[-48,-6],[-165,-91],[-59,-8],[-40,-24],[-39,-35],[-15,-75],[6,-46],[-45,-163],[-11,-92],[0,-46],[13,-76],[-17,-129],[-29,-29],[-74,-36],[-50,26],[-85,23],[-60,51],[-79,35],[-25,20],[-69,101],[-12,75],[36,60],[77,3],[48,9],[30,-32],[8,-70],[-25,-60],[37,6],[18,157],[116,78],[38,45],[37,71],[9,46],[-25,22],[-54,29],[-174,-148],[-79,-39],[-51,-42],[-62,-75],[-24,-73],[-7,-56],[-60,26],[-93,80],[-19,29],[19,41],[29,35],[1,115],[8,40],[19,32],[36,36],[32,-7],[2,-27],[59,1],[115,103],[46,2],[63,-23],[70,14],[28,34],[-53,29],[-50,14],[-141,10],[-31,-11],[-41,-54],[-24,41],[-48,19],[-22,-4],[-22,-26],[4,-41],[-13,-43],[-44,-43],[-31,-68],[0,-81],[-34,-32],[-74,11],[-41,56],[-16,38],[-48,41],[103,52],[35,30],[58,106],[-18,29],[-20,0],[2,-46],[-23,-38],[-47,18],[-69,-56],[-43,14],[-69,-16],[-35,30],[-7,39],[12,40],[-12,68],[-39,13],[-30,112],[-19,52],[34,-2],[21,-21],[32,-3],[70,-46],[45,22],[6,75],[12,0],[40,-47],[25,4],[45,-11],[65,22],[66,52],[34,53],[17,6],[34,-21],[0,-37],[36,-63],[2,-67],[-38,-48],[6,-33],[37,31],[12,32],[3,70],[-31,82],[-3,57],[35,34],[9,27],[2,52],[-19,36],[-74,82],[-124,83],[-24,-23],[139,-85],[28,-40],[42,-36],[-6,-39],[-112,-37],[-89,-82],[-66,-49],[-46,18],[-45,115],[-35,37],[-36,4],[-12,20],[-27,-17],[-77,65],[44,63],[47,-24],[12,178],[-14,40],[-63,44],[-31,-6],[-41,7],[-28,19],[-59,20],[-35,28],[-43,14],[-57,113],[-25,59],[-13,65],[88,2],[52,10],[12,27],[-18,52],[-25,41],[19,38],[26,29],[27,-13],[68,-66],[12,-44],[48,-136],[17,-25],[100,-76],[14,2],[-7,64],[29,86],[43,42],[-46,55],[-48,-151],[-30,-27],[-75,135],[4,77],[53,10],[-94,44],[-40,30],[-32,52],[-38,45],[67,80],[34,56],[107,-29],[21,16],[-18,42],[-21,-12],[-34,25],[-52,77],[11,111],[65,31],[50,-24],[22,-19],[18,9],[-18,53],[-33,21],[-37,38],[4,41],[20,74],[7,53],[-4,42],[28,43],[-32,-2],[-15,-101],[-23,-39],[-28,-156],[-27,24],[-23,38],[3,31],[-7,189],[-1,157],[14,123],[57,64],[40,-6],[17,18],[-56,29],[-59,-40],[-44,17],[-9,64],[-26,54],[-5,70],[2,101],[63,-9],[51,-20],[136,2],[110,-97],[50,13],[-2,20],[-38,24],[-37,70],[-9,71],[-28,139],[-11,-3],[-33,-128],[-32,-39],[-98,-24],[-42,15],[-10,33],[1,38],[-18,19],[-61,26],[-16,35],[42,83],[44,-20],[28,-41],[26,-8],[32,32],[6,22],[-65,38],[-54,62],[27,64],[64,73],[20,17],[-17,62],[19,67],[-20,56],[-36,60],[-48,13],[-10,-18],[2,-56],[-72,14],[-41,39],[-66,37],[-16,70],[23,73],[-12,0],[-43,-55],[-66,-30],[-48,-9],[-30,-41],[41,-14],[20,-69],[-14,-45],[-23,-4],[-47,49],[-25,54],[0,44],[17,58],[76,80],[20,33],[45,37],[58,84],[51,46],[-25,39],[-26,57],[3,81],[103,32],[46,-13],[57,2],[104,46],[26,55],[-14,113],[29,49],[40,6],[32,-24],[-20,-76],[-26,-165],[-34,-70],[14,-67],[-21,-47],[-94,-51],[-5,-20],[54,4],[42,10],[41,43],[13,65],[18,125],[22,19],[27,3],[13,-30],[-4,-130],[-35,-191],[-42,-76],[-3,-45],[34,4],[25,41],[37,126],[-2,53],[13,139],[12,55],[0,76],[-23,29],[-33,17],[-8,46],[17,92],[62,-2],[58,62],[39,24],[22,-5],[76,-61],[13,21],[-42,36],[-55,65],[-75,10],[28,162],[97,36],[115,116],[21,87],[5,98],[-55,25],[-60,64],[-47,34],[-43,43],[8,64],[6,104],[53,22],[25,144],[-36,108],[8,82],[47,70],[21,101],[41,6],[-2,81],[-27,62],[-2,87],[26,102],[49,-3],[-30,61],[-23,68],[4,27],[49,36],[28,-34],[40,-111],[6,28],[-16,113],[-13,140],[-43,-18],[-39,10],[-30,53],[28,67],[28,36],[60,13],[43,45],[15,94],[-15,-10],[-23,-82],[-40,-27],[-43,19],[-46,71],[-26,17],[-24,2],[-21,-18],[-55,-126],[-23,-22],[-95,-10],[-73,34],[16,65],[21,36],[-29,4],[-34,35],[-15,44],[-7,79],[-31,125],[-6,90],[22,63],[46,250],[14,128],[25,113],[-1,73],[65,68],[25,41],[55,227],[8,123],[-87,373],[-14,71],[-4,88],[21,147],[2,57],[-17,80],[-50,132],[-1,67],[21,69],[-21,86],[21,95],[78,-23],[35,10],[19,26],[15,70],[7,110],[12,117],[37,28],[14,65],[32,92],[32,256],[65,136],[-12,107],[40,87],[17,66],[23,62],[57,89],[13,110],[43,189],[9,122],[14,81],[-5,76],[51,172],[8,43],[57,104],[10,83],[-21,56],[0,87],[-16,120],[37,46],[15,33],[47,192],[-3,75],[14,94],[-31,111],[-5,250],[-17,192],[-29,203],[3,114],[-18,141],[-1,81],[14,185],[91,116],[18,131],[11,176],[-4,128],[-9,58],[-45,94],[-11,169],[8,45],[37,47],[27,66],[13,102],[28,81],[11,195],[23,155],[12,54],[43,86],[6,52],[-2,123],[5,74],[29,147],[4,68],[32,152],[7,109],[14,57],[-5,64],[9,145],[-22,82],[-4,47],[27,149],[49,105],[12,77],[3,49],[-39,245],[-5,83],[9,195],[14,125],[-5,100],[12,116],[26,78],[6,56],[-9,23],[-32,29],[-25,71],[-3,70],[9,51],[2,72],[38,14],[21,40],[20,76],[25,181],[10,226],[14,136],[11,66],[9,140],[14,92],[3,85],[-3,65],[-37,327],[0,121],[16,187],[0,263],[-3,62],[-14,58],[-4,78],[-22,136],[-21,274],[0,144],[-8,122],[-20,33]],[[37987,23192],[-2,-366],[-1,-340],[-1,-332],[-4,-328]],[[37979,21826],[-52,0],[-14,-15],[-81,-21],[-138,32],[-34,28],[-47,63],[-16,-17],[-89,-47],[-36,-2],[-49,41],[-74,-35],[-81,36],[-64,23],[-104,12],[-72,46],[-134,-3],[-24,15],[-8,45],[6,21],[29,13],[8,25],[29,-6],[37,-33],[36,32],[50,31],[67,-35],[65,20],[23,51],[35,6],[34,-13],[-1,-85],[44,-12],[52,1],[36,-16],[6,27],[-59,70],[-24,43],[-33,25],[-42,14],[-35,81],[2,71],[-4,69],[76,39],[-18,59],[27,45],[30,17],[30,-165],[21,-59],[-27,-11],[-58,0],[32,-81],[53,-28],[46,-60],[1,-43],[25,-20],[61,-1],[43,8],[19,29],[23,9],[41,-35],[69,-27],[32,-51],[5,-52],[19,9],[72,94],[-52,32],[-270,152],[-33,62],[-23,76],[1,79],[20,24],[48,31],[89,44],[102,63],[13,12],[-2,40],[-12,26],[-41,20],[-43,5],[-80,-10],[-74,-43],[-42,3],[-39,23],[-30,45],[-15,62],[5,74],[19,37],[24,16],[42,6],[22,30],[-11,27],[-32,26],[-42,66],[15,11],[50,6],[67,-60],[20,0],[58,55],[91,149],[29,3],[84,-112],[30,-4],[99,60],[55,-47]],[[38515,21639],[-32,-55],[-29,-24],[-28,-7],[-20,12],[-22,57],[-24,2],[-54,-40],[-26,-11],[-103,24],[-22,31],[-13,62],[-43,57],[66,31],[79,0],[154,-24],[61,-6],[46,-53],[10,-56]],[[36232,28971],[-50,-16],[-24,10],[-42,-1],[-43,24],[-39,35],[-11,19],[4,29],[29,66],[27,125],[18,179],[-14,68],[11,96],[2,68],[30,69],[6,64],[12,69],[-15,43],[9,17],[104,-52],[69,-11],[5,-53],[13,-41],[8,-74],[11,-16],[-6,-53],[-32,-23],[3,-49],[18,-45],[-55,-26],[-54,-49],[40,-73],[36,-35],[45,-109],[-36,-85],[-37,-34],[-34,-19],[4,-82],[-12,-35]],[[35992,25369],[3,-92],[-6,-91],[-13,-113],[22,-42],[-12,-105],[-35,-91],[-57,-3],[-16,51],[-4,72],[-20,55],[7,57],[16,17],[3,56],[26,39],[-6,19],[-73,-68],[-10,-46],[-2,-90],[-12,-53],[-12,-10],[-80,3],[-51,49],[-34,-14],[-7,58],[17,47],[62,-4],[11,84],[-42,53],[-13,31],[11,22],[37,33],[38,-14],[44,14],[-3,52],[-39,24],[9,40],[50,38],[30,38],[1,44],[-12,44],[29,53],[35,17],[49,-27],[29,-3],[11,-36],[19,-208]],[[35639,25607],[-38,0],[-10,110],[45,160],[4,61],[-15,46],[-2,53],[57,32],[18,-33],[21,-90],[41,-129],[-1,-123],[-22,-30],[-72,-30],[-26,-27]],[[36023,23025],[38,-15],[71,-12],[64,-29],[33,-28],[43,-8],[36,-35],[34,-11],[50,-72],[55,-50],[-28,-11],[-63,23],[-59,13],[-12,44],[-60,67],[-68,28],[-50,-9],[-45,5],[-49,54],[-49,46],[-21,54],[-31,42],[14,21],[33,-24],[51,-54],[13,-39]],[[35961,25713],[-7,-14],[-41,9],[-74,-16],[-30,57],[-13,89],[-10,19],[-45,136],[-12,72],[17,32],[76,32],[27,52],[23,-6],[-6,-106],[14,-36],[26,-29],[22,-109],[17,-27],[-2,-51],[18,-104]],[[36522,22677],[14,-60],[67,13],[69,-19],[38,-61],[56,-75],[-34,-34],[-20,-49],[-1,-25],[-66,-58],[-39,-3],[-67,-30],[-30,38],[27,16],[34,53],[6,56],[-37,11],[-38,-8],[-19,17],[-15,-52],[5,-38],[-17,-19],[-63,40],[4,68],[-7,65],[-54,-4],[-38,51],[-20,52],[-69,15],[53,74],[82,11],[28,-38],[90,-25],[-3,53],[12,18],[36,-17],[16,-36]],[[35874,23827],[14,-121],[11,-17],[35,-9],[38,-61],[1,-17],[-46,-104],[-9,-74],[-54,5],[-22,74],[-35,71],[-11,83],[-18,72],[33,40],[31,-9],[2,55],[30,12]],[[37620,21785],[274,-62],[84,38],[67,-1],[19,-51],[-67,-54],[4,-31],[70,-9],[33,-39],[-13,-33],[6,-30],[74,-76],[10,-24],[3,-78],[-37,6],[-24,20],[-22,49],[-59,21],[-44,24],[-65,9],[-28,-9],[-22,49],[15,67],[-41,5],[-49,44],[-49,11],[-21,-83],[60,-108],[-20,-2],[-59,21],[-32,45],[-35,19],[-16,26],[-8,49],[-49,-11],[-22,39],[-31,17],[20,53],[12,112],[62,-23]],[[37044,22335],[76,-50],[50,1],[6,-84],[-47,-79],[-55,38],[-57,51],[-29,-9],[-39,12],[-31,-2],[-19,-29],[-45,-16],[-8,59],[-40,55],[-41,43],[22,68],[51,34],[99,-24],[52,-21],[55,-47]],[[36245,28320],[-17,-26],[-26,-5],[-42,-31],[-6,-60],[28,-39],[31,-115],[13,-66],[1,-55],[21,-52],[0,-48],[-9,-44],[-26,-11],[-7,-35],[-57,-3],[-28,12],[3,81],[-36,32],[-25,53],[-28,92],[-23,28],[-28,73],[-40,62],[47,40],[-8,68],[69,49],[30,-19],[40,23],[-5,70],[9,56],[31,28],[32,4],[28,-62],[39,-24],[-11,-76]],[[36500,28081],[-82,-49],[-42,16],[-16,37],[-16,82],[56,94],[7,87],[18,10],[61,-31],[64,-45],[22,-33],[4,-25],[-45,-101],[-31,-42]],[[35799,28013],[-19,-8],[-15,54],[21,13],[11,-19],[2,-40]],[[35711,24417],[-11,-57],[-36,19],[-13,54],[20,77],[-3,31],[92,-10],[14,-9],[-30,-43],[-30,-10],[-3,-52]],[[35777,25562],[-3,-50],[-50,-95],[-83,-100],[-26,0],[-20,22],[52,70],[-9,46],[-42,41],[6,35],[29,30],[15,-8],[66,25],[21,20],[40,4],[4,-40]],[[35775,26182],[-28,12],[-23,34],[20,23],[39,22],[29,-2],[27,-17],[3,-22],[-46,-27],[-21,-23]],[[35927,28809],[-49,-11],[-11,18],[9,29],[24,9],[25,-26],[2,-19]],[[36280,28055],[-22,-6],[-13,50],[-29,61],[14,58],[31,8],[16,-40],[8,-88],[-5,-43]],[[35964,24046],[-1,-51],[-20,-22],[-37,17],[-43,-41],[-66,22],[-33,-78],[-49,-63],[-4,43],[21,64],[29,108],[38,-24],[55,24],[49,45],[43,0],[18,-44]],[[35795,24655],[-67,-49],[-20,20],[-48,0],[25,109],[17,97],[40,-21],[114,-40],[12,-54],[-42,-25],[-31,-37]],[[36219,28672],[7,-30],[-39,1],[-17,-29],[-56,21],[-7,42],[59,2],[37,21],[16,-28]],[[36106,23640],[-11,-6],[-56,27],[-29,32],[-18,75],[39,-16],[29,-37],[49,-38],[-3,-37]],[[36047,27515],[-18,-28],[-33,-13],[-33,22],[-40,-10],[-4,47],[15,39],[30,46],[22,62],[-3,87],[27,51],[39,19],[8,-65],[-10,-116],[26,-68],[-2,-50],[-24,-23]],[[38346,21182],[-87,15],[23,31],[74,-7],[-10,-39]],[[38722,21592],[-27,-27],[-29,24],[39,43],[29,-15],[-12,-25]],[[37180,21816],[22,-46],[42,-15],[65,13],[68,23],[46,-98],[-5,-29],[-37,-32],[-48,2],[-18,50],[-39,-16],[-77,28],[-18,44],[-73,61],[-24,3],[-39,-29],[-16,28],[9,31],[72,-3],[70,-15]],[[38443,21252],[-92,32],[16,39],[55,31],[31,-82],[-10,-20]],[[69192,62670],[-81,36],[-44,12],[-88,-63],[-27,-42],[-39,-3],[-27,-53],[-66,-58],[-22,-43],[7,-70],[0,-59],[-15,-48],[-17,-32],[-36,-19],[-10,-20],[-35,-108],[-15,-19],[-30,3],[-87,-163],[-8,-47],[-32,-68],[-40,-75],[-36,-37],[-13,-29],[-21,-16],[-77,-92],[-92,4],[-41,-36],[-97,-33],[-91,-6],[-88,3],[-32,-14],[-55,-65],[-1,-33],[61,-75],[15,-37],[-33,-72],[-36,-84],[-54,-100],[-39,-47],[-14,-67],[-10,-9],[-37,-8],[-74,-8],[-102,-22],[-61,-7],[-38,6],[-53,-45],[-31,-16],[-53,-45],[-44,-69],[-16,-13],[-62,-29],[-24,-48],[-11,-3],[-40,62],[-27,57],[-13,58],[-10,14],[-41,-54],[-8,-55],[-119,-69],[-25,-40],[-38,-20],[-49,8],[-39,16],[-37,6]],[[66674,60562],[19,50],[6,37],[-1,77],[-22,15],[-14,25],[-66,291],[-45,147],[-51,92],[-37,57],[-30,25],[-80,116],[-70,111],[-18,50],[-35,76],[-58,113],[-10,64],[27,58],[28,72],[35,49],[46,3],[76,-20],[81,-7],[122,25],[43,-17],[75,4],[39,30],[-42,49],[-45,80],[-42,88],[-26,79],[-23,101],[-22,126],[-13,163],[2,93],[7,66],[22,107],[-14,63],[2,50],[-2,76],[-36,162],[-32,101],[-12,144],[-29,95],[-46,47],[-27,56],[-11,99],[-18,26],[-74,35],[-62,0]],[[66914,57299],[-16,58],[-10,68],[-3,79],[-13,108],[8,41],[-6,43],[-55,116],[-44,20],[-108,204],[-113,230],[-32,117],[28,6],[7,27],[-17,60],[-8,74],[-13,46],[-45,70],[-42,54],[-13,27],[-7,40],[-16,248],[-8,70],[-27,63],[8,100],[11,34],[0,230],[-13,32],[-26,0],[-25,76],[4,30],[24,46],[64,55],[14,19],[41,171],[42,117],[17,24],[42,174],[17,89],[13,35],[46,59],[34,103]],[[52810,66414],[-34,-14],[-13,7],[-11,96],[77,64],[27,-11],[19,-50],[-13,-29],[-52,-63]],[[53398,65209],[-21,-57],[-45,5],[-23,24],[-27,71],[1,56],[9,48],[-1,42],[17,3],[3,-28],[41,-69],[15,-13],[31,-82]],[[52906,66334],[-28,-15],[-17,2],[-26,22],[8,23],[27,26],[19,6],[17,-64]],[[53578,65973],[28,-12],[29,2],[20,-33],[3,-34],[-9,-44],[-38,-35],[-22,4],[-25,33],[14,64],[0,55]],[[53103,65116],[-26,-24],[-19,10],[-17,25],[-8,35],[6,30],[36,36],[21,-12],[12,-55],[-5,-45]],[[53179,66212],[19,-32],[-21,-6],[-51,24],[-14,-15],[-13,-52],[-26,79],[7,36],[36,-20],[63,-14]],[[53588,66235],[-11,-32],[-21,58],[-3,67],[29,21],[1,-69],[5,-45]],[[53487,65290],[-23,25],[1,49],[13,42],[25,-4],[6,-31],[1,-63],[-23,-18]],[[16148,89503],[32,-37],[75,24],[28,-19],[32,-75],[4,-50],[-20,-38],[-120,-79],[11,-22],[118,21],[12,76],[13,33],[-7,108],[66,4],[42,23],[51,39],[-11,-96],[-41,-90],[-23,-79],[-11,-78],[-3,-130],[-10,-44],[-18,-27],[-115,-47],[-59,3],[-52,43],[-25,29],[19,36],[89,-11],[-82,68],[-59,30],[-19,34],[-5,42],[-47,92],[-15,88],[0,53],[11,86],[24,9],[35,-11],[80,-8]],[[16456,88924],[34,-57],[11,-52],[-5,-61],[-54,-23],[-29,19],[-9,-30],[61,-69],[40,-6],[53,-27],[-41,-49],[-6,-28],[51,-78],[4,-19],[54,2],[4,-22],[-22,-45],[22,-16],[40,0],[10,-46],[-37,-40],[-68,53],[-31,52],[-17,48],[-20,28],[-65,60],[-96,131],[-24,19],[-26,52],[-6,42],[38,14],[1,26],[-111,45],[-19,45],[61,-5],[105,27],[49,33],[48,-23]],[[18010,87337],[169,-77],[170,-39],[124,-45],[76,-14],[46,-26],[21,-38],[36,-92],[28,-59],[56,-102],[46,-72],[10,-29],[-9,-26],[34,-71],[64,-62],[50,-30],[106,-50],[65,-48],[60,-87],[23,-81],[43,-79],[44,-151],[13,57],[15,15],[45,-151],[-18,-30],[-38,13],[-30,-52],[-21,-6],[-109,33],[-68,30],[-89,49],[-107,52],[-61,35],[-86,66],[-5,38],[69,84],[29,44],[16,70],[-13,-1],[-30,-78],[-82,-14],[-66,5],[-33,-36],[-29,7],[-40,48],[-57,39],[43,29],[20,29],[-29,9],[-37,47],[-39,-17],[-11,25],[16,57],[-29,-8],[-27,33],[-23,-3],[-25,16],[-22,-37],[-38,42],[-28,-31],[-17,12],[-5,77],[8,29],[66,44],[-39,37],[-22,0],[-23,27],[-30,70],[-21,18],[-55,24],[-25,-38],[-47,-2],[-18,19],[-13,51],[9,36],[-4,31],[-20,23],[-14,-41],[-20,-12],[-40,69],[-71,0],[-32,-26],[-32,4],[12,52],[-8,63],[-38,21],[19,61],[25,16],[65,5],[53,-32],[-14,68],[0,37],[-76,7],[7,-45],[-45,-22],[-67,-1],[-26,14],[-45,55],[-28,54],[1,30],[36,52],[48,18],[62,2],[70,-25],[176,-112]],[[13301,99143],[204,-30],[146,11],[272,-65],[167,-124],[136,-60],[55,-42],[296,-116],[65,-9],[121,-38],[74,5],[129,-9],[87,-31],[172,-85],[44,-1],[-59,84],[-79,38],[-81,16],[-21,36],[22,16],[61,0],[15,19],[-89,50],[75,124],[26,-13],[39,29],[83,-8],[9,62],[31,27],[98,11],[122,-11],[-1,65],[16,58],[71,2],[56,-69],[61,-18],[-17,-62],[-74,-92],[74,13],[87,41],[74,23],[107,18],[46,46],[39,76],[25,13],[107,-5],[-14,34],[27,25],[53,9],[58,-30],[78,30],[120,81],[48,22],[104,-7],[72,90],[89,47],[57,9],[111,-35],[94,13],[57,53],[19,1],[46,-55],[-37,-67],[-276,-135],[-85,-58],[-86,-34],[-85,-10],[-91,-23],[-132,-18],[-44,-20],[-47,-71],[-69,-59],[-51,-22],[-71,-8],[-44,-34],[-93,-110],[-98,-88],[25,-24],[204,-20],[44,20],[12,26],[-55,4],[-23,72],[18,42],[59,38],[63,16],[150,77],[48,61],[-3,27],[77,18],[75,-16],[62,12],[51,-16],[33,-90],[87,123],[104,108],[81,40],[186,66],[105,18],[53,16],[77,51],[-19,-55],[-68,-27],[1,-51],[56,-23],[91,60],[108,94],[37,92],[62,33],[113,37],[28,24],[-99,21],[-5,43],[-62,34],[15,66],[47,31],[80,-35],[128,-92],[82,-81],[72,-110],[57,-130],[51,-76],[123,-115],[64,-48],[114,-54],[70,-18],[46,-1],[74,49],[1,32],[-65,90],[5,23],[43,43],[6,60],[41,-6],[39,47],[67,59],[-51,10],[-11,22],[70,24],[13,23],[52,21],[38,-25],[-10,-119],[23,-94],[20,-20],[76,-28],[-5,-23],[-88,-98],[-28,-44],[18,-28],[107,-12],[21,8],[151,3],[50,27],[34,47],[51,28],[23,56],[23,94],[41,22],[194,-6],[109,5],[112,-12],[138,-35],[127,-50],[51,-27],[178,-122],[52,-25],[98,-24],[336,-52],[42,-15],[88,-56],[133,-63],[91,-26],[177,-41],[28,-13],[69,2],[163,-24],[73,-3],[38,-16],[54,5],[-63,63],[28,11],[79,-11],[18,19],[86,-9],[133,-51],[84,-25],[127,-65],[71,-54],[103,-113],[7,-26],[44,-23],[-20,-57],[-26,-25],[-61,-11],[-167,14],[-29,-47],[-94,-40],[-20,-29],[6,-41],[-89,-59],[101,-64],[94,-4],[66,-12],[80,-27],[183,-28],[72,-4],[159,2],[114,-14],[152,3],[68,29],[46,0],[133,16],[46,0],[97,36],[34,4],[36,-21],[33,2],[63,26],[148,75],[53,0],[59,15],[36,-56],[36,-14],[49,-71],[20,-11],[138,-2],[49,-12],[30,-46],[15,-89],[20,-34],[26,-1],[34,91],[42,5],[34,-67],[49,-50],[123,-91],[27,-58],[-28,-43],[-79,-27],[-80,8],[82,-76],[20,-30],[135,-130],[96,-119],[36,-36],[33,-5],[-98,119],[-49,76],[-10,46],[-2,92],[40,25],[44,-41],[33,7],[83,-41],[-64,108],[21,30],[-68,59],[-28,47],[-27,68],[-2,79],[-35,47],[-69,70],[-1,74],[67,55],[11,32],[-11,46],[86,17],[54,0],[77,30],[45,-1],[69,23],[42,45],[83,-10],[7,74],[45,40],[80,14],[61,43],[27,32],[2,52],[-54,16],[-104,-37],[-75,-38],[-29,-34],[-23,-64],[-58,18],[-57,-8],[-68,-43],[-52,-5],[-110,22],[-41,-29],[22,-51],[-20,-18],[-180,-15],[-144,79],[-11,12],[26,51],[112,144],[186,24],[113,25],[207,74],[40,7],[132,49],[55,13],[125,-34],[38,-23],[50,-68],[28,-88],[10,-74],[17,-27],[63,-52],[96,-50],[49,1],[45,-24],[-8,-40],[59,-53],[100,-20],[100,6],[83,18],[62,28],[154,-109],[62,-54],[51,-26],[165,-48],[52,13],[59,-5],[112,-33],[239,65],[81,6],[55,20],[83,-1],[150,-14],[102,-19],[111,-38],[40,-3],[75,16],[39,22],[83,11],[12,18],[-97,86],[-6,48],[30,19],[74,-53],[120,-135],[45,-37],[111,-49],[51,-9],[62,31],[40,37],[6,43],[-22,37],[-117,65],[-65,11],[-60,-15],[-67,-32],[-28,13],[-84,88],[-21,33],[41,9],[-86,124],[-6,19],[62,12],[85,-40],[44,18],[101,26],[-40,38],[-10,38],[38,13],[65,-31],[78,9],[49,-27],[45,-47],[53,-76],[170,-7],[-84,-114],[45,-8],[35,23],[18,41],[124,53],[36,8],[-23,-57],[-46,-202],[-9,-71],[-59,-102],[1,-27],[62,-83],[6,-54],[53,-11],[100,29],[9,-12],[-30,-65],[86,9],[39,-33],[-1,-88],[-48,-26],[-71,-3],[-86,32],[-67,-12],[-46,44],[-24,-21],[21,-29],[162,-154],[39,-9],[-83,89],[-11,33],[25,18],[119,-23],[46,5],[46,36],[11,106],[22,69],[-13,61],[-57,155],[-58,58],[-6,20],[65,177],[26,21],[88,17],[90,-25],[40,18],[123,96],[98,108],[58,46],[94,43],[69,47],[-66,9],[-12,32],[5,95],[-18,57],[-33,39],[-29,-6],[-32,-100],[-25,-23],[-52,-15],[-90,-11],[-41,38],[13,67],[111,85],[52,46],[-58,18],[-10,55],[10,46],[33,17],[186,38],[-64,-76],[18,-34],[101,80],[-29,17],[2,62],[-40,23],[-91,-38],[-85,-7],[-60,17],[-100,109],[-27,0],[-38,-45],[-160,56],[-142,69],[-87,15],[-53,43],[-51,75],[-76,82],[-20,53],[1,73],[110,133],[61,16],[48,81],[-96,-37],[-59,25],[-64,81],[-1,50],[28,112],[-19,35],[35,31],[5,61],[91,76],[74,-2],[68,-41],[54,6],[54,96],[-91,8],[-53,14],[-3,44],[76,54],[35,57],[107,79],[158,49],[61,-3],[26,-80],[59,-53],[170,2],[22,-15],[-6,-65],[172,-110],[78,-78],[27,-46],[21,-87],[-6,-128],[-26,-39],[68,-34],[48,-49],[87,-43],[24,-26],[35,-71],[56,-64],[-8,-44],[31,-21],[55,35],[36,-27],[52,-75],[-18,-19],[-83,-9],[-46,6],[-73,35],[-28,26],[-76,-85],[23,-13],[109,1],[51,-28],[-31,-34],[-74,-57],[-159,-111],[-18,-39],[106,20],[62,-6],[35,-43],[101,-46],[65,10],[64,43],[51,21],[62,-3],[11,-15],[-40,-48],[115,-17],[135,-7],[48,-30],[-92,-18],[-38,-50],[-9,-35],[-62,-9],[-18,27],[-62,-21],[168,-112],[54,-98],[40,-52],[-24,-27],[11,-81],[-22,-133],[51,-50],[60,-79],[25,2],[19,42],[38,37],[43,76],[-1,65],[34,69],[22,121],[18,51],[108,133],[51,26],[49,-2],[82,-81],[61,-48],[142,-89],[61,-64],[27,-64],[33,-144],[13,-18],[5,-64],[-14,-49],[-46,-15],[-53,15],[-22,43],[-47,-30],[9,-76],[2,-133],[40,-115],[69,-87],[169,-168],[28,-88],[33,-25],[81,59],[92,83],[45,13],[41,37],[29,144],[37,69],[131,137],[11,17],[56,158],[19,73],[0,115],[73,86],[31,3],[52,-20],[139,20],[0,11],[-81,32],[8,41],[56,33],[18,70],[-85,57],[-44,-3],[-49,44],[-16,76],[6,119],[-30,65],[20,79],[-21,41],[69,-5],[44,-20],[53,0],[128,28],[137,-9],[111,-56],[86,-28],[39,3],[191,-11],[127,3],[84,-31],[-42,-68],[-89,-23],[39,-22],[113,-31],[54,-100],[69,17],[74,-11],[109,-38],[29,-48],[-97,-72],[-115,-59],[-3,-16],[93,-3],[104,-17],[40,-43],[-6,-77],[-84,-63],[-104,-43],[-59,-15],[-70,27],[-117,-37],[55,-67],[0,-33],[58,-87],[72,18],[-27,-76],[-3,-38],[42,-80],[92,-87],[100,-79],[49,-84],[-10,-64],[-49,-164],[-64,-56],[-101,-17],[-93,-130],[-60,-35],[-91,-76],[-105,-22],[-85,-75],[-71,-37],[-63,10],[-20,61],[-30,31],[-62,89],[-44,38],[-54,-2],[-40,28],[18,36],[-91,82],[-52,28],[-53,8],[-66,-46],[-25,-30],[32,-22],[55,43],[41,-5],[143,-137],[33,-18],[43,-98],[92,-146],[10,-33],[-37,-16],[-132,50],[-36,-20],[-28,-50],[-146,57],[-64,33],[-33,28],[-85,104],[-55,20],[-65,-22],[-92,-8],[-194,6],[-36,-12],[17,-33],[-20,-26],[21,-35],[34,-24],[97,-32],[102,-51],[15,-42],[-29,-60],[-225,-219],[-86,-88],[-43,-54],[-72,-54],[-55,-10],[-77,-2],[-100,9],[-51,27],[-93,76],[-95,60],[-24,41],[-69,15],[-49,23],[-113,75],[-59,31],[-53,16],[-67,-2],[33,-38],[-92,7],[-68,27],[-67,-4],[-169,29],[-101,-1],[-41,-11],[48,-33],[83,-40],[-11,35],[31,20],[132,-21],[149,-44],[38,-5],[88,-43],[64,-55],[123,-125],[91,-61],[265,-42],[91,0],[184,-13],[96,-22],[28,-17],[9,-55],[-9,-28],[-86,-148],[-207,-263],[-38,-98],[-36,-38],[-94,-58],[-93,-50],[-56,-10],[-83,26],[-16,-33],[-37,2],[-65,34],[-32,-15],[-40,9],[-51,44],[-16,50],[-91,-33],[43,-29],[32,-64],[-21,-22],[-75,24],[43,-110],[-48,-71],[-30,-30],[-42,-11],[-56,26],[-22,-3],[-38,-40],[-36,-10],[-46,5],[-55,19],[-147,66],[-132,20],[0,34],[-37,0],[-54,-22],[-49,7],[-73,25],[-143,68],[-157,57],[-90,73],[34,-66],[-24,-62],[36,-47],[50,-17],[50,10],[-39,28],[1,30],[289,-116],[65,-16],[63,-27],[-17,-21],[-87,-55],[58,-4],[113,70],[40,14],[53,-24],[68,-60],[53,-35],[78,-19],[45,-20],[77,-57],[11,-29],[8,-121],[-13,-58],[-17,-28],[-32,-16],[-83,-15],[-80,-64],[-34,-9],[-144,19],[-56,17],[-55,-21],[-56,-6],[5,-53],[35,-31],[98,-24],[7,-33],[-24,-32],[-69,28],[-117,-24],[-15,-48],[-59,-55],[1,-19],[47,-44],[28,-48],[-11,-16],[-53,52],[-45,29],[-99,38],[-8,-11],[65,-40],[28,-43],[-54,-41],[17,-35],[-52,-38],[-63,-2],[27,-42],[-34,-21],[-71,9],[19,-44],[32,-37],[40,-20],[-37,-46],[-98,-64],[-69,-76],[-10,-23],[18,-50],[-18,-34],[-41,6],[4,-66],[-6,-45],[-30,-70],[-52,-97],[-41,-87],[-28,-78],[-20,-39],[-38,-3],[-28,-24],[39,-51],[-8,-72],[-39,-215],[3,-295],[-4,-131],[-11,-73],[-17,-39],[32,-42],[21,-73],[14,-20],[46,-13],[41,-65],[45,-18],[2,-35],[-17,-199],[20,24],[22,155],[29,68],[23,15],[94,7],[101,-17],[70,8],[42,-39],[19,-127],[60,-165],[28,-92],[34,-144],[14,-41],[72,-193],[14,-51],[3,-68],[-37,-103],[-43,-75],[8,-19],[66,48],[53,6],[18,-23],[79,34],[309,110],[73,10],[104,-20],[85,-47],[92,-60],[97,-44],[153,-41],[44,-20],[90,-20],[42,-23],[50,-55],[79,-72],[60,-46],[67,-42],[67,-78],[108,-178],[27,-21],[67,-29],[125,-37],[185,-88],[81,-34],[53,-14],[52,-24],[53,-35],[40,-38],[52,-68],[64,-51],[2,-77],[52,38],[48,-2],[73,-14],[64,0],[55,14],[86,5],[66,15],[83,-31],[33,-2],[122,-29],[78,10],[40,-44],[62,3],[37,-10],[63,-50],[28,-44],[29,-88],[2,-26],[-52,-205],[-16,-80],[-2,-68],[10,-40],[53,-84],[34,-142],[-3,-48],[-14,-80],[3,-61],[12,-92],[-5,-62],[-34,-65],[-11,-59],[11,-65],[52,-51],[30,-41],[55,-100],[40,-55],[49,-81],[9,-41],[-30,-45],[-40,-25],[77,-11],[29,-19],[23,-39],[39,-33],[54,-27],[53,-45],[91,-109],[40,-81],[48,-146],[1,-27],[-18,-28],[-61,-49],[-61,-87],[20,5],[40,36],[68,73],[38,14],[90,-30],[49,-30],[42,-38],[63,-103],[66,-82],[2,26],[-63,82],[-27,42],[-7,43],[16,100],[16,41],[33,50],[16,48],[55,35],[14,-2],[11,-44],[59,-32],[29,-47],[24,-103],[13,7],[24,99],[33,41],[-2,19],[-82,128],[17,40],[19,72],[15,31],[43,43],[72,136],[-13,36],[0,55],[-10,58],[-64,101],[-7,65],[15,60],[-6,27],[-39,48],[-15,42],[-17,100],[-15,128],[-18,92],[-19,60],[-5,38],[25,62],[13,12],[-25,59],[27,44],[-24,31],[-59,29],[35,36],[-53,37],[-47,75],[-57,164],[-39,33],[16,26],[258,115],[21,16],[127,65],[59,35],[60,51],[80,53],[193,199],[55,66],[32,58],[105,149],[39,69],[35,156],[9,217],[-2,114],[-16,180],[-10,56],[-63,204],[-8,36],[-27,62],[-91,162],[-113,110],[-22,27],[-45,32],[-112,67],[-116,113],[-38,14],[-17,50],[4,53],[15,65],[73,100],[35,67],[53,64],[49,37],[28,46],[-34,60],[43,65],[2,59],[83,6],[3,19],[49,50],[-14,80],[28,60],[-7,13],[-81,11],[-8,25],[41,28],[-67,134],[-11,41],[56,84],[-67,9],[-27,39],[45,93],[-72,-2],[-43,20],[-42,-6],[-13,26],[77,94],[35,50],[34,76],[-7,117],[5,27],[76,74],[-63,43],[-85,84],[-25,44],[-19,57],[-20,114],[1,109],[22,45],[57,44],[102,65],[78,26],[58,-14],[110,-15],[90,-38],[273,-92],[48,-41],[114,38],[109,-30],[39,-21],[94,-71],[-20,43],[15,17],[74,38],[77,30],[150,92],[46,-9],[148,-109],[50,-50],[57,-46],[50,4],[22,-10],[13,-38],[-32,-133],[75,52],[50,-22],[46,-35],[49,-64],[14,-30],[-14,-24],[20,-18],[53,47],[78,-44],[-6,-41],[-34,-15],[-29,-38],[37,-58],[-4,-22],[66,-77],[43,-34],[85,-7],[48,-13],[106,-44],[63,-8],[88,16],[42,-29],[4,-62],[18,-26],[63,-12],[37,29],[31,5],[29,83],[23,7],[29,-31],[25,-79],[-12,-43],[-48,-44],[-22,-33],[-28,-76],[-13,-79],[6,-67],[37,-69],[1,-62],[-15,-28],[-41,-29],[-57,-8],[-187,-1],[-37,-19],[277,-25],[25,-16],[35,-60],[15,-62],[-5,-61],[-32,-84],[-5,-60],[9,-31],[97,-2],[17,-38],[-38,-78],[16,-41],[-21,-53],[-19,-82],[-26,-24],[-24,1],[-26,67],[-25,-7],[-14,-45],[-38,-25],[-62,-16],[2,-18],[42,-10],[52,-30],[31,-4],[47,24],[92,76],[71,29],[79,-5],[83,9],[46,-23],[51,-52],[11,-24],[19,-92],[31,-42],[0,-81],[-41,-146],[-39,-54],[-44,-25],[-77,-22],[15,-16],[97,23],[49,49],[21,54],[40,140],[21,44],[45,-8],[42,-117],[17,57],[24,13],[16,-88],[3,-85],[21,21],[17,45],[64,54],[74,43],[49,40],[102,36],[39,35],[43,114],[40,37],[43,-12],[50,-70],[21,-58],[4,-84],[30,65],[1,47],[-32,77],[-8,53],[64,16],[-21,43],[26,38],[47,-3],[3,38],[52,-13],[5,15],[49,15],[-75,32],[-32,63],[32,0],[32,85],[35,-12],[-27,73],[47,19],[26,-9],[68,-53],[2,20],[-66,53],[-50,27],[-23,48],[-2,45],[16,54],[26,20],[50,0],[54,-35],[9,11],[-45,37],[-4,48],[33,96],[48,118],[40,49],[38,3],[70,-42],[21,-25],[6,-35],[-36,-47],[-11,-33],[51,14],[43,0],[34,-57],[11,-111],[32,17],[27,-42],[16,-68],[62,-82],[-35,-40],[-40,-24],[8,-18],[56,-20],[10,-44],[39,40],[34,-6],[42,-85],[-32,-50],[-85,-32],[-52,1],[-10,-23],[50,-1],[76,12],[83,22],[37,-95],[-22,-38],[33,-5],[46,12],[42,-70],[19,-58],[-78,-78],[-40,-17],[-58,-42],[-29,-75],[61,69],[50,12],[24,-29],[82,40],[78,11],[5,-14],[-28,-96],[-46,-74],[-86,-45],[-68,-70],[15,-8],[81,56],[56,23],[78,18],[35,-3],[61,-113],[36,-11],[28,6],[55,-32],[20,-31],[-33,-57],[22,-63],[-13,-35],[-68,-47],[-29,-5],[-29,-27],[12,-28],[73,8],[57,-20],[24,-25],[-43,-82],[40,-32],[80,-8],[100,-108],[-4,-55],[-16,-43],[7,-106],[-55,-17],[-181,27],[-103,43],[-2,43],[-43,-21],[35,-45],[95,-39],[42,-48],[47,-3],[40,-37],[-55,-12],[-38,-33],[24,-19],[85,-16],[60,-4],[31,-18],[-26,-21],[-70,-24],[-3,-36],[53,-14],[66,5],[22,-105],[-50,-16],[0,-16],[88,-25],[19,-16],[15,-39],[32,-3],[56,59],[30,-9],[3,-35],[48,-44],[11,-55],[29,49],[46,-13],[-22,-84],[33,-57],[40,-48],[-11,-23],[-46,-48],[-31,-104],[-36,-81],[73,78],[44,26],[97,15],[23,22],[35,9],[22,-25],[2,-46],[28,-14],[30,15],[28,-13],[-17,-29],[-87,-116],[-3,-34],[110,104],[57,89],[59,-10],[31,-20],[13,-59],[24,-64],[37,-71],[95,-34],[35,-5],[60,23],[9,34],[47,9],[33,-4],[11,-63],[70,-62],[33,-15],[49,-6],[27,-44],[-27,-32],[-27,-48],[-46,-34],[-65,-1],[-90,-20],[-23,-41],[-73,-35],[-42,-79],[-26,-33],[-71,-2],[-47,-22],[-20,-29],[-56,-21],[-101,-59],[-53,-2],[-33,7],[-90,-51],[-23,-37],[-7,-42],[-15,-23],[-76,7],[71,-49],[20,-26],[-64,-59],[6,-47],[42,-6],[55,54],[36,54],[18,15],[71,20],[102,66],[66,62],[71,82],[92,64],[110,46],[82,23],[8,24],[-39,2],[-47,-10],[-16,24],[18,30],[41,17],[196,-24],[68,-17],[74,-148],[22,-83],[-7,-22],[-30,-25],[-84,-51],[23,-31],[31,-71],[38,37],[71,90],[58,41],[50,11],[78,5],[8,-30],[30,-57],[29,-16],[54,-8],[50,-72],[36,-79],[1,-36],[20,-46],[-4,-48],[-28,-83],[21,-76],[-14,-89],[24,-57],[-16,-12],[-109,-30],[-21,-24],[60,0],[72,-18],[33,-20],[13,-30],[-24,-39],[-78,4],[59,-38],[48,-42],[6,-32],[-7,-33],[-110,-129],[-90,-82],[-91,-73],[-146,-139],[-40,-8],[-70,22],[-55,-6],[-105,-27],[-29,-16],[-58,-49],[-84,-16],[-59,6],[-23,-6],[-36,-36],[-7,-41],[-143,-181],[-38,-62],[-72,-65],[-80,-114],[-69,-46],[-25,-63],[-66,-38],[-121,-10],[-59,-11],[-67,18],[-51,-28],[-77,-8],[-38,6],[-148,-61],[-37,58],[-29,22],[-84,4],[-67,23],[-121,16],[-80,-7],[-63,2],[-35,-32],[-118,10],[-51,29],[-41,6],[-55,-7],[-53,-21],[-115,24],[-123,-20],[-107,14],[-30,14],[-168,-38],[-66,21],[-57,-57],[-40,11],[-44,-8],[-43,3],[-18,-31],[-25,-4],[-41,-56],[-68,-45],[-100,-243],[-9,-94],[-38,-63],[-60,-10],[-173,-47],[-77,-37],[20,-30],[-24,-22],[-41,-8],[-44,-27],[-29,-31],[-14,-42],[-89,-68],[-103,-159],[-49,-116],[-60,-85],[-42,-31],[-30,-6],[-30,11],[-51,39],[-38,5],[-93,54],[-216,55],[32,-20],[29,-35],[57,-8],[58,0],[121,-68],[60,-24],[36,-20],[31,-46],[-45,-165],[-30,-58],[-104,-147],[-51,-50],[-88,-176],[-91,-82],[-49,-51],[-52,-80],[-121,-61],[-46,-15],[-41,8],[-51,-49],[-60,-30],[-18,-46],[-144,-123],[-55,-15],[-48,-33],[-14,-56],[-42,-33],[-47,-103],[-66,-101],[-80,-17],[-29,-34],[-35,-57],[-48,-38],[-94,17],[23,-23],[84,-38],[9,-54],[-42,-13],[-89,-74],[-119,-125]],[[19513,86314],[-45,51],[-27,-8],[-26,-51],[-14,48],[14,46],[-24,-6],[-16,17],[2,44],[-13,25],[55,20],[17,19],[-54,16],[-35,-3],[10,62],[9,91],[11,56],[-46,-64],[-4,-73],[-35,-5],[-32,-33],[-123,59],[-46,68],[-9,36],[21,47],[24,-12],[36,-82],[27,5],[43,40],[-51,1],[-39,48],[-10,37],[0,115],[-18,7],[-5,-63],[-29,-24],[-29,-37],[-47,-13],[-45,4],[-24,19],[-75,92],[-27,39],[-1,33],[-51,115],[0,25],[-18,35],[-20,6],[-4,34],[41,73],[28,82],[-7,97],[-20,-9],[-6,-28],[3,-62],[-40,-95],[-51,-22],[-91,12],[-37,48],[-8,-54],[-11,-13],[-35,7],[-33,21],[-43,-15],[-92,22],[-58,5],[-15,12],[12,36],[60,10],[58,25],[30,29],[-133,-28],[-49,8],[-1,28],[41,52],[-7,26],[-36,11],[13,58],[-27,3],[-23,-31],[-112,-14],[-33,-16],[-72,30],[-59,46],[-51,61],[-40,39],[-3,74],[9,46],[19,52],[73,112],[48,29],[106,10],[79,14],[-101,15],[-104,-6],[-35,-18],[-46,-72],[-24,-52],[-24,7],[-35,71],[-11,43],[-4,91],[11,36],[35,72],[-45,-2],[6,59],[16,65],[41,38],[42,28],[39,37],[67,24],[23,-50],[56,-15],[24,12],[-64,38],[-11,15],[-17,64],[7,24],[66,75],[-13,15],[-166,-200],[-66,-26],[-41,-41],[-24,-62],[-32,-125],[-36,-100],[-31,130],[-56,99],[110,99],[-8,68],[13,39],[-6,26],[-50,-77],[-29,-28],[-2,45],[27,117],[31,176],[-88,-51],[-30,32],[-25,164],[-44,64],[-73,52],[-72,25],[-31,103],[19,67],[31,31],[30,15],[28,-7],[1,-25],[-19,-65],[25,-6],[99,-81],[22,-5],[41,30],[23,-1],[54,-25],[6,18],[-32,23],[-55,4],[-34,-12],[-44,22],[-26,30],[-26,66],[-5,54],[17,38],[63,30],[-41,38],[-18,0],[-63,-55],[-24,7],[-33,-39],[-52,-85],[-8,-40],[-9,-99],[-9,-15],[-60,-29],[-35,-59],[-88,100],[-31,86],[-55,15],[-65,49],[-24,43],[35,89],[49,67],[15,98],[87,21],[56,39],[-58,4],[-36,-6],[-63,-28],[-70,56],[-36,50],[-12,43],[13,36],[8,88],[21,50],[30,18],[27,58],[11,40],[55,120],[19,52],[38,72],[75,113],[-48,-15],[-38,58],[-1,-71],[-7,-61],[-51,-129],[-22,-34],[-14,31],[11,55],[22,43],[3,58],[-32,127],[-6,82],[24,120]],[[23939,104731],[106,-41],[48,-56],[9,-53],[-18,-44],[-109,-21],[-107,12],[-135,-17],[-115,10],[-141,47],[-90,-62],[-112,-3],[-126,52],[-146,-15],[-209,-36],[-41,31],[49,46],[173,57],[145,30],[173,16],[217,84],[155,30],[71,0],[203,-67]],[[23720,104391],[273,-14],[13,-14],[-53,-61],[-145,-33],[-189,-30],[-39,-14],[50,-33],[146,3],[59,-44],[-7,-89],[-20,-29],[-165,-49],[-72,-13],[-114,2],[-247,-53],[-144,12],[-92,50],[-96,20],[-82,34],[-15,31],[30,33],[-51,90],[19,78],[140,23],[171,41],[374,51],[114,-5],[142,13]],[[21982,103932],[26,-24],[-50,-36],[-202,-55],[-24,-48],[146,-81],[-19,-38],[-67,5],[-43,-27],[99,-85],[-13,-31],[-81,-47],[-85,-21],[-181,-28],[-15,-99],[-37,-47],[-116,-15],[-119,45],[-61,63],[19,79],[63,131],[-34,12],[-144,-42],[-37,-46],[-19,-72],[-91,-13],[-30,-25],[60,-42],[0,-51],[-70,-49],[-49,-70],[-60,-11],[-95,92],[-68,3],[2,-76],[-29,-35],[61,-30],[-64,-85],[-61,-35],[-169,-21],[-53,114],[-24,16],[-46,82],[-44,-2],[-41,-89],[-66,-23],[-73,-1],[-164,33],[-51,-10],[-117,-46],[-45,4],[-37,36],[32,45],[-26,54],[-95,-21],[44,58],[86,78],[53,30],[256,25],[140,112],[71,43],[174,63],[44,58],[54,28],[126,89],[252,143],[93,17],[278,30],[200,-39],[47,-3],[44,30],[104,-13],[48,25],[-111,32],[-4,20],[70,40],[162,9],[276,-112]],[[24458,103121],[150,0],[44,-38],[-10,-34],[-74,-63],[189,42],[96,-18],[56,-66],[94,24],[-57,74],[63,58],[95,23],[168,-32],[103,-49],[42,-114],[-13,-71],[-54,-81],[-8,-55],[-55,-138],[-79,-62],[-168,-47],[-128,-46],[-65,-8],[-106,15],[-122,30],[-182,-36],[-82,10],[-53,21],[40,19],[-68,26],[-58,-34],[-171,-79],[-229,-26],[-72,-17],[-82,-38],[-42,-40],[-65,-30],[-118,-34],[-151,-52],[-270,-52],[-169,-10],[-170,18],[-110,36],[-147,72],[-38,41],[84,60],[92,28],[184,40],[166,62],[59,11],[160,10],[140,-3],[96,31],[84,45],[76,61],[-50,22],[-151,-58],[-216,-21],[-75,40],[-41,8],[-69,-46],[-52,-19],[-260,-24],[-45,27],[-14,62],[43,69],[88,46],[-29,10],[-99,-23],[-60,26],[-39,-111],[-89,26],[-26,-14],[50,-54],[-32,-52],[-139,-55],[-74,-9],[-69,73],[-68,1],[-44,-58],[-41,-26],[-141,46],[-115,80],[-124,-12],[-55,2],[-170,30],[-33,55],[72,81],[80,31],[321,7],[46,5],[253,79],[72,54],[-310,-62],[-134,-13],[-205,10],[-47,27],[66,63],[198,38],[189,21],[123,0],[165,34],[-208,-1],[-251,-8],[-108,30],[36,54],[-21,35],[53,44],[83,31],[434,-18],[-29,29],[-218,18],[-58,35],[18,42],[68,45],[199,38],[158,3],[116,-32],[47,-93],[80,-59],[222,31],[162,-34],[123,-81],[161,-82],[-62,-45],[-4,-21],[119,0],[67,-14],[80,-123],[77,-39],[202,3],[469,-30],[47,22],[16,51],[-15,46],[-291,103],[-25,41],[142,57],[13,31],[-24,45],[-77,43],[-67,6],[-100,41],[-39,50],[16,30],[138,65],[179,148],[82,32],[91,6],[125,-52],[-55,-94],[35,-87],[113,-72],[24,-60],[-88,-73],[30,-37]],[[22334,100970],[61,-2],[57,21],[230,44],[3,79],[14,26],[82,73],[46,9],[109,-6],[103,-31],[138,-30],[202,-76],[64,-32],[6,-28],[-36,-60],[-87,-85],[-97,-49],[75,-35],[78,67],[47,29],[14,-57],[44,2],[62,41],[60,63],[92,41],[25,21],[80,17],[3,61],[-122,63],[-47,52],[10,40],[223,-16],[136,-67],[48,-42],[118,-50],[53,-45],[-9,-36],[81,-28],[44,-87],[54,-169],[65,-148],[23,-93],[22,-28],[75,-42],[48,-5],[33,53],[117,65],[13,46],[-80,82],[-53,76],[-33,95],[-10,88],[-37,47],[0,43],[-22,40],[-83,281],[12,49],[76,14],[-37,60],[21,28],[105,-12],[77,-25],[130,-60],[56,52],[41,-6],[118,-43],[137,-78],[92,-38],[64,-52],[72,-86],[1,-49],[30,-46],[30,-137],[121,-270],[38,-69],[85,-105],[45,-76],[13,-89],[-13,-60],[-34,-56],[-28,-89],[19,-25],[118,-84],[73,-103],[126,-81],[99,-37],[64,-39],[36,19],[-28,49],[11,22],[103,-82],[130,-68],[129,-79],[88,0],[31,-13],[7,-58],[20,-23],[141,8],[36,-23],[24,-50],[21,-99],[-8,-96],[-37,-29],[-59,7],[-63,43],[-20,53],[-64,-84],[-73,24],[-110,67],[-57,-20],[-84,-60],[21,-60],[-30,-43],[-41,-3],[-108,30],[-103,56],[-35,-25],[110,-91],[27,-8],[8,-73],[-25,-81],[78,65],[115,57],[34,27],[100,6],[37,-14],[24,-36],[-27,-29],[-4,-49],[25,-27],[58,-13],[12,-53],[-24,-67],[-42,-22],[-129,-41],[-45,-20],[-85,-15],[-53,-26],[-91,3],[-105,-13],[-120,25],[-84,11],[-97,39],[-75,-35],[-182,30],[-22,22],[51,60],[0,18],[-83,8],[-92,24],[-92,13],[-70,-4],[-45,9],[-69,39],[0,72],[-27,46],[-40,18],[-41,-2],[-67,-58],[-60,-103],[-31,-18],[-79,-75],[-29,-18],[-144,-30],[-171,-12],[-65,-23],[-61,-44],[-73,-41],[-179,-52],[-166,-29],[-174,-12],[-129,-20],[-96,6],[-62,-29],[-71,-6],[-268,-10],[-191,-24],[-90,10],[-72,65],[-74,106],[-21,43],[8,76],[-5,44],[-29,102],[-130,35],[-85,11],[-128,2],[-157,-5],[-156,11],[-165,34],[-141,54],[-68,95],[-96,88],[-37,53],[-16,52],[-16,103],[21,29],[198,47],[350,50],[319,34],[145,-2],[86,-17],[85,-7],[155,-4],[196,-24],[127,19],[26,13],[138,-2],[52,22],[-32,27],[-133,59],[-351,106],[-209,46],[-71,3],[-125,-13],[-173,-33],[-161,-13],[-232,-9],[-115,23],[-227,-12],[-202,16],[-231,161],[-38,49],[36,41],[115,62],[40,15],[171,34],[170,40],[134,38],[181,27],[-53,25],[23,29],[84,10],[89,-12],[46,28],[-85,22],[-407,-64],[-190,-5],[-131,-28],[-73,1],[-86,27],[-13,19],[27,37],[91,22],[47,61],[-215,-12],[-72,6],[-97,23],[-41,48],[2,92],[13,46],[121,113],[75,23],[53,36],[-11,30],[-80,72],[36,66],[83,62],[198,122],[101,52],[97,28],[136,60],[348,98],[312,99],[115,-26],[59,-62],[26,-100],[-1,-70],[-19,-60],[-58,-76],[-74,-70],[-8,-20]],[[20555,101913],[90,56],[91,-2],[19,-19],[6,-87],[36,11],[96,91],[68,33],[118,13],[80,0],[153,-21],[109,-38],[162,-89],[260,-174],[111,-51],[42,-29],[40,-72],[-18,-40],[-186,-71],[-168,-44],[-198,-91],[-136,-43],[-177,-84],[-334,-135],[-58,-47],[-94,-154],[-36,-37],[-87,-36],[-110,-9],[-31,-10],[-5,-54],[-58,-148],[-26,-159],[-61,-79],[-106,-36],[-78,-20],[-107,-16],[-51,37],[-43,-3],[-138,-111],[-135,-44],[-57,-41],[-75,-25],[-54,4],[-40,18],[-61,59],[-70,127],[-140,158],[-257,98],[-182,86],[-161,-8],[-27,11],[27,47],[1,52],[61,28],[-21,33],[45,45],[45,72],[135,102],[-15,35],[10,104],[24,32],[119,39],[-2,49],[-51,11],[-34,33],[11,31],[72,73],[58,109],[106,67],[28,72],[79,78],[-25,36],[-74,19],[-59,60],[-148,245],[419,54],[288,18],[299,47],[83,3],[64,-9],[148,-68],[112,-42],[208,-62],[130,-12],[-52,-50],[-7,-26]],[[37693,107443],[278,-11],[90,4],[104,-28],[516,-10],[57,-23],[-140,-55],[-519,-88],[63,-19],[264,13],[269,46],[301,63],[164,-15],[46,44],[71,7],[161,-76],[102,28],[168,-7],[57,-25],[-58,-36],[191,-92],[-56,-72],[264,43],[264,-19],[76,-13],[92,-78],[-23,-38],[-307,-147],[-110,-23],[-374,-101],[-182,-32],[-152,-37],[-223,7],[-92,-47],[-174,-24],[-211,-8],[-98,-82],[-606,-119],[127,-20],[880,145],[170,9],[156,-10],[-17,-34],[-223,-95],[-282,-87],[-141,-65],[-358,-112],[-292,-113],[-112,-57],[-151,-101],[-113,-36],[-140,19],[-179,68],[155,-142],[-18,-27],[-285,-29],[-126,-26],[-200,-14],[37,-23],[114,-9],[252,31],[105,-17],[-65,-59],[-203,-54],[83,-40],[-94,-53],[-197,-38],[-161,-4],[-345,82],[-237,33],[-86,-4],[-90,-24],[207,-35],[197,-14],[83,-69],[10,-30],[-32,-46],[-59,-17],[-136,4],[-184,-30],[-134,3],[-157,-23],[-175,6],[-101,27],[-283,24],[206,-61],[61,-55],[57,-9],[118,-45],[173,-22],[125,19],[85,-2],[-18,-111],[-37,-10],[-202,0],[-231,51],[-212,-20],[-82,1],[-214,-19],[-112,0],[-181,15],[-110,-4],[238,-82],[128,22],[233,25],[103,4],[91,-11],[104,-30],[54,-43],[134,-5],[103,-14],[227,-84],[-39,-64],[-113,-47],[-177,-14],[-194,5],[-139,-5],[302,-74],[101,-47],[-123,-66],[-107,-131],[-72,-14],[-95,2],[-120,-33],[-91,-6],[-164,12],[-190,-1],[-24,-62],[12,-143],[-10,-60],[-71,-66],[-144,-44],[-409,-26],[-227,9],[-103,28],[-220,93],[-46,-7],[120,-96],[-75,-20],[-186,-17],[78,-43],[104,0],[142,34],[151,-15],[137,-59],[119,27],[145,2],[54,-24],[21,-46],[-13,-65],[33,-27],[82,-27],[64,-6],[114,52],[58,7],[99,-78],[5,-60],[-47,-69],[-56,-45],[-222,-75],[-120,-60],[-76,-28],[-151,-36],[-80,-7],[-171,-40],[-93,5],[-12,19],[55,96],[1,24],[-48,39],[-67,26],[-144,-17],[-79,22],[-72,67],[-110,5],[51,-76],[-8,-30],[-395,-16],[-169,8],[-34,26],[-82,112],[-17,-198],[-296,-32],[-183,27],[-149,54],[-61,35],[-43,55],[-48,-40],[-40,-87],[-230,45],[-47,85],[-2,-124],[-207,17],[-99,-4],[-139,31],[-194,11],[-68,11],[24,208],[249,103],[73,49],[54,20],[194,20],[159,0],[166,40],[-77,66],[-112,26],[-54,28],[-66,62],[-107,140],[26,41],[89,32],[178,35],[75,0],[215,-52],[73,-39],[150,-148],[49,-29],[218,-53],[72,-9],[261,18],[86,15],[161,106],[118,92],[66,72],[2,70],[-205,-179],[-43,-32],[-119,-55],[-132,-7],[-109,25],[-128,-40],[-78,11],[-68,27],[-1,127],[-87,102],[176,83],[142,83],[22,34],[-123,-7],[43,179],[-82,-134],[-134,-105],[-57,-20],[-216,-18],[54,66],[-3,61],[-122,-55],[-166,-44],[-145,4],[-73,27],[21,67],[0,83],[183,153],[50,69],[193,30],[188,13],[157,36],[77,6],[74,-17],[300,-28],[217,-43],[96,46],[187,-2],[99,14],[127,54],[-85,7],[-140,-36],[-211,22],[-246,4],[-183,18],[-61,34],[-12,45],[93,12],[148,-39],[55,20],[-182,84],[-111,94],[-108,73],[-86,73],[-126,48],[-195,20],[-133,77],[-25,107],[-41,65],[39,84],[66,38],[391,-30],[166,5],[211,-11],[113,-20],[245,-108],[112,-39],[102,-53],[178,-115],[134,-42],[145,-25],[191,-5],[120,39],[-200,4],[-101,11],[-119,59],[-172,105],[-161,68],[-214,131],[-9,28],[154,33],[531,43],[317,52],[143,74],[424,85],[300,31],[116,5],[108,22],[-184,17],[-209,-1],[-187,11],[-56,19],[30,57],[117,76],[256,96],[172,40],[50,28],[-371,-62],[-130,-45],[-130,-67],[-159,-20],[-69,-51],[-49,-79],[-74,-41],[-126,-49],[-299,-67],[-464,-59],[-176,10],[40,33],[147,61],[-55,21],[-96,-16],[-212,-14],[-84,-25],[-146,-73],[-116,-18],[-304,-1],[-143,34],[-179,-9],[-95,24],[-25,37],[120,78],[209,84],[134,39],[193,34],[453,38],[21,28],[-459,-32],[-390,-38],[-155,-53],[-289,-140],[-85,-35],[-131,-8],[-176,29],[-283,79],[-70,52],[33,17],[258,37],[349,-8],[156,8],[155,22],[227,54],[249,77],[-43,30],[-228,-34],[-255,-73],[-222,-26],[-550,-14],[-174,-20],[-78,4],[-121,57],[11,30],[131,33],[121,15],[-145,32],[70,53],[183,54],[92,17],[169,11],[9,25],[-129,3],[-170,-14],[-453,-87],[-104,17],[19,22],[242,92],[-266,27],[-163,-40],[-102,-9],[-96,36],[12,30],[146,65],[249,55],[111,11],[182,0],[85,14],[173,63],[105,27],[172,22],[145,-8],[143,-52],[74,-5],[128,36],[160,-16],[97,-31],[283,5],[-91,38],[-433,89],[-13,19],[281,46],[176,70],[130,28],[180,-48],[265,-29],[198,-114],[129,-41],[104,10],[-112,41],[-18,44],[59,11],[325,-79],[353,-71],[313,-46],[-170,60],[-457,102],[-180,53],[-154,73],[-1,20],[146,42],[116,14],[-150,52],[2,17],[183,9],[133,-30],[130,-5],[-115,80],[47,40],[120,-7],[198,-39],[355,-19],[-59,35],[-214,53],[-104,48],[87,27],[241,-3],[223,-26],[190,10],[167,-15],[361,-132],[93,-75],[47,-9],[151,46],[-26,22],[-151,49],[-111,57],[-169,65],[-75,55],[471,24],[454,-21],[74,-15],[169,-85],[147,-50],[169,-10],[-156,55],[-71,38],[38,58],[177,51],[283,13],[190,-51],[189,49],[307,11],[164,-62]],[[28827,104198],[86,-23],[192,14],[223,-10],[147,6],[96,-19],[59,-49],[-72,-19],[-61,-97],[-109,-14],[-195,14],[-538,6],[-95,69],[9,49],[33,25],[156,43],[69,5]],[[29489,102482],[22,-47],[5,-59],[-29,-103],[-26,-19],[-123,-10],[-243,-2],[-89,37],[-112,58],[-56,2],[-141,20],[-78,64],[-69,-3],[-31,44],[-59,-6],[-13,43],[73,95],[70,18],[18,73],[58,54],[97,52],[212,58],[137,1],[75,-19],[177,-106],[54,-46],[86,-131],[-15,-68]],[[27286,101810],[288,-133],[127,18],[90,19],[126,17],[109,38],[86,5],[121,-27],[39,-33],[37,-78],[-53,-46],[-81,-17],[-65,-58],[80,7],[41,-38],[-14,-21],[-179,-64],[-129,-105],[-69,-44],[-20,-27],[24,-41],[63,36],[82,27],[74,0],[84,-27],[62,-47],[-28,-32],[48,-17],[52,-47],[4,-28],[-29,-47],[36,-3],[63,31],[66,16],[45,-8],[33,-91],[2,-41],[-28,-58],[-40,-32],[-54,-17],[44,-27],[25,-41],[-8,-37],[-51,-62],[49,-48],[4,-84],[-114,-26],[-94,-73],[-82,-25],[-41,-2],[-204,20],[-36,33],[-9,54],[-50,-18],[13,-36],[65,-98],[11,-73],[-73,-57],[-85,-29],[-42,7],[-69,35],[-62,-1],[-37,35],[-43,83],[-61,58],[-52,66],[-133,96],[-69,57],[-92,92],[-69,30],[-63,6],[-77,67],[-98,-25],[-77,23],[-38,59],[-48,47],[-146,68],[-87,78],[-18,27],[8,49],[62,101],[58,36],[45,9],[96,-13],[57,-71],[72,-37],[66,-85],[89,-21],[206,38],[15,21],[16,105],[57,-48],[34,5],[11,35],[-64,97],[-85,12],[-1,36],[33,35],[147,-8],[-86,62],[-37,12],[-44,-28],[-134,-24],[-191,96],[-25,34],[20,30],[48,24],[119,17],[102,-65],[48,9],[-25,41],[-60,23],[-58,49],[-11,46],[24,24],[147,25],[104,-27],[64,-3],[27,32],[-82,-2],[-25,28],[77,35]],[[32430,96417],[27,-4],[78,119],[37,8],[81,-57],[29,-32],[33,-61],[63,-23],[60,-7],[79,-24],[29,-17],[63,-84],[79,-40],[110,-77],[136,-37],[75,-47],[41,-53],[49,-83],[38,-132],[-16,-59],[-62,-54],[64,-6],[129,34],[80,-24],[33,-2],[29,41],[31,-6],[76,-73],[10,-40],[108,-66],[-14,-25],[-69,-55],[-71,-48],[-82,-72],[-32,-12],[-46,14],[-65,34],[-202,78],[-62,17],[-79,9],[-11,19],[-19,118],[-36,21],[-122,25],[-36,14],[7,64],[-17,20],[-82,-9],[-65,-27],[-42,-54],[-15,-88],[-22,-36],[-101,-96],[-41,-28],[-56,-18],[-27,-35],[-41,-86],[-43,-51],[-112,-69],[-95,-36],[-52,-12],[-36,12],[-24,82],[-50,240],[-31,30],[-170,-30],[-93,3],[-92,-54],[-71,-3],[-42,15],[-4,48],[54,98],[49,58],[159,80],[58,53],[-8,63],[-27,85],[-7,118],[11,60],[39,145],[14,71],[24,253],[34,138],[69,119],[39,32],[50,22],[38,-45],[69,-31],[38,-64],[8,-44],[-41,-47],[-5,-22],[62,-46],[47,-109]],[[28071,103376],[-13,-65],[11,-37],[60,-75],[-1,-46],[-27,-35],[-13,-70],[16,-55],[-89,-70],[155,-41],[0,-74],[25,-83],[-108,55],[-77,-57],[9,-96],[50,-44],[11,-39],[-43,-7],[-99,37],[46,-72],[-57,-17],[-152,-15],[-200,4],[-91,18],[-70,-37],[-208,14],[-41,37],[-44,76],[9,19],[105,10],[-73,34],[-125,35],[6,37],[148,34],[107,67],[128,53],[130,9],[5,18],[-245,-11],[-337,-37],[-104,-19],[-87,11],[-368,-58],[-55,18],[-32,35],[23,24],[108,46],[54,40],[-6,22],[43,39],[69,6],[117,-32],[63,8],[-31,45],[25,45],[-97,11],[-53,46],[35,42],[82,42],[-130,10],[-78,31],[11,30],[85,66],[62,8],[115,-26],[68,-40],[28,-62],[53,-24],[301,-166],[52,-9],[61,22],[-99,43],[-46,55],[101,31],[-125,18],[-79,28],[19,18],[108,13],[-45,42],[-162,23],[-83,49],[21,30],[151,56],[109,13],[136,-6],[116,-65],[54,-41],[96,7],[-45,92],[106,50],[62,-17],[100,-57],[146,-35],[37,-32]],[[26118,105145],[80,-13],[95,-40],[89,-85],[-27,-78],[111,-9],[4,35],[178,49],[57,-6],[138,-61],[53,-6],[38,-35],[-39,-57],[79,-25],[164,23],[143,-57],[80,-68],[59,-22],[-24,-56],[-58,-34],[34,-84],[64,-15],[147,-100],[45,-75],[-57,-87],[-269,-39],[-109,24],[-107,37],[-65,64],[-16,57],[-85,66],[-76,3],[-182,41],[-77,9],[-188,-19],[-60,50],[18,26],[-323,-32],[-92,-37],[-128,6],[-150,51],[-76,72],[-4,31],[92,38],[175,-24],[153,-13],[66,13],[30,33],[-152,43],[125,19],[65,27],[-49,20],[-168,-3],[-50,31],[95,55],[-93,54],[-83,-21],[-117,-80],[-80,19],[80,83],[-57,37],[-216,-11],[-12,82],[63,98],[184,-7],[390,26],[95,-23]],[[30054,106273],[45,-52],[164,-123],[75,-45],[127,-56],[13,-58],[267,-60],[64,20],[117,1],[55,-32],[7,-75],[-24,-44],[68,-56],[164,-42],[116,-3],[-62,62],[-80,18],[-10,82],[74,25],[103,1],[154,-36],[16,-114],[-101,-56],[245,-33],[77,-93],[-57,-144],[-51,-51],[148,11],[72,30],[107,-7],[53,-18],[79,-75],[50,54],[103,-26],[149,-126],[7,-27],[-84,-47],[-274,-68],[-214,-76],[-81,-1],[-20,-48],[-205,-138],[-84,19],[-20,28],[-11,102],[-71,11],[-2,-117],[-21,-57],[77,-23],[-13,-75],[-83,1],[-101,65],[-54,-11],[40,-76],[6,-43],[-64,-124],[-103,11],[-191,142],[-93,84],[-51,-16],[109,-111],[86,-103],[-50,-6],[-165,74],[-110,11],[-66,-14],[62,-25],[49,-51],[-98,-22],[-272,23],[-167,31],[-153,47],[-112,47],[-58,45],[42,16],[269,46],[-266,27],[-188,3],[-125,88],[101,35],[-193,40],[-72,35],[-17,41],[297,90],[154,10],[54,19],[47,60],[231,22],[179,27],[-308,8],[-81,41],[-115,6],[-379,-98],[-61,14],[51,51],[-110,2],[-192,-40],[-87,-28],[-73,40],[-116,22],[-26,17],[24,68],[390,87],[-21,36],[-244,-45],[-152,4],[-88,28],[-158,89],[-43,43],[-18,67],[-45,69],[338,-43],[132,-8],[256,-3],[19,94],[-206,-41],[-72,1],[-83,59],[-88,-11],[-106,20],[-52,29],[11,38],[111,19],[90,-11],[45,19],[-183,98],[7,85],[142,21],[71,-22],[96,-2],[68,-25],[45,-47],[139,-8],[190,1],[-93,31],[-135,20],[-65,68],[-247,54],[83,101],[98,30],[158,-11],[236,46],[165,-12],[37,43],[-59,34],[-240,9],[-37,66],[55,12],[247,9],[102,-11],[213,-43],[141,-57],[38,-33]],[[29232,103653],[165,0],[69,-25],[130,-64],[9,-63],[-76,-88],[1,-33],[146,91],[94,-11],[144,8],[173,37],[165,4],[62,-12],[177,-74],[-6,-49],[-82,12],[-198,9],[37,-32],[164,-6],[535,-84],[23,-27],[-64,-43],[-310,-19],[-175,17],[-148,28],[-50,-7],[44,-37],[89,-11],[104,-41],[158,-14],[74,-51],[82,-29],[33,-44],[63,2],[79,-39],[26,-36],[-54,-57],[-90,-38],[118,-12],[124,-69],[38,30],[-20,54],[27,37],[74,-2],[125,-82],[161,39],[64,-56],[60,66],[37,16],[151,-78],[91,-18],[106,-35],[97,-7],[16,29],[-56,37],[33,17],[133,32],[72,-5],[131,45],[131,6],[163,68],[66,34],[64,-4],[173,-38],[49,3],[184,39],[137,8],[172,-23],[170,-36],[-15,-32],[65,-26],[162,-1],[71,-8],[66,-54],[-55,-32],[64,-14],[150,-12],[52,-95],[-43,-60],[-117,-50],[-130,-42],[33,-30],[76,-7],[104,19],[71,-20],[42,-44],[-36,-24],[-149,-29],[-88,38],[-38,-11],[56,-50],[-21,-29],[-3,-57],[-20,-47],[-323,-10],[-199,-55],[-88,3],[-118,33],[-110,-3],[-67,22],[-63,79],[5,77],[-104,42],[-27,-31],[49,-44],[-17,-58],[-47,-53],[-115,-13],[-129,-30],[-144,2],[-51,14],[-66,39],[-26,-48],[-86,10],[-70,-5],[-90,-22],[-50,0],[-53,25],[-79,-17],[-107,27],[-3,-42],[-112,-5],[-126,13],[-79,-20],[-140,13],[-143,3],[-45,29],[6,42],[68,109],[-67,29],[-50,-19],[-33,-54],[-96,21],[-54,-10],[8,-58],[-23,-18],[-101,-34],[-156,4],[-118,30],[-66,2],[-78,52],[-118,25],[-2,-54],[-70,11],[-57,-10],[-124,58],[-31,30],[-72,160],[39,31],[-99,81],[-27,72],[33,82],[75,82],[15,30],[-40,116],[-99,87],[-139,141],[-72,87],[-73,4],[-122,-54],[-64,-2],[-302,14],[-88,-22],[-95,5],[-59,61],[-134,33],[-68,44],[86,31],[-291,103],[-69,15],[56,24],[78,5],[6,23],[-78,28],[-52,36],[19,36],[130,21],[108,28],[144,8],[175,-28],[283,-65]],[[28581,104657],[81,-16],[139,8],[180,-54],[50,-53],[-131,-51],[-20,-24],[77,-29],[57,-63],[-52,-52],[-124,-18],[-191,-47],[-159,-10],[-122,-37],[-53,-4],[-35,79],[-114,31],[-79,67],[211,16],[5,26],[-101,28],[-170,17],[-79,59],[-6,38],[-63,26],[-21,55],[87,25],[-78,84],[-15,50],[41,19],[283,-13],[152,-39],[120,-20],[109,-57],[21,-41]],[[29615,101944],[134,-30],[98,-32],[92,-56],[119,26],[83,9],[185,-11],[158,-36],[93,-52],[-10,-27],[-62,-86],[-69,-66],[-57,-33],[-46,-69],[-79,-82],[-87,-29],[44,-26],[-11,-31],[-56,-74],[-96,-110],[-73,-59],[-94,-22],[-323,52],[-81,-1],[-216,-28],[150,-54],[68,-68],[13,-37],[-7,-49],[-108,-104],[-57,-139],[-36,-18],[-120,26],[-175,-19],[-63,10],[9,94],[-9,103],[-20,97],[-101,174],[-23,99],[9,145],[-19,238],[-1,70],[27,36],[62,17],[195,-58],[-83,88],[-32,80],[10,32],[51,35],[167,45],[186,12],[53,-9],[127,38],[81,-11]],[[28160,99138],[69,19],[123,-102],[62,-24],[134,-78],[40,-54],[79,-146],[69,-78],[56,-39],[72,35],[36,-41],[-67,-49],[-75,-6],[-72,-68],[-43,-12],[-83,-62],[-46,-23],[-68,-6],[-139,48],[-87,-6],[-71,9],[-80,51],[-62,29],[-119,42],[-20,56],[-28,7],[-55,-26],[-81,11],[-28,30],[-16,42],[-52,-10],[-12,-33],[-55,0],[-64,33],[-42,73],[37,60],[127,11],[59,11],[64,33],[91,71],[-35,79],[22,23],[-18,29],[54,12],[57,-49],[20,17],[-43,73],[7,77],[64,49],[99,18],[34,-13],[95,-63],[-9,-60]],[[40553,84421],[11,-5],[46,31],[24,-23],[-58,-41],[23,-28],[-28,-26],[-14,-30],[12,-27],[43,27],[43,-6],[36,22],[78,107],[4,14],[-83,-22],[-11,15],[55,65],[-4,34],[27,54],[44,51],[27,16],[19,-26],[6,-46],[45,7],[45,-10],[33,-20],[5,-28],[-29,-59],[37,-33],[-5,-15],[-59,-38],[-35,-38],[-30,-47],[-62,-55],[-98,-40],[-31,0],[-37,13],[-36,-3],[-36,-15],[-68,-5],[-43,59],[-14,30],[-15,139],[5,74],[24,69],[37,45],[20,37],[127,306],[38,41],[64,85],[56,3],[-6,-50],[31,-97],[-17,-96],[-34,-124],[-9,-68],[5,-21],[-28,-61],[-57,-49],[-58,-30],[-65,-62]],[[35913,83837],[49,23],[101,91],[75,33],[96,96],[71,18],[14,22],[18,107],[33,78],[39,66],[32,91],[58,58],[88,48],[80,107],[45,32],[43,23],[18,43],[26,25],[71,50],[79,13],[79,42],[61,22],[37,39],[54,21],[162,112],[44,52],[58,108],[51,54],[18,58],[73,94],[76,125],[37,90],[56,49],[109,141],[58,57],[25,6],[66,51],[41,52],[66,53],[119,64],[112,78],[151,68],[177,100],[144,54],[100,8],[123,25],[43,-2],[191,-44],[92,-54],[104,-114],[16,-30],[2,-42],[-55,20],[-15,-22],[58,-69],[-3,-88],[-33,-79],[-97,-38],[-24,-32],[-20,-51],[-20,-20],[-47,-22],[-26,-33],[-76,-53],[-35,-6],[-39,12],[-95,50],[-59,48],[-53,-53],[-56,8],[-27,-12],[-42,14],[-87,-61],[25,-6],[69,34],[24,-4],[51,-44],[123,-48],[32,-33],[30,-101],[20,-16],[42,10],[48,50],[39,27],[77,22],[-15,-33],[59,3],[58,-46],[-21,-31],[-30,-64],[-20,-125],[-59,-84],[-79,-82],[43,-32],[51,24],[34,-2],[38,-16],[-12,-63],[-14,-44],[31,-117],[31,-18],[12,-98],[16,-54],[-2,-44],[32,-27],[5,-44],[112,-13],[23,-16],[78,-17],[29,-37],[-77,-53],[62,-39],[59,-63],[66,11],[51,-40],[22,-36],[64,19],[66,-4],[73,-23],[-17,-57],[56,8],[35,-25],[21,27],[69,41],[89,86],[11,-11],[16,-85],[35,-36],[40,-8],[56,27],[23,-24],[26,-46],[25,-60],[-2,-22],[-61,-46],[121,-12],[26,-35],[-24,-37],[-22,15],[-40,-13],[-35,-32],[-38,-17],[-24,-2],[-52,-37],[-25,-6],[-80,-56],[-81,-36],[-85,-58],[-87,-36],[-89,-43],[-42,-3],[-52,-43],[-51,-1],[-30,9],[-1,-69],[-21,-39],[-52,4],[-44,37],[-11,35],[-27,26],[-15,-35],[0,-27],[-19,-35],[-22,61],[-41,-23],[-18,-65],[22,-69],[-21,-26],[-14,7],[-32,-73],[-37,-27],[-38,-76],[-46,-57],[-13,-38],[-77,-87],[-50,0],[-32,-37],[-5,-73],[-29,7],[-18,-27],[-28,22],[-33,-12],[-27,17],[-32,108],[-19,37],[-31,13],[-19,-46],[-31,45],[-23,165],[0,40],[32,139],[79,125],[-17,29],[48,19],[32,2],[33,49],[-48,-19],[24,38],[258,225],[51,36],[104,48],[13,31],[27,2],[-13,-76],[5,-30],[40,-16],[48,65],[118,57],[98,7],[32,27],[-84,18],[-100,-10],[-61,21],[-86,-14],[-89,14],[-28,-18],[-22,-36],[-57,32],[29,62],[91,93],[71,98],[13,32],[-57,-18],[-19,37],[-36,30],[17,-62],[-63,-109],[-41,-8],[-54,-50],[-77,-45],[-89,-84],[-116,-71],[-25,0],[-52,58],[1,-37],[-13,-18],[-37,-24],[-64,-58],[-24,30],[-67,-38],[-57,-10],[-15,49],[-20,7],[-37,-8],[-14,16]],[[42479,87893],[-43,-91],[-50,-19],[-102,-18],[-5,-42],[15,-39],[54,4],[16,-24],[-2,-83],[-24,-78],[-31,-43],[-40,-36],[-15,-29],[-4,-51],[-21,-41],[-63,-105],[-25,-22],[-10,-68],[-19,-40],[-53,-91],[-18,-58],[-2,-52],[-33,-73],[32,-71],[50,84],[37,52],[43,39],[18,50],[26,47],[23,16],[19,-33],[-14,-65],[81,38],[18,-3],[37,-33],[31,4],[49,19],[1,-38],[-19,-28],[-46,-39],[-110,-77],[-4,-28],[51,14],[4,-63],[-51,-77],[77,37],[47,-51],[64,18],[39,17],[7,-68],[26,20],[-2,63],[27,-20],[2,-46],[-21,-88],[-28,-61],[3,-56],[28,27],[2,49],[24,28],[51,38],[15,-24],[47,48],[43,27],[47,63],[27,23],[13,-116],[37,47],[135,16],[33,-10],[83,-65],[17,-35],[-1,-77],[-63,-66],[-18,-26],[-12,-41],[-20,-23],[-88,-63],[21,-2],[85,17],[-12,-27],[-25,-19],[-2,-19],[27,-14],[35,6],[29,-9],[-26,-65],[-7,-30],[-93,-67],[92,19],[20,29],[32,9],[32,-18],[48,50],[46,0],[19,9],[56,51],[12,-54],[-13,-57],[-26,-49],[-30,-23],[-38,-5],[-24,-39],[-43,-39],[-10,-35],[6,-41],[-9,-13],[-46,-12],[17,-27],[-1,-35],[-13,-30],[-57,-75],[9,-44],[24,-49],[55,8],[34,51],[76,157],[67,44],[56,49],[17,-33],[-28,-40],[-54,-136],[-14,-47],[-8,-51],[2,-87],[16,-36],[61,61],[25,41],[30,93],[25,-14],[20,-123],[-11,-76],[-78,-201],[8,-35],[0,-44],[-25,-97],[-36,-85],[-34,-22],[-42,44],[-31,-4],[-53,-49],[-27,30],[12,172],[-11,33],[12,76],[-20,3],[-20,-27],[-56,-96],[-51,-62],[-23,-12],[-33,37],[6,54],[21,74],[42,109],[35,78],[6,33],[-17,43],[-13,84],[-17,69],[-20,31],[-49,33],[-15,-54],[-58,-134],[-10,-59],[-18,-35],[-19,13],[27,68],[-64,-79],[-70,-14],[-80,-132],[-3,-43],[-14,-36],[-39,-65],[-21,-22],[-29,-4],[-44,9],[-41,-20],[-66,-5],[-36,34],[-2,28],[40,61],[78,30],[40,25],[45,61],[58,118],[73,42],[37,34],[25,43],[-52,-12],[-43,23],[-42,-5],[-58,7],[-16,-69],[-16,-41],[-39,-11],[-68,20],[-30,20],[-75,-19],[0,15],[73,42],[8,122],[-25,2],[-35,-17],[-44,7],[-25,-65],[-35,-10],[-46,-23],[-90,-16],[-17,-16],[-61,6],[-178,35],[-63,-4],[-77,21],[-14,10],[-107,-4],[-32,5],[-1,34],[-31,-30],[-63,-35],[-112,-29],[-60,-6],[-35,20],[-14,19],[-21,64],[-14,80],[7,42],[24,39],[106,102],[85,103],[37,53],[34,19],[57,45],[-53,-1],[-79,18],[-75,-12],[-76,0],[-1,22],[36,44],[76,73],[-22,-60],[21,-27],[44,-5],[9,15],[16,79],[33,91],[17,67],[31,50],[74,-14],[47,-46],[-17,56],[17,63],[24,31],[-40,1],[-32,17],[-10,29],[2,51],[36,70],[31,26],[19,-6],[36,-36],[20,21],[-34,57],[-10,63],[73,201],[35,108],[49,165],[46,87],[22,28],[-10,31],[18,28],[38,27],[26,43],[17,51],[-11,44],[21,11],[59,72],[18,81],[23,36],[56,42],[106,55],[62,50],[42,-3],[13,-35],[59,-23],[11,25],[-3,42],[50,11],[22,-38]],[[31861,99988],[13,-14],[144,37],[103,47],[62,17],[187,0],[32,-9],[-22,-37],[67,-47],[27,57],[45,261],[-13,73],[-49,17],[-65,-3],[-75,13],[-49,32],[-69,87],[-107,74],[16,22],[109,50],[47,70],[29,11],[103,-9],[140,-55],[-12,37],[-67,74],[74,42],[-77,19],[-105,-14],[-62,23],[-54,56],[-48,76],[-3,87],[24,51],[41,43],[66,18],[94,-21],[249,-77],[-6,25],[-279,103],[-99,27],[-25,37],[149,143],[138,34],[68,41],[112,2],[106,-19],[-47,49],[63,42],[109,35],[133,27],[61,25],[62,9],[156,4],[87,-4],[117,-21],[88,-61],[37,-74],[30,-102],[42,-43],[118,-49],[27,-28],[-6,-77],[9,-43],[55,-69],[54,-44],[-137,-116],[-111,-83],[82,20],[53,-20],[-74,-103],[-41,-31],[85,-66],[-52,-5],[-33,-30],[-2,-81],[30,-3],[161,147],[92,40],[80,-22],[-71,77],[17,57],[90,28],[42,-66],[77,3],[36,33],[44,-21],[66,-53],[-2,-142],[78,-70],[23,27],[-52,79],[15,103],[41,53],[92,-45],[107,0],[132,-62],[72,-1],[-6,25],[-55,13],[-78,34],[-124,41],[-56,47],[-10,46],[45,56],[119,55],[85,23],[169,7],[124,-10],[66,-16],[77,-38],[97,-38],[75,-6],[90,6],[140,-57],[37,-29],[39,-69],[7,-60],[-117,-116],[168,38],[70,-2],[109,-19],[37,-18],[20,-37],[-13,-52],[-23,-32],[-197,-73],[-107,-10],[84,-26],[89,5],[-44,-65],[-14,-41],[10,-61],[-66,-110],[13,-7],[80,75],[22,81],[33,71],[67,55],[90,6],[50,42],[61,14],[34,-32],[-52,-75],[-113,-121],[46,14],[120,100],[30,-39],[48,-29],[29,-65],[46,-32],[24,17],[-41,83],[12,34],[128,86],[110,-44],[73,3],[85,-11],[162,-48],[62,-32],[69,-64],[24,-52],[-11,-24],[-94,-83],[-34,-12],[-89,12],[-57,-25],[-94,-78],[-114,-67],[109,0],[103,113],[91,20],[128,-44],[62,2],[48,45],[54,30],[33,3],[53,-60],[-7,-84],[-36,-49],[-89,-73],[-57,-28],[-135,-40],[-49,-49],[-55,-35],[40,-22],[31,14],[70,78],[35,3],[34,-30],[-2,-46],[-51,-185],[40,51],[91,192],[23,39],[44,39],[98,58],[77,31],[132,36],[53,-7],[34,-30],[102,1],[77,-15],[95,-47],[135,-49],[32,-27],[13,-52],[-40,-42],[-56,-20],[-50,-36],[-98,-22],[-75,-7],[-137,-55],[-123,-73],[51,-27],[40,12],[55,50],[51,20],[193,29],[56,-5],[11,-33],[-98,-103],[90,-24],[30,17],[57,60],[63,14],[32,25],[-37,20],[39,75],[50,22],[70,-22],[47,-38],[120,-115],[57,-108],[8,-38],[-16,-43],[-40,-5],[-160,35],[-73,-5],[-58,-25],[-62,-53],[-101,-1],[-58,-12],[-133,-48],[52,-18],[99,29],[93,8],[156,-63],[50,-10],[63,12],[124,-4],[105,-32],[96,-52],[29,-32],[3,-59],[-43,-23],[-138,11],[-42,8],[-52,-11],[-96,21],[-59,30],[-88,-29],[-72,19],[-72,-17],[-144,-67],[16,-11],[197,57],[101,-24],[126,-58],[0,-65],[-45,-94],[-150,37],[-43,5],[-94,-25],[-169,39],[-34,-11],[153,-59],[184,-17],[61,-32],[1,-41],[38,-41],[55,-16],[75,16],[69,-32],[117,-23],[88,6],[31,-29],[-80,-31],[-12,-30],[69,-69],[-26,-72],[61,19],[42,-12],[-9,62],[34,25],[109,19],[-21,-149],[-48,-85],[-40,-27],[30,-17],[35,13],[40,65],[81,69],[15,-24],[-11,-46],[37,-21],[56,39],[45,-3],[27,-28],[-21,-85],[4,-21],[47,-56],[-13,98],[8,29],[40,37],[80,54],[30,10],[48,-32],[-65,-61],[-15,-42],[17,-23],[65,-2],[66,35],[38,-18],[126,-117],[47,19],[57,-55],[-77,-43],[24,-92],[-101,3],[-25,-33],[7,-27],[177,5],[4,32],[79,38],[95,-26],[94,-63],[-42,-37],[-32,-93],[-17,-19],[-135,-106],[190,62],[62,16],[123,-13],[76,-14],[88,87],[52,-16],[50,-54],[105,-96],[74,-81],[-3,-24],[-75,-32],[-67,50],[-62,25],[-37,-3],[-26,-29],[149,-77],[28,-81],[-100,-37],[-32,-2],[-69,18],[-73,45],[-61,-3],[50,-56],[-44,-55],[100,-50],[74,-50],[11,-19],[-86,-19],[-76,8],[-10,-27],[29,-43],[10,-45],[-35,-18],[-43,-50],[-16,-52],[-54,5],[-52,-16],[-69,22],[-81,61],[-4,-29],[-79,-22],[49,-24],[58,-11],[-9,-46],[0,-195],[-13,-69],[-28,-60],[-42,-58],[-44,38],[-18,39],[-36,36],[-57,8],[-30,-35],[-66,66],[12,94],[-55,-44],[-29,-85],[-38,33],[-61,81],[-90,102],[-22,65],[-37,67],[-41,54],[8,36],[66,74],[52,29],[61,17],[28,40],[33,71],[58,81],[-51,-23],[-79,-93],[-40,-37],[-103,-43],[-81,-13],[-96,6],[-23,14],[12,41],[-29,26],[-42,3],[-49,46],[-91,45],[-81,113],[-26,59],[-67,44],[6,-49],[-37,-14],[-82,-3],[43,-54],[1,-70],[-42,-11],[-85,60],[-62,36],[-49,6],[62,-124],[53,-50],[125,-95],[-31,-49],[-43,-21],[-52,0],[-95,27],[-44,31],[-64,71],[-107,75],[-23,-1],[-75,-30],[96,-17],[85,-58],[7,-25],[-22,-28],[1,-34],[49,-70],[84,-33],[-30,-94],[17,-36],[64,38],[51,11],[58,-34],[32,-66],[64,-26],[-71,-52],[50,-33],[38,-37],[23,-44],[10,-55],[38,5],[21,-45],[22,-99],[33,87],[41,-18],[100,-73],[-27,-48],[30,-34],[21,8],[42,70],[31,24],[58,-20],[88,-91],[27,12],[53,-59],[-80,-66],[7,-10],[106,0],[29,-15],[7,-30],[-48,-83],[-100,9],[-25,-15],[80,-38],[67,-91],[-7,-36],[55,-12],[33,11],[80,1],[-3,-42],[38,-39],[26,-67],[30,-52],[-51,-16],[4,-67],[17,-68],[-5,-123],[-25,-14],[-37,17],[-65,174],[-35,58],[-69,75],[35,-98],[29,-169],[-22,-44],[6,-18],[78,-108],[47,-98],[-63,-14],[-90,45],[-10,-12],[39,-144],[-1,-34],[-44,2],[-74,86],[-117,90],[-43,-7],[-39,49],[-83,66],[8,-62],[-32,-6],[-41,19],[-28,43],[-36,76],[-10,-62],[-23,-31],[-45,81],[-50,35],[-14,37],[-55,-7],[-28,22],[-79,88],[-74,94],[-38,1],[34,-132],[-40,16],[-138,117],[-86,55],[-124,16],[-18,-30],[42,-67],[40,-50],[40,-34],[62,-67],[79,-111],[77,-37],[82,-12],[-21,-52],[91,-38],[88,-65],[79,-89],[91,-43],[23,-19],[63,-86],[35,-69],[27,-30],[102,-59],[-16,-44],[-36,-22],[26,-84],[-1,-33],[-67,-28],[-58,14],[-129,75],[-128,38],[-48,20],[-41,28],[-320,53],[-53,12],[-65,40],[-122,53],[-97,104],[-61,107],[-20,14],[-67,14],[-92,-20],[-56,3],[-115,66],[-78,26],[-101,68],[35,62],[-88,-48],[-86,52],[-39,38],[-121,151],[94,0],[29,8],[53,43],[26,42],[-45,4],[-39,47],[-34,27],[-38,12],[-131,-10],[-23,30],[44,82],[-22,1],[-77,-45],[-16,3],[-30,48],[-18,55],[-93,79],[-90,103],[-92,87],[57,85],[-119,27],[-35,-22],[-62,7],[-14,-70],[-25,-27],[-25,13],[-11,102],[-25,13],[-72,3],[-33,23],[-42,95],[-96,-20],[-1,-16],[65,-74],[30,-55],[-19,-38],[-67,-19],[-59,-6],[-90,21],[-54,32],[-78,-11],[-17,-82],[-90,-2],[-30,-8],[-98,-45],[-53,-1],[-56,-37],[-45,-3],[-57,20],[-88,7],[-41,12],[-76,39],[-57,2],[-86,83],[-44,73],[-6,83],[16,35],[16,82],[35,51],[40,32],[147,55],[29,22],[-34,81],[46,78],[26,6],[53,-20],[107,-10],[102,-28],[141,-52],[82,-36],[62,-54],[43,-52],[6,-27],[-30,-68],[47,-39],[13,61],[20,43],[-51,79],[-91,75],[22,36],[134,-24],[50,5],[20,30],[44,30],[45,5],[62,-13],[59,3],[35,16],[53,53],[33,12],[89,10],[69,-21],[43,0],[-4,35],[-63,140],[-97,68],[-83,85],[-54,78],[19,43],[151,93],[119,93],[77,79],[54,40],[57,18],[17,23],[13,73],[54,92],[41,24],[103,40],[50,75],[-46,54],[-76,196],[-50,95],[-62,83],[-54,101],[-90,99],[7,63],[-93,-44],[-58,17],[-44,65],[33,92],[-5,51],[-19,26],[-91,0],[52,-76],[-8,-19],[-95,-4],[-53,24],[-77,79],[-11,52],[-78,20],[54,42],[-56,57],[68,39],[-47,13],[-85,-78],[-38,-20],[-51,24],[-54,3],[-34,-40],[-74,-30],[-134,-69],[-59,-22],[-73,17],[15,79],[-4,79],[10,21],[60,27],[100,-16],[46,3],[65,44],[32,35],[8,34],[-48,66],[-88,41],[-124,35],[-38,46],[2,46],[17,19],[79,20],[-65,21],[-57,-19],[-52,-51],[-94,27],[-38,22],[89,57],[3,19],[-53,38],[-74,11],[-89,-11],[-34,6],[-24,75],[-20,127],[-41,47],[-107,-17],[-44,6],[-115,77],[-95,97],[-27,45],[-62,-4],[-63,-58],[-20,-51],[19,-17],[113,-30],[53,-51],[30,-86],[-1,-35],[-38,-43],[-69,-33],[-72,-19],[-107,0],[-186,63],[-34,1],[-140,34],[-53,3],[-92,21],[-158,12],[11,-38],[67,-16],[46,-25],[93,-82],[29,-50],[-29,-25],[-219,132],[-195,-63],[-53,-3],[-67,18],[-149,64],[-76,25],[-130,-27],[-113,-2],[-225,27],[-83,17],[-50,28],[-48,0],[-130,20],[-118,-46],[-143,43],[-42,25],[-55,89],[-6,39],[24,57],[-67,-26],[-63,-8],[-106,15],[-12,-22],[32,-33],[-59,-9],[-91,10],[-57,-10],[-41,-32],[-38,-4],[-94,73],[-77,46],[-88,17],[-64,32],[-123,147],[-56,147],[3,45],[116,-15],[112,1],[61,-10],[71,-28],[92,-21],[66,-4],[107,8],[120,19],[13,15],[-77,25],[-70,34],[-102,63],[-64,12],[-181,8],[-167,29],[-115,40],[-94,44],[-52,43],[-30,156],[-31,128],[32,62],[91,67],[-54,32],[-18,65],[5,61],[54,97],[117,147],[32,165],[51,70],[47,44],[74,36],[19,57],[183,119],[153,79],[85,23],[239,47],[124,12],[155,-3],[287,-25],[34,-19],[13,-52],[-79,-56],[-99,-48],[-64,-41],[-138,-125],[-135,-186],[-50,-56],[-13,-67],[25,-63],[73,-85],[20,-39],[-10,-167],[3,-43],[42,-139],[62,-79],[171,-135],[71,-39],[85,-58],[19,-28],[-39,-31],[-91,-48],[-120,-20],[-65,-19],[-79,-42],[-140,-52]],[[40316,86377],[-143,-9],[-114,38],[-84,19],[-83,33],[-179,108],[-37,84],[-34,43],[-37,34],[-189,105],[-16,38],[38,24],[44,11],[38,-2],[127,-41],[160,-36],[69,-27],[79,-42],[77,-51],[170,-135],[31,-11],[77,-65],[27,-50],[14,-40],[-35,-28]],[[39629,84747],[26,7],[19,50],[50,-13],[27,-22],[30,2],[28,-30],[53,-23],[57,3],[96,20],[88,11],[89,6],[30,-13],[17,-28],[-101,-89],[-70,-47],[-9,-22],[7,-117],[-72,-7],[-46,21],[-9,42],[3,34],[-19,45],[-21,-4],[-35,40],[-53,-33],[-2,-29],[-100,35],[-24,13],[-31,36],[-24,49],[-20,25],[-54,-2],[-31,13],[1,84],[-10,24],[-34,19],[-52,6],[-5,32],[17,48],[44,83],[79,99],[4,-92],[-36,-86],[62,-84],[14,-42],[-15,-40],[32,-24]],[[33426,94984],[17,-43],[-13,-68],[-43,-76],[-93,-83],[-62,-72],[-152,-120],[-40,-4],[-41,18],[-42,3],[-110,-48],[-22,89],[-48,62],[1,46],[55,57],[124,209],[29,10],[61,-23],[49,-7],[89,44],[84,-5],[77,25],[64,-3],[16,-11]],[[34263,94648],[27,-17],[61,-86],[6,-38],[-19,-99],[-16,-37],[-58,-98],[-43,-102],[-33,-31],[-45,22],[-67,73],[-38,18],[-24,51],[1,121],[13,62],[72,117],[53,38],[53,-5],[57,11]],[[35583,98318],[178,-55],[31,-58],[0,-41],[-22,-68],[14,-133],[-1,-72],[-13,-61],[-25,-48],[-68,-58],[-129,-52],[-92,-13],[-97,-2],[-124,-14],[-56,3],[-49,16],[-25,33],[-50,117],[-28,123],[27,90],[96,149],[70,87],[49,30],[79,24],[66,-5],[104,16],[65,-8]],[[34266,101629],[58,-8],[369,15],[76,-11],[232,-69],[60,-23],[68,-89],[85,-29],[34,-35],[30,-59],[96,-48],[-8,-52],[75,-72],[-31,-24],[-74,-13],[-210,13],[-280,33],[-163,-8],[-82,-16],[-198,-53],[-124,-10],[-109,43],[-40,24],[-40,70],[-44,154],[-149,29],[-37,22],[-33,46],[9,57],[-21,74],[4,81],[29,22],[119,5],[100,-36],[79,-4],[120,-29]],[[33859,88645],[-25,-8],[-70,17],[-117,56],[-166,66],[-57,33],[-11,24],[30,51],[35,34],[175,24],[68,-12],[80,-104],[46,-71],[18,-57],[-6,-53]],[[34509,90756],[-28,13],[27,77],[9,58],[26,35],[19,-1],[4,-75],[-18,-65],[-39,-42]],[[34471,90831],[-50,-123],[-32,-114],[-33,23],[45,133],[-28,25],[-63,-150],[-41,-40],[-27,4],[-54,-43],[91,177],[-22,18],[-74,-112],[-43,-43],[-28,13],[-4,25],[72,112],[66,81],[28,52],[16,82],[12,-7],[-15,-84],[-27,-75],[33,12],[22,40],[50,181],[42,-30],[16,-41],[39,-19],[7,-48],[12,-15],[-10,-34]],[[34116,90794],[-38,4],[11,46],[17,19],[88,36],[40,7],[-19,-37],[-99,-75]],[[30754,103873],[-89,-36],[-45,2],[-262,72],[-52,36],[-12,105],[11,32],[105,30],[143,-17],[85,-21],[155,-95],[8,-64],[-47,-44]],[[25732,103794],[-53,-11],[-172,37],[-116,106],[-111,169],[-63,62],[70,18],[94,-12],[101,-57],[97,-84],[17,-55],[64,-4],[77,-47],[30,-54],[-35,-68]],[[27698,105558],[8,-81],[-24,-71],[-36,-8],[-122,38],[-10,34],[-62,29],[-166,-1],[-42,72],[24,58],[110,31],[197,-12],[88,-26],[35,-63]],[[25483,101173],[-50,11],[-217,161],[-37,66],[-118,68],[-136,42],[-9,19],[41,55],[74,60],[86,14],[289,29],[67,1],[69,-14],[96,-60],[63,-21],[32,-45],[-9,-116],[-72,-117],[-60,-49],[-37,-57],[-72,-47]],[[26527,103095],[71,-38],[-10,-16],[-128,-37],[-53,-55],[-125,-10],[-126,0],[24,37],[69,59],[-55,25],[-193,-41],[-74,25],[63,65],[-151,6],[-55,38],[19,46],[115,25],[150,22],[162,33],[126,-3],[49,-15],[32,-116],[90,-50]],[[25914,103448],[103,11],[47,-39],[182,-55],[-11,-27],[-78,-36],[-55,-12],[-272,-2],[-47,25],[-67,134],[35,30],[101,22],[72,-5],[-10,-46]],[[21035,102825],[-98,-41],[-69,5],[-91,29],[-75,10],[-31,20],[58,50],[205,130],[166,55],[131,73],[87,-22],[-44,-70],[-204,-220],[-35,-19]],[[22569,104175],[-93,-21],[-62,1],[-110,30],[-127,90],[-16,32],[81,16],[63,30],[93,23],[18,-46],[65,-16],[110,-46],[50,-56],[-72,-37]],[[16738,89721],[-9,39],[16,56],[44,-8],[-10,-47],[-41,-40]],[[16703,88158],[-26,32],[-4,54],[6,31],[30,-34],[-6,-83]],[[16973,89398],[-34,-58],[-16,-13],[-30,11],[-22,35],[-54,20],[16,25],[52,52],[33,7],[34,-31],[21,-48]],[[17106,88907],[-29,5],[-74,105],[-54,38],[-35,52],[-37,34],[23,53],[87,-50],[86,-70],[65,-119],[-32,-48]],[[16981,90061],[3,-49],[-49,-83],[-63,-40],[-14,13]],[[17548,88765],[16,-198],[-2,-63],[-22,-42],[-16,-69],[-19,-32],[-18,42],[-6,124],[-6,26],[6,103],[-28,-53],[-24,-3],[-42,51],[-21,41],[-3,43],[-28,46],[-1,33],[32,76],[8,62],[31,21],[78,-59],[38,-41],[27,-108]],[[18387,86539],[10,-57],[-57,20],[7,53],[40,-16]],[[19048,86648],[-71,36],[-32,28],[-21,33],[-38,30],[2,25],[69,-30],[38,-37],[53,-85]],[[18199,86695],[-34,4],[-67,66],[14,40],[-9,34],[34,21],[30,-17],[30,-61],[7,-44],[-5,-43]],[[18696,87000],[-25,20],[-34,113],[19,64],[37,-15],[19,-32],[22,-74],[-38,-76]],[[17417,88499],[-11,-29],[-62,88],[-34,72],[-6,32],[27,11],[66,-80],[18,-38],[2,-56]],[[17762,87855],[-19,-11],[-38,34],[-19,72],[8,25],[31,26],[40,-77],[-3,-69]],[[17610,88431],[-25,-8],[11,52],[-8,54],[-2,85],[26,53],[40,2],[0,-27],[-26,-176],[-16,-35]],[[17288,88797],[-33,20],[-31,66],[17,28],[37,-76],[10,-38]],[[17338,88876],[-37,-5],[-19,40],[27,69],[26,-17],[3,-87]],[[19293,86166],[-28,-2],[-22,109],[39,-37],[15,-46],[-4,-24]],[[41002,83176],[-46,-22],[-39,2],[-27,29],[61,-9],[51,0]],[[40602,84139],[-39,30],[17,24],[38,-6],[-16,-48]],[[40277,85253],[27,-38],[-40,-2],[-19,9],[28,119],[33,27],[69,77],[52,33],[27,-6],[-28,-45],[-36,-3],[-34,-38],[-24,-42],[-46,-54],[-9,-37]],[[39392,85627],[-8,-45],[-30,-39],[-14,26],[-1,44],[53,14]],[[38623,83637],[-46,-33],[18,84],[14,26],[20,-9],[-6,-68]],[[36302,84126],[-26,-12],[-45,11],[-49,-16],[23,46],[56,28],[56,87],[16,2],[-31,-146]],[[36258,84198],[-41,-13],[-14,5],[45,62],[53,14],[-43,-68]],[[37169,84998],[-24,16],[74,60],[-12,-48],[-38,-28]],[[42453,87386],[-34,13],[10,25],[26,13],[19,-16],[-21,-35]],[[42787,86684],[-79,-57],[-26,50],[25,8],[19,-17],[39,37],[22,-21]],[[42512,88113],[-20,6],[25,52],[18,-33],[-23,-25]],[[42944,86781],[39,-51],[-88,-44],[-16,2],[-2,41],[11,36],[20,-19],[21,39],[15,-4]],[[42899,85351],[-32,-2],[32,63],[4,28],[22,-7],[-26,-82]],[[39285,94739],[104,-4],[34,-41],[-21,-43],[-61,-21],[-83,23],[-19,23],[39,23],[7,40]],[[38121,93299],[-44,8],[-2,38],[77,154],[19,16],[59,-30],[33,-56],[-9,-36],[-57,-54],[-76,-40]],[[37404,94732],[-70,3],[-77,27],[-24,32],[-5,35],[-45,52],[-52,17],[1,39],[102,-23],[55,-21],[79,-46],[52,-73],[-16,-42]],[[39282,93998],[-89,54],[-103,68],[-13,54],[103,23],[59,-1],[57,-14],[41,-43],[-10,-75],[-45,-66]],[[39214,94316],[24,-4],[39,-69],[-28,-18],[-82,41],[-23,62],[21,29],[36,-11],[13,-30]],[[37805,92554],[-21,-46],[-27,6],[-10,90],[47,16],[11,-66]],[[39426,93377],[-11,-43],[-101,49],[-24,21],[-10,57],[65,8],[81,-92]],[[40591,90690],[-67,5],[11,44],[24,14],[41,-26],[-9,-37]],[[40335,91631],[29,-18],[7,-68],[-54,4],[-61,45],[-12,33],[56,19],[35,-15]],[[38230,99075],[-98,24],[-7,23],[80,38],[54,-2],[26,-27],[-55,-56]],[[40015,97531],[-49,11],[68,65],[79,0],[-98,-76]],[[34428,103039],[-21,-34],[-79,-24],[-65,-4],[-52,36],[50,47],[185,116],[56,-24],[-72,-75],[-2,-38]],[[34154,91146],[-27,2],[0,31],[16,24],[24,-14],[-13,-43]],[[34204,91607],[-32,27],[30,28],[2,-55]],[[34129,88991],[-34,-4],[-12,30],[33,4],[13,-30]],[[34318,88151],[-47,1],[-41,36],[105,55],[22,-17],[-20,-49],[-19,-26]],[[19315,86248],[-58,37],[-35,58],[91,-81],[2,-14]],[[18767,86958],[-17,65],[14,38],[17,-18],[10,-59],[-24,-26]],[[36283,97984],[-166,-2],[-90,5],[-68,24],[-59,97],[14,51],[111,17],[170,-45],[101,-4],[43,-15],[20,-70],[-2,-53],[-74,-5]],[[34832,95305],[29,-27],[30,2],[56,-89],[3,-33],[-22,-28],[-67,-37],[-51,-9],[-107,77],[-73,74],[-23,41],[10,17],[93,24],[122,-12]],[[29153,102930],[-77,13],[-51,99],[125,41],[82,-129],[-79,-24]],[[34086,93008],[-20,32],[28,29],[49,-11],[-18,-26],[-39,-24]],[[28384,101183],[-55,-6],[-51,43],[8,84],[71,36],[90,-71],[-25,-70],[-38,-16]],[[28189,102170],[-103,-38],[-32,29],[114,72],[42,-31],[-21,-32]],[[27877,101762],[-99,-13],[-45,6],[-43,-25],[-54,-3],[-140,42],[14,29],[84,14],[96,45],[79,8],[179,44],[124,2],[13,-23],[-32,-41],[-134,-73],[-42,-12]],[[30629,98999],[8,-39],[-31,-52],[-33,-6],[-44,66],[59,37],[41,-6]],[[30529,98876],[-28,-7],[-38,48],[-29,4],[10,40],[49,6],[20,-27],[16,-64]],[[36154,94775],[-86,3],[-84,29],[-43,27],[21,13],[58,-23],[97,-10],[32,-11],[5,-28]],[[35854,98334],[-27,-4],[-39,39],[-80,43],[-31,32],[10,69],[29,32],[72,-2],[31,-23],[63,-118],[-28,-68]],[[34609,93602],[-47,-8],[19,36],[73,21],[41,-15],[-86,-34]],[[34455,98237],[-28,-6],[-37,33],[7,62],[69,11],[42,-53],[-53,-47]],[[35241,95257],[-36,-6],[-47,14],[-46,27],[-105,86],[79,58],[126,-67],[38,-44],[-9,-68]],[[34302,99228],[23,-47],[-65,-51],[-112,-14],[-56,17],[32,-69],[-71,7],[-28,36],[-29,-4],[-41,39],[-112,17],[0,21],[43,25],[63,-9],[15,38],[71,2],[30,-40],[53,2],[129,44],[55,-14]],[[34780,99182],[21,-47],[-25,-19],[-91,-35],[-55,-30],[-65,0],[-44,13],[72,71],[97,18],[11,31],[40,14],[39,-16]],[[34912,95628],[-24,-28],[-74,10],[-1,33],[76,13],[23,-28]],[[33042,97051],[66,-16],[-44,-36],[-30,22],[8,30]],[[34378,98643],[-52,7],[-15,41],[56,78],[32,24],[84,30],[33,62],[49,17],[-10,38],[31,29],[91,9],[35,-51],[-19,-25],[-85,-73],[-21,-41],[-88,-102],[-121,-43]],[[35133,98828],[-75,-4],[-36,35],[-20,50],[20,88],[45,15],[67,-18],[84,-5],[20,-47],[-42,-37],[-35,-58],[-28,-19]],[[31750,99430],[103,-4],[28,-37],[-10,-32],[-60,-12],[-85,21],[-20,-6],[-76,27],[-19,36],[73,27],[66,-20]],[[32837,96749],[88,-38],[70,-7],[10,-17],[-51,-41],[-86,38],[-52,-14],[-3,25],[32,30],[-38,19],[-66,-22],[-38,12],[-8,89],[-44,47],[-33,13],[-28,32],[15,42],[97,-33],[59,-31],[84,-67],[-8,-77]],[[31859,97954],[-38,8],[-53,38],[-16,35],[21,89],[-39,56],[26,56],[62,71],[45,-11],[51,-65],[0,-68],[13,-91],[-22,-68],[-50,-50]],[[32514,96612],[-38,-4],[-50,75],[-48,30],[-22,52],[-13,93],[8,27],[72,-4],[85,-134],[30,-84],[-24,-51]],[[29659,94295],[-14,-2],[-38,48],[41,11],[29,-29],[-18,-28]],[[26868,103446],[-88,-3],[-9,33],[118,23],[69,42],[117,12],[120,-12],[-163,-52],[-164,-43]],[[26262,104418],[-85,-5],[-2,29],[51,39],[74,15],[35,-33],[-73,-45]],[[26709,104139],[-132,-3],[-102,23],[-27,26],[-5,64],[189,16],[95,-4],[108,-24],[67,-26],[42,-48],[-134,-3],[-101,-21]],[[30791,103400],[-112,-7],[-82,53],[-89,95],[10,34],[133,30],[64,0],[76,-45],[5,-39],[-38,-44],[33,-77]],[[28624,102781],[-54,-21],[-76,11],[-90,-70],[-46,-7],[-55,61],[12,26],[157,46],[54,44],[75,-25],[64,-37],[-41,-28]],[[28887,102157],[-46,1],[-114,28],[-25,20],[64,33],[52,0],[79,-60],[-10,-22]],[[20098,102928],[-50,19],[66,44],[-5,35],[56,2],[-26,-73],[-41,-27]],[[22661,103547],[-52,-20],[-354,30],[-28,22],[64,35],[77,15],[180,13],[128,-44],[-15,-51]],[[25881,102487],[-64,-3],[-111,19],[-86,53],[81,126],[60,39],[43,11],[93,-4],[92,-49],[20,-58],[35,-55],[-59,-52],[-104,-27]],[[27212,98619],[-50,-48],[-39,35],[-47,-2],[5,140],[64,12],[80,-77],[-13,-60]],[[27288,98747],[-7,-37],[-61,23],[-14,50],[28,36],[40,-26],[14,-46]],[[27181,99667],[-106,33],[-20,61],[15,15],[69,-13],[38,-44],[4,-52]],[[28817,99095],[45,-42],[-19,-79],[-48,-27],[-52,7],[20,35],[-11,84],[-39,1],[2,-58],[-28,-59],[-31,25],[-3,48],[20,61],[20,24],[58,12],[66,-32]],[[26887,98985],[-40,28],[20,32],[-43,29],[15,23],[73,-22],[33,-49],[-58,-41]],[[26657,98481],[-143,49],[-2,27],[67,41],[21,32],[63,-16],[36,-46],[-3,-46],[-39,-41]],[[25737,98370],[-53,8],[-91,45],[-30,42],[50,14],[104,-13],[44,-36],[5,-44],[-29,-16]],[[24592,97746],[-36,-22],[-50,39],[8,124],[47,-4],[1,-67],[28,-30],[2,-40]],[[24160,98106],[67,-1],[28,-50],[-11,-13],[-83,45],[-1,19]],[[24526,97500],[98,-4],[-9,-48],[-45,-23],[-32,38],[-12,37]],[[13970,99097],[-28,-24],[-57,37],[51,32],[72,-20],[-38,-25]],[[64737,57321],[8,145],[15,122],[7,113],[21,101],[-12,99],[-13,44],[-69,141],[31,54],[-41,-8],[-10,53],[-20,63],[12,10],[13,35],[37,-11],[0,17],[-34,53],[17,56],[-7,13],[-23,-31],[-17,1],[-23,24],[6,-41],[-13,-36],[-13,-13],[-39,12],[-21,35],[-46,27],[-38,31],[-8,86],[-16,38],[-10,90],[5,73],[-21,16],[-32,0],[-18,41],[-17,17],[10,-76],[-11,-21],[-28,7],[-14,49],[13,90],[-5,2]],[[96541,62898],[-18,3],[5,57],[11,5],[2,-65]],[[96634,62545],[-12,-24],[-20,50],[32,-26]],[[97012,62355],[-56,81],[-110,28],[-13,35],[-11,8],[-10,-47],[-60,-45],[-26,27],[-19,33],[3,40],[18,33],[30,22],[14,82],[-23,105],[-42,54],[-22,-38],[-19,-67],[-20,-34],[-27,-7],[-41,2],[-16,99],[-5,86],[11,155],[-39,79],[-2,75],[-19,40],[-5,-42]],[[95060,62218],[-15,-7],[-33,-89],[-14,44],[-8,47],[9,106],[-20,200],[24,40],[22,77],[26,77],[2,90],[22,67],[-5,55],[5,120],[-2,43],[17,46],[29,33],[-24,38],[-38,-38],[-19,12],[-5,39],[8,68],[15,29],[-2,55],[-7,50],[11,62],[-23,0],[-10,12],[7,34],[20,30],[-19,57],[14,62],[-1,76],[-9,67],[1,48],[-15,86],[-6,109],[-30,81],[-23,119],[-60,155],[1,66],[-3,59],[-14,28],[-16,-207],[-14,41],[-4,115],[-8,55],[8,109],[-34,108],[-8,78],[-22,118],[6,28],[31,-28],[-28,70],[-23,-15],[-20,74],[-4,203],[-19,75],[11,77],[-22,277],[-43,89],[8,77],[11,68],[-2,127],[10,39],[-15,10],[-40,-7],[-43,-2],[-16,93],[-21,44],[-19,93],[-12,105],[8,21],[-34,43],[-9,26],[-36,69],[-40,52],[19,-60],[-19,-63],[19,-108],[-17,-68],[-16,-88],[-15,-42],[-49,-91],[-40,-31],[-26,-6],[-22,10],[-29,47],[-6,39],[-5,66],[-20,1],[16,-84],[0,-40],[30,-77],[-11,-21],[-54,-42],[-31,-2],[-10,-53],[-85,-53],[-18,-59],[-11,-60],[-42,-86],[-57,-71],[-30,20],[2,77],[19,65],[-10,30],[-37,-97],[-17,-32],[-33,9],[-47,-13],[-17,100],[-3,67],[-28,-72],[-48,-42],[-3,99],[10,44],[-1,67],[15,97],[-6,70],[-13,-109],[-26,-29],[-32,-64],[-19,-57],[-48,-54],[-26,5],[-3,69],[20,243],[19,34],[9,42],[16,142],[17,53],[7,112],[32,108],[8,162],[-10,81],[-22,78],[-22,234],[-56,190],[-5,63],[-28,76],[26,6],[-53,67],[-7,27],[-16,233],[-7,-54],[-21,-22],[9,-94],[-13,-59],[-44,38],[-33,41],[-36,101],[-36,112],[29,20],[51,-84],[33,-18],[47,57],[12,69],[-12,26],[-42,32],[-24,47],[-10,54],[-44,49],[33,85],[-43,-1],[-75,92],[-38,7],[-32,-18],[15,-89],[-3,-29],[-21,5],[-44,134],[32,66],[-27,3],[18,119],[-11,17],[-15,-73],[-37,-84],[-31,37],[34,80],[-14,46],[-21,34],[-18,58],[-9,1],[8,-69],[-3,-98],[-40,109],[-78,153],[-18,46]],[[92885,68801],[-13,87],[-8,80],[-17,33],[-12,111],[10,41],[24,43],[18,8],[71,-75],[10,-35],[21,26],[-13,101],[-3,88],[0,205],[-3,24]],[[94892,62691],[28,-108],[-14,-22],[-11,59],[-22,37],[-25,-7],[30,58],[14,-17]],[[94883,62058],[-22,-34],[7,60],[28,43],[24,4],[-3,-27],[-18,-33],[-16,-13]],[[94896,63017],[-12,-3],[5,59],[13,48],[13,70],[11,-22],[-16,-123],[-14,-29]],[[94996,63283],[-14,-4],[-6,100],[24,-34],[28,-30],[-11,-20],[-21,-12]],[[95009,63183],[-8,-128],[-33,18],[-13,72],[-6,67],[50,9],[10,-38]],[[94962,63712],[18,-16],[-3,-60],[-27,-75],[-22,-11],[6,109],[-11,62],[4,42],[28,-20],[7,-31]],[[94867,63435],[-21,9],[-13,42],[7,29],[16,5],[8,-17],[-2,-43],[5,-25]],[[93619,65792],[-23,-60],[-8,90],[37,50],[17,48],[19,33],[6,-40],[-18,-75],[-30,-46]],[[94675,65983],[-12,-9],[-20,41],[-3,97],[24,27],[13,-12],[7,-35],[-9,-109]],[[93350,67492],[-5,-5],[-35,52],[-29,67],[45,13],[43,-14],[0,-35],[-9,-58],[-10,-20]],[[93283,68243],[7,-86],[-23,32],[-9,44],[-2,46],[27,-36]],[[93359,68035],[39,-52],[16,4],[24,-32],[-5,-40],[-11,-20],[-29,-21],[-20,17],[-8,56],[-24,27],[-7,22],[25,39]],[[95005,62697],[-22,11],[17,67],[5,-78]],[[94846,63150],[-19,3],[-3,102],[16,-64],[6,-41]],[[94843,63584],[-2,-23],[-19,-47],[-22,42],[17,30],[26,-2]],[[94928,64024],[-2,-102],[-17,49],[-2,108],[15,-22],[6,-33]],[[93731,65713],[-7,-16],[-18,19],[33,68],[3,-25],[-11,-46]],[[93118,68262],[-11,-35],[-22,82],[1,54],[15,-25],[17,-76]],[[62209,63278],[-34,-128],[-20,-39],[-85,-131],[-42,16],[-87,-27],[-14,30],[-46,-1],[-21,-42],[-16,-52],[-29,-22],[-29,-5],[-4,-48],[-13,-12],[-5,-49],[-8,-11],[-26,13],[-8,-32],[-20,-22]],[[71145,83053],[-8,-149],[-34,-70],[-49,23],[-64,-19],[-33,-78],[-36,-52],[-11,-103],[-3,-168],[-46,-27],[-92,-147],[53,-42],[23,-32],[38,-88],[56,-100],[11,-48]],[[100628,58932],[38,0]],[[100300,58742],[38,-1],[42,9],[43,34],[40,39],[35,46],[32,52],[34,41],[53,46],[18,-3],[-7,-73]],[[43777,58411],[32,108],[4,48],[29,1],[46,-55],[36,-81],[49,-263],[8,-242],[21,-126],[56,-265],[4,-49],[9,-59],[18,-63],[20,-103],[7,-49],[17,-17],[11,-65],[14,-45],[26,-60],[53,-20],[40,-7],[45,-35],[33,-44],[26,-149],[-8,-93],[2,-66],[-13,-26],[-37,-43],[-9,-23],[-76,-111],[-16,-53],[-41,-71],[-41,-134],[-59,-123],[-21,-31],[-32,-8],[-20,-19],[-46,-100],[-61,-33],[-5,-59],[-36,-132],[-32,-73],[-20,-24],[-50,-133],[-7,-58],[0,-101],[-33,-61],[-35,-40],[-4,-87],[-29,-48],[-72,23],[-110,-95],[-38,-23],[121,-5],[38,-50],[85,33],[103,120],[39,25],[80,81],[32,54],[59,64],[13,29],[33,30],[18,-38],[2,-24],[-28,-48],[7,-31],[19,-38],[8,-93],[11,-71],[37,-95],[-4,-74],[17,-34],[19,-21],[62,-102],[49,57],[30,17],[19,24],[40,16],[32,-24],[63,-35],[46,37],[92,84],[-28,-149],[-21,-137],[-16,-54],[-16,-149],[-29,-85],[39,37],[22,57],[17,99],[68,266],[19,24],[56,31],[95,211],[38,0],[24,-49],[23,-29],[5,58],[33,24],[-34,29],[-10,69],[24,59],[-14,52],[49,66],[-4,49],[40,82],[25,21],[4,36],[29,19],[24,-40],[26,48],[26,19],[26,-29],[28,-6],[32,30],[29,-49],[3,43],[22,33],[44,-11],[23,-22],[26,-40],[62,1],[17,-23],[28,0],[14,-35],[43,-49],[10,-34],[66,-37],[34,-6],[35,5],[1,-42],[26,-12],[33,9],[24,-52],[67,-39],[45,-61],[30,11],[34,-16],[35,-131],[8,-93],[16,13],[16,42],[19,76],[36,25],[53,-76],[31,-52],[13,-32],[24,-6],[0,-37],[24,29],[20,-60],[15,-64],[3,-66],[-27,-62],[-13,-46],[-34,-25],[32,-66],[28,88],[20,25],[29,14],[16,-63],[2,-60],[-46,-25],[-1,-46],[-23,-57],[-17,-118],[-28,-236],[-1,-39],[35,42],[63,120],[19,128],[25,126],[27,40],[42,-14],[-2,-65],[-39,-98],[11,-33],[61,104],[28,36],[23,-7],[47,48],[93,10],[6,54],[19,24],[52,-6],[100,-49],[35,-40],[54,-38],[28,-44],[117,-81],[85,-9],[42,37],[53,-39],[28,-43],[55,-24],[55,-12],[42,31],[109,10],[136,47],[82,-11],[92,-30],[66,-78],[56,-44],[33,-43],[54,-44],[116,-120],[40,-69],[71,-94],[72,-40],[39,-99],[31,-44],[76,-167],[86,-116],[58,-117],[111,-76],[43,-123],[75,-16],[32,-18],[39,-52],[53,-29],[69,8],[78,-6],[61,24],[147,-46],[24,-22],[30,-54],[53,-196],[32,-217],[16,-167],[37,-129],[19,-243],[18,-77],[1,-58],[14,-14],[10,-164],[-4,-65],[-14,-87],[1,-63],[-8,-70],[14,-77],[1,-62],[-19,-75],[-26,-196],[-65,-324],[-62,-187],[-88,-192],[-57,-101],[-23,-10],[-19,-80],[-57,-141],[-58,-93],[-59,-161],[-81,-66],[-46,-51],[-57,-92],[-53,-145],[-11,-19],[-20,10],[1,-74],[-46,-117],[-14,16],[8,25],[-9,36],[-27,-88],[9,-64],[-19,-97],[-75,-278],[-92,-233],[-21,-72],[-75,-157],[-55,-76],[-34,7],[-9,120],[-44,73],[-12,13],[-19,-78],[-14,-21],[8,-77],[-24,-78],[-1,-71],[-42,-78],[-24,-58],[-20,-138],[19,19],[16,-36],[-19,-89],[3,-144],[-5,-33],[13,-35],[15,60],[8,-16],[-40,-388],[16,-174],[6,-198],[18,-193],[21,-186],[-27,-200],[-35,-198],[-21,-160],[-14,-174],[-13,-84],[-4,-86],[15,-202],[6,-38],[-42,-91],[-46,-44],[-26,-44],[-56,-162],[-30,-241],[-1,-128],[15,-268],[-11,-110],[-18,-73],[-21,-47],[-53,-58],[-48,-141],[-21,-148],[-33,-53],[-6,-83],[-27,-89],[-68,-134],[-44,-38],[-22,-37],[-13,-78],[-43,-128],[-32,-167],[9,-65],[11,-192],[-4,-49],[-42,-53],[-157,-99],[-41,-41],[-94,-168],[-6,-40],[4,-56],[16,-33],[-16,-35],[-19,-64],[-27,4],[-157,0],[-85,-20],[-44,4],[-42,40],[-6,33],[12,49],[-7,29],[-23,-1],[-26,-14],[-3,-50],[15,-69],[-10,-32],[-50,-4],[-56,-30],[-69,-13],[-55,-22],[-26,27],[26,14],[36,-6],[39,22],[-8,27],[-56,35],[-62,-21],[-35,-41],[-74,3],[-92,-31],[-15,-32],[2,-62],[35,-42],[-32,-38],[-98,-28],[-89,-121],[-38,-15],[-34,-53],[-3,-45],[-10,-28],[-22,-2],[-47,25],[-61,1],[-44,-20],[-224,-195],[-81,-78],[-92,-160],[-156,-178],[-81,-107],[-15,-28],[-39,-24],[28,-20],[-8,-62],[-32,-42],[-61,-112],[-13,8],[19,58],[-30,2],[-43,22],[-20,-24],[11,-58],[-17,-25],[-30,-3],[-27,8],[-30,41],[14,-76],[63,-18],[26,-18],[10,-30],[-49,-136],[-42,-17],[19,-19],[12,-37],[-15,-152],[-43,-55],[32,-86],[-2,-70],[-6,-58],[0,-56],[21,-109],[7,-112],[14,-85],[-15,-42],[8,-68],[-24,-115],[13,-166],[-5,-156],[-10,-82],[-15,-63],[-35,-83],[-1,-82],[-77,-76],[-84,-108],[-78,-126],[-84,-179],[-98,-272],[-91,-388],[-109,-293],[-44,-106],[-59,-118],[-78,-138],[-106,-138],[-115,-123],[-41,-55],[-41,-78],[-10,32],[9,54],[-7,91],[23,10],[35,-33],[30,44],[42,13],[80,136],[59,49],[34,86],[6,45],[-2,91],[19,24],[43,-8],[9,26],[-4,29],[9,63],[58,56],[28,68],[-10,173],[11,8],[24,-27],[11,11],[12,76],[-5,39],[-29,11],[-97,-86],[-32,4],[-5,66],[-48,32],[-19,55],[-5,38],[-16,16],[5,-130],[43,-75],[-31,-64],[-23,-146],[-15,18],[-6,-108],[-28,-41],[-9,-40],[8,-47],[-15,-32],[-72,-86],[-71,-59],[-16,-28],[-19,-134],[-32,-59],[-25,-118],[1,-51],[8,-76],[14,-49],[-22,-33],[-29,-64],[-22,-71],[-57,-271],[-49,-163],[-38,-80],[-53,-84],[-154,-212]],[[41745,37143],[16,29],[53,66],[30,59],[6,52],[26,46],[46,41],[52,75],[57,110],[34,81],[12,52],[23,40],[32,29],[28,59],[24,90],[33,72],[42,53],[23,44],[5,35],[31,32],[8,45],[16,28],[44,-20],[15,3],[-2,49],[-18,30],[7,32],[49,52],[35,19],[23,32],[22,51],[35,35],[48,20],[13,19],[8,43],[29,12],[16,24],[2,35],[25,63],[18,12],[19,-8],[19,12],[17,30],[21,14],[24,-1],[53,20],[24,27],[18,57],[17,22],[14,-13],[26,19],[35,51],[34,25],[27,89],[13,59],[-2,49],[-10,35],[12,189],[3,57],[14,39],[-1,40],[-51,164],[-15,131],[-8,50],[-22,13],[-20,44],[-25,3],[-24,30],[-17,-3],[-15,-26],[-28,-1],[-38,-32],[-32,30],[-27,0]],[[41558,43368],[22,8],[25,60],[45,21],[9,25],[-92,146],[113,412],[6,17],[22,6],[-4,79],[-18,2],[19,112],[52,282],[27,40],[-19,19],[-12,39],[-66,279],[-3,62],[-15,38],[-25,-13],[-29,12],[-73,93],[-48,50],[-17,30],[-7,95],[-15,106],[-7,130],[3,32],[41,98],[4,95],[-2,34],[-51,-26],[-158,8],[-163,11],[-252,17],[-15,328],[-8,162],[-99,209],[-17,28],[106,6],[-9,291],[-13,30],[-21,148],[-21,43],[-6,49],[5,32],[11,20],[8,51],[-5,50],[-29,92],[-30,27],[-44,51],[-65,64],[-56,45],[-17,-6],[-98,-18],[-33,-8],[-22,10],[-73,-1],[-29,34],[-24,40],[-51,102],[-8,51],[-19,16],[-30,-5],[-31,6],[-114,86],[-26,-2],[-24,27],[-61,92],[-19,85],[-16,11],[-22,-9],[-23,-26],[-34,17],[-81,100],[-35,25],[-35,6],[-50,-38],[-43,16],[-66,14],[-56,27],[-32,116],[-33,30],[-27,36],[-32,54],[-16,18],[-55,34],[-15,90],[-18,55],[-25,-15],[-10,35],[6,38],[-11,42],[-26,43],[-14,45],[-6,76],[-17,44],[-1,38],[8,46],[16,53],[-3,82],[-24,111],[-13,80],[1,84],[15,36],[27,86],[5,66],[-8,75],[-2,57],[7,38],[-10,52],[-20,48],[-33,-12],[-22,-41],[-27,-7],[-24,26],[-74,-11],[-116,-25],[-46,-27],[-60,-19],[-53,-47],[-130,-183],[-27,-26],[-31,-4],[-17,-25],[-29,-19],[-56,-73],[-29,-57],[-19,-53],[-22,-2],[-17,15],[-53,-7],[-28,-18],[-29,-51],[-37,-92],[-15,-26],[-30,-27],[-76,-57],[-36,-8],[-14,16],[-6,33],[-21,21],[-53,10],[-77,24],[-80,5],[-39,-3]],[[44467,55747],[32,-3],[45,12],[30,29],[34,6],[34,-3],[113,-33],[67,-9],[49,-26],[18,-15],[4,-34],[-28,-114],[-12,-81],[-23,-11],[8,-73],[-3,-29],[-25,-86],[-28,-75],[-29,-41],[-17,-33],[12,-62],[-9,-40],[-33,-57],[-38,-20],[-16,5],[-29,58],[-11,-90],[-10,-26],[-38,3],[-21,25],[-34,27],[-7,-74],[-21,-51],[-21,-16],[-33,-10],[-20,-22],[-37,16],[-33,35],[-19,3],[-14,-28],[-79,-5],[-36,-28],[-22,8],[-32,56],[-5,38],[-19,75],[-18,90],[-11,82],[10,70],[45,-13],[1,46],[-40,-2],[-24,41],[-5,64],[5,135],[3,28],[18,38],[6,34],[-5,37],[8,65],[16,57],[63,72],[73,25],[211,-70]],[[46343,41519],[-31,-31],[-34,-13],[-14,25],[30,34],[10,26],[39,-41]],[[44823,39494],[-6,-8],[-22,78],[43,74],[15,-30],[-12,-59],[-18,-55]],[[45957,41055],[-14,-17],[-38,-12],[-13,24],[51,105],[18,-35],[5,-26],[-9,-39]],[[46216,54064],[-33,-61],[11,71],[-5,48],[4,38],[30,42],[-1,-59],[-6,-79]],[[48179,47756],[-14,26],[35,50],[6,59],[18,-28],[4,-42],[-49,-65]],[[48125,47522],[-12,-36],[-13,5],[-15,49],[14,29],[25,-2],[1,-45]],[[46085,55071],[-28,-45],[-9,26],[5,51],[31,-7],[1,-25]],[[44429,56056],[15,-32],[-49,-130],[-26,-19],[-29,-3],[-38,38],[-59,-3],[-18,9],[-2,57],[25,60],[49,-3],[84,48],[48,-22]],[[44239,57094],[-34,-29],[-20,11],[-18,74],[6,61],[24,21],[27,-13],[17,-100],[-2,-25]],[[44118,55808],[-94,-122],[-31,40],[-7,23],[15,75],[52,35],[26,5],[34,-11],[5,-45]],[[44530,55820],[-90,-20],[-42,31],[10,26],[31,42],[37,30],[34,13],[35,-17],[10,-35],[-3,-35],[-22,-35]],[[44195,55976],[-6,-91],[-62,39],[6,92],[28,27],[25,49],[9,62],[1,82],[25,15],[6,-200],[-32,-75]],[[44288,56133],[-37,-20],[-6,20],[0,77],[10,43],[47,12],[18,21],[8,-27],[-1,-45],[-39,-81]],[[43716,54999],[-37,-12],[47,156],[41,72],[1,144],[45,127],[42,52],[58,15],[32,-77],[-40,-221],[-11,-2],[-53,-116],[-59,-81],[-66,-57]],[[44857,38646],[-24,-28],[5,148],[26,85],[17,24],[13,-33],[-11,-71],[-30,-88],[4,-37]],[[67421,82529],[-29,25]],[[40025,42082],[-32,46],[-33,101],[-284,-4],[-14,-14],[-35,13],[-35,-14],[-19,-28],[-53,-182],[-26,-78],[-20,-69],[-13,-120],[-23,22],[-25,109],[-27,133],[-27,89],[-32,26],[-49,26],[-73,26],[-146,3],[-69,-8],[-28,6],[-31,50],[-68,87],[-14,28],[-41,20],[-9,-17],[-26,-138],[-14,-38],[-94,-57],[-24,-7],[-14,-33],[-5,-46],[-12,-41],[-65,-62],[-14,-26],[-8,-62],[-48,-106]],[[62317,59845],[-142,-26],[-160,-42],[-67,-27]],[[31279,67361],[-18,-70],[74,-6],[15,-77],[-4,-65],[-37,-171],[-5,-59],[-17,-88],[23,-58],[-22,-76],[-7,-50],[-2,-75],[11,-142],[-18,-206],[-30,-89],[-20,-34],[-34,-89],[-46,-27],[-63,-143],[-10,-38],[5,-41]],[[31396,67021],[-1,47],[19,96],[17,-9],[-35,-134]],[[31429,66709],[-16,3],[24,46],[11,-13],[-19,-36]],[[62256,87621],[148,104],[90,54],[43,16]],[[41103,64014],[-10,-13],[-31,25],[-11,30],[-1,95],[19,9],[35,-76],[21,-27],[-22,-43]],[[92885,68801],[-6,-1],[-39,121],[-47,118],[-15,212],[-1,105],[-33,123],[-22,171],[-8,43],[11,56],[-20,-12],[-22,67],[-14,61],[-56,126],[-16,55],[0,55],[-24,-55],[-33,-38],[-34,-57],[-22,-18],[-69,-11],[-41,78],[-58,188],[-8,43],[8,111],[-14,105],[0,55],[-15,30],[-6,-98],[-50,7],[-48,15],[42,-56],[45,-12],[23,-50],[2,-83],[-44,-49],[4,-42],[25,-50],[-31,-15],[-8,-33],[-1,-47],[22,-73],[-4,-29],[15,-31],[22,-64],[7,-45],[-9,-65],[-33,-49],[-47,-81],[-23,-93],[-20,-43],[-24,-8],[-30,43],[0,46],[5,36],[42,86],[-23,-12],[-64,-71],[-20,111],[-1,66],[31,98],[-34,-49],[-11,-61],[5,-72],[-5,-51],[-13,-67],[-19,-40],[-30,-25],[-14,-40],[-20,-29],[-1,58],[-7,76],[-22,182],[-5,-39],[12,-113],[-1,-73],[-16,-57],[-34,-63],[-25,-8],[-16,9],[-22,39],[-25,55],[-4,88],[-10,48]],[[92484,69661],[-36,-44],[12,257],[27,-96],[7,-51],[-10,-66]],[[92623,69789],[-16,-18],[-15,15],[-19,61],[10,77],[15,-14],[22,-95],[3,-26]],[[92357,69607],[-60,-22],[-29,7],[56,163],[-2,73],[-9,59],[-29,48],[-1,34],[-13,47],[-7,55],[32,17],[26,-31],[9,-62],[13,-47],[45,-95],[-1,-59],[-12,-143],[-18,-44]],[[92731,69447],[-19,-14],[6,47],[16,-1],[-3,-32]],[[92757,69246],[-21,-3],[-10,19],[4,25],[-5,83],[27,9],[9,-70],[-4,-63]],[[92311,70149],[-14,-11],[-22,44],[14,13],[22,-46]],[[78656,71963],[-11,-47],[-11,16],[-26,82],[8,58],[-13,82],[6,23],[32,11],[-2,-30],[17,-45],[3,-76],[-3,-74]],[[34907,70948],[0,-14],[-33,-39],[25,-28],[22,61],[19,-49],[15,-167],[-19,-80],[-68,8],[-1,68],[-11,13],[-16,98],[-21,31],[-29,80],[17,20],[23,-6],[62,28],[15,-24]],[[35054,71976],[-7,-5],[-29,62],[-24,18],[37,44],[16,38],[0,82],[9,45],[-3,39],[8,40],[-11,45],[-31,35],[-62,142],[-97,34],[42,8],[48,-6],[28,-42],[28,-55],[34,-37],[3,-31],[33,-26],[33,-41],[9,-123],[-44,-57],[-8,-177],[-12,-32]],[[36486,69050],[-11,-46],[-35,-87],[-81,-22],[-89,-3],[-9,44],[7,32],[-4,27],[32,14],[21,40],[34,7],[42,-28],[23,-2],[33,32],[27,67],[15,-8],[-5,-67]],[[34877,71232],[0,-74],[3,-56],[-3,-21],[-37,-37],[-9,-21],[-35,-21],[-21,-30],[-10,48],[-21,30],[-3,50],[-16,-17],[-23,11],[-37,38],[-23,52],[32,8],[8,-32],[25,40],[-19,62],[40,101],[8,65],[-18,106],[17,6],[44,-36],[20,-37],[1,-50],[18,-38],[27,-92],[32,-55]],[[34622,72488],[42,-19],[35,15],[61,-5],[49,19],[7,-50],[-106,-17],[-96,-48],[-52,-33],[-26,-4],[-19,18],[-46,90],[47,-57],[29,11],[27,37],[0,42],[12,44],[36,-43]],[[35013,71423],[-39,-13],[-27,13],[5,27],[25,15],[42,1],[21,-24],[-27,-19]],[[36135,70001],[-14,-36],[-49,31],[-11,-2],[-14,57],[3,22],[29,-18],[16,-31],[40,-23]],[[36008,70836],[-27,-68],[-14,6],[8,85],[26,12],[7,-35]],[[36084,69685],[-18,13],[46,55],[45,78],[19,17],[10,31],[-2,26],[-22,41],[8,50],[35,9],[-8,-31],[13,-88],[-47,-110],[-40,-34],[-39,-57]],[[35251,71717],[57,-70],[47,-26],[52,-88],[22,-31],[4,-28],[-8,-130],[-12,-79],[-11,-48],[-12,45],[-26,39],[35,3],[4,71],[17,56],[-3,58],[-42,64],[-29,56],[-44,17],[-41,57],[-25,6],[-30,-9],[24,85],[21,-48]],[[35587,70452],[-15,-4],[-25,17],[-60,75],[-27,7],[9,42],[21,-14],[48,-65],[18,-33],[31,-25]],[[35868,70107],[-2,-16],[-43,124],[-55,30],[-30,30],[6,17],[21,7],[4,40],[-9,42],[-52,158],[-2,49],[34,-76],[14,-67],[22,-66],[15,-113],[44,-39],[31,-54],[2,-66]],[[35708,70918],[3,-32],[-23,7],[-34,-13],[-5,21],[24,30],[1,27],[-29,41],[-34,100],[-15,23],[-8,38],[-28,40],[12,27],[19,-11],[43,-144],[2,-13],[72,-141]],[[36482,69818],[33,-8],[38,-19],[29,-36],[-13,-23],[-35,43],[-32,6],[-44,-1],[-18,8],[12,46],[30,-16]],[[36524,69245],[-45,-30],[-4,36],[22,28],[27,-34]],[[76664,80545],[34,10],[56,29],[15,-14],[25,-53],[1,-46],[34,8],[33,-41],[37,-22],[53,34],[47,8],[12,-11],[4,-36],[-10,-68],[11,-17],[61,-66],[-9,-41],[32,-100],[23,-86]],[[77251,80050],[0,102],[-5,26],[-25,35],[6,24],[45,-3],[11,14],[-26,46],[-43,52],[-1,32],[34,25],[2,50],[-55,39],[-41,-14],[-89,112],[-26,20],[-25,46],[-44,46],[-28,13],[17,23],[78,-1],[10,8],[27,93],[-1,37],[-78,59],[-57,55],[-39,71],[-26,66],[8,43],[61,60],[3,27],[-75,97],[-32,1],[-58,40],[-11,19],[40,16],[-13,30],[-23,13],[-21,31],[-7,28]],[[77962,81875],[31,-36],[54,-98],[78,-158],[18,-45],[24,-115],[18,-56],[79,-141],[33,-52],[55,-67],[20,-14],[73,-6],[44,-25],[44,-45],[20,-31],[20,-83],[-76,27],[-76,-4],[-85,-42],[-40,-34],[-26,-67],[-21,-153],[-31,-143],[1,-68],[14,-63],[-1,-30],[-32,-40],[-25,-133],[-11,-26],[-20,-1],[2,35],[-34,30],[-17,-34],[-13,-72],[-24,-76],[5,-251]],[[76751,81367],[-18,0],[-3,32],[20,0],[1,-32]],[[110230,48466],[-9,-76],[-17,-58],[3,-83],[48,-58],[13,-63],[38,-88],[-1,-60],[20,-74],[18,-148],[7,-130],[19,-87],[-13,-185],[14,-75],[19,-63],[21,-125],[17,-114],[23,-33],[47,-38],[49,43],[35,57],[39,14],[52,30],[38,-76],[21,-87],[91,-112],[51,-73],[39,-41],[37,-54],[-3,-53],[-9,-42],[14,-143],[-7,-93],[27,-139],[8,-111],[29,-110],[-2,-112],[-9,-105],[22,-78],[20,-58],[30,-63],[40,-95],[28,-19],[25,-1],[-3,-98],[50,-193],[26,-158],[-18,-213],[-17,-122],[3,-61],[65,-147],[38,-28],[-7,-70],[-5,-108],[29,-84],[33,-64],[72,-67],[47,-30],[59,-12],[31,-48],[15,-38],[48,-13],[48,23],[31,-60],[26,-92],[53,-92],[38,-15],[22,-46],[56,-18],[37,-36],[60,-82],[55,-13],[25,-23],[54,-90],[21,-47],[22,-71],[-27,-7],[-26,15],[-15,-70],[35,-97],[43,-68],[50,-71],[49,-103],[13,-77],[13,-31],[17,-109],[42,-64],[3,-116],[22,-160],[24,-146],[16,-43],[21,-70],[23,9],[17,23],[33,-70],[19,-31],[10,19],[-21,132],[13,77],[32,12],[24,-63],[31,-66],[58,-60],[47,-56],[12,3],[-5,43],[1,63],[19,10],[17,-31],[31,-99],[7,-202],[0,-170],[20,-175],[30,-46],[20,-43],[34,-59],[22,-54],[28,-26],[90,-116],[26,-13],[39,-3],[48,-53],[25,-48],[51,-183],[26,-63],[52,-64],[24,-20],[35,-44],[16,-100],[21,-68],[31,-80],[46,-45],[43,-98],[2,-159],[22,-80],[14,-33],[34,-32],[13,-27],[-27,-210],[26,-422],[-15,-131],[27,-131],[64,-226],[15,-80],[9,-94],[41,-119],[-2,-182],[16,-86],[-4,-113],[-48,-122],[-40,-149],[0,-128],[-25,-246],[-17,-66],[-12,-102],[-54,-249],[-2,-97],[9,-116],[-10,-111],[-13,-76],[-13,-140],[-54,-219],[-78,-161],[-4,-122],[-26,-122],[-47,-74],[-29,-32],[-28,-92],[-72,-39],[-48,-50],[-49,-123],[-21,-64],[-43,-91],[-17,-107],[-48,-37],[11,-74],[-12,-84],[-3,-57],[-12,-36],[-15,13],[-26,-26],[37,-15],[-48,-82],[-45,-84],[-11,-56],[-19,-69],[-17,-156],[-14,-88],[10,-64],[-38,-29],[-6,-22],[14,-36],[-11,-27],[-19,0],[-23,-23],[-66,-229],[-28,-62],[-33,-93],[-23,-178],[-11,-157],[-11,-110],[-26,-108],[-9,-76],[-3,-145],[12,-111],[-8,-59],[0,-56],[-11,-53],[-42,-12],[-83,-113],[-29,-26],[-62,-19],[-120,9],[-233,-26],[-45,-16],[-87,-49],[-84,-75],[-80,-101],[-184,-277],[-143,-30],[-49,8],[-25,-17],[-1,-35],[41,-69],[31,47],[13,-13],[6,-140],[-9,-29],[-19,-21],[-21,14],[-3,29],[-26,69],[-33,62],[-30,19],[-46,-41],[-23,78],[-26,67],[-63,7],[-71,75],[22,74],[27,14],[-8,51],[-14,42],[-38,11],[-25,-7],[-34,-91],[-80,-73],[-38,40],[-44,60],[66,-2],[37,53],[16,33],[18,70],[-46,87],[-32,33],[-120,-111],[-49,-36],[42,-19],[24,6],[26,-33],[-41,-46],[-33,-12],[-41,-28],[-77,-71],[-99,-147],[-43,-42],[-50,-34],[-69,40],[-38,9],[-49,60],[-83,40],[-78,81],[-53,41],[-38,9],[-53,-17],[-90,71],[-68,8],[-45,-73],[-57,16],[-72,119],[-69,59],[-131,30],[-81,82],[-61,158],[-115,180],[-31,66],[-14,64],[-2,51],[16,98],[21,96],[4,53],[-44,181],[-61,170],[-28,54],[-76,114],[-70,86],[-24,67],[34,-11],[15,34],[23,13],[17,-47],[20,-8],[1,77],[12,38],[-15,31],[-30,18],[-34,-27],[-26,-33],[-36,-28],[-13,-30],[-35,-1],[-85,-65],[-46,-1],[-69,20],[23,78],[28,46],[22,54],[38,187],[-7,162],[-19,67],[-58,134],[-27,83],[-33,85],[-16,-49],[-10,-53],[-32,-76],[-16,-168],[-61,-258],[-43,-4],[-37,11],[-64,-30],[-43,-36],[-39,0],[-22,-11],[-28,10],[44,201],[39,-6],[43,8],[47,-1],[22,92],[13,104],[-9,67],[-3,69],[12,135],[54,188],[44,97],[51,77],[-6,73],[-16,92],[-5,70],[25,22],[23,44],[-27,201],[-17,60],[-27,59],[2,-152],[-37,-96],[-50,-69],[-32,-65],[-29,-147],[-40,-123],[-37,-46],[-66,-30],[-103,-90],[-37,-55],[-32,-29],[-106,-247],[-49,-83],[-9,-33],[-21,-28],[4,-39],[17,-27],[16,-110],[-10,-23],[-17,12],[-43,61],[-50,-47],[-56,113],[-24,26],[-62,84],[-37,-3],[3,30],[29,31],[56,-69],[24,10],[-28,128],[-19,112],[-32,146],[-11,33],[-49,81],[-53,93],[-14,113],[-19,73],[-25,45],[-38,40],[-104,16],[-43,115],[-26,143],[44,12],[7,45],[-5,68],[-103,85],[-50,88],[-41,38],[-39,16],[-51,-4],[-64,3],[-155,142],[-38,4],[-110,-44],[-38,8],[-168,193],[-112,92],[-36,17],[-49,16],[-66,-44],[-57,-24],[-223,16],[-191,-30],[-130,-21],[-83,-26],[-136,-115],[-163,-111],[-133,-52],[-122,-71],[-81,-20],[-104,-9],[-219,34],[-75,-25],[-119,-129],[-35,-32],[-68,-36],[-173,-167],[-79,-35],[-52,-12],[-44,-35],[-40,-71],[-55,-197],[-33,-93],[-75,-149],[-49,-50],[-48,7],[-54,-51],[-47,54],[-39,11],[-60,-5],[-214,-62],[-31,73],[-39,11],[-74,-4],[-111,22],[-201,-28],[-97,-30],[-38,-27],[-71,18],[-122,-25],[-75,-78],[-62,-166],[-69,-55],[-57,-2],[-63,-13],[-128,-159],[-132,-155],[-44,-17],[-49,-25],[-64,-13],[-32,-14],[-149,40],[-95,4],[-119,24],[-102,76],[-79,43],[-89,168],[-54,62],[-98,76],[-29,-3],[-22,-20],[-41,53],[-2,69],[-10,57],[0,154],[7,180],[64,-80],[60,2],[53,67],[31,99],[27,112],[-4,118],[-18,208],[12,44],[18,18],[6,104],[5,318],[-14,120],[-83,243],[-55,212],[-40,95],[-34,155],[-28,213],[-9,108],[-9,200],[10,112],[-5,66],[-34,180],[-78,169],[-13,62],[0,65],[-18,77],[-62,154],[-65,133],[-11,65],[-12,269],[-24,122],[-108,310],[-129,267],[-35,110],[24,0],[15,20],[0,51],[15,13],[13,-57],[41,-149],[12,-75],[52,-23],[35,59],[6,104],[-27,47],[-24,21],[-40,77],[-25,124],[-41,116],[1,41],[19,30],[30,-17],[27,-66],[32,-61],[-8,-163],[26,-42],[16,28],[14,63],[9,-9],[21,-143],[17,-39],[33,-45],[29,35],[14,30],[-4,101],[9,98],[-5,73],[-76,190],[-68,236],[-41,117],[-35,176],[-23,61],[-29,99],[-1,113],[3,75],[23,163],[21,85],[70,196],[3,84],[0,63],[10,98],[0,68],[-10,63],[-29,108],[39,190],[55,244],[23,36],[34,33],[7,-50],[-18,-169],[25,-88],[-8,-100],[55,36],[26,53],[13,49],[63,198],[36,74],[52,54],[103,66],[100,86],[48,83],[60,72],[42,78],[40,54],[202,196],[35,38],[44,4],[54,-7],[49,11],[52,-45],[40,-5],[94,48],[51,44],[87,95],[38,28],[88,30],[100,40],[121,165],[87,-10],[77,-16],[62,49],[146,30],[81,43],[152,109],[40,38],[63,79],[54,98],[53,133],[33,118],[13,61],[32,98],[21,77],[17,37],[58,51],[88,146],[28,29],[5,47],[-19,25],[-23,17],[-15,154],[-16,106],[-1,76],[6,71],[34,110],[59,103],[31,17],[25,48],[42,48],[18,48],[26,98],[23,75],[18,-3],[36,-172],[23,-93],[42,-108],[40,-158],[33,-73],[16,-47],[16,8],[-4,36],[16,121],[-7,85],[10,47],[16,-10],[46,-64],[11,3],[0,77],[15,49],[-7,34],[-26,-2],[-12,41],[-21,48],[-26,35],[-39,109],[12,15],[18,-2],[16,34],[7,45],[-14,74],[14,28],[28,-8],[45,-118],[19,11],[15,49],[28,13],[29,-8],[20,-35],[39,-34],[52,4],[26,-8],[56,5],[-8,30],[-73,3],[-18,22],[-5,59],[15,62],[49,-6],[3,58],[8,52],[14,41],[-15,29],[-35,-92],[-16,75],[-25,58],[5,82],[15,82],[22,11],[19,-13],[29,48],[15,37],[1,54],[19,-8],[76,-73],[15,-39],[16,15],[5,42],[-1,42],[-17,-6],[-39,4],[-6,43],[-18,50],[25,31],[22,3],[33,46],[39,-8],[39,-39],[18,-8],[9,65],[-48,44],[0,44],[-21,49],[-1,50],[30,41],[7,40],[17,16],[34,1],[24,33],[25,12],[7,76],[-1,52],[11,13],[26,-22],[-8,-60],[3,-85],[17,50],[27,-15],[11,-80],[13,-12],[19,61],[26,16],[-2,76],[13,96],[16,20],[3,44],[-12,30],[-7,54],[22,13],[23,-28],[25,-100],[13,17],[9,46],[27,27],[27,-37],[30,-52],[37,45],[35,83],[-5,51],[3,53],[44,27],[35,-20],[31,-56],[66,-42],[56,-60],[26,-39],[48,-63],[31,-64],[42,-116],[100,-141],[7,-24],[-26,-107],[-15,-102],[-4,-150],[15,11],[15,53],[15,-11],[9,19],[-18,69],[1,37],[37,64],[41,43],[2,26],[23,25],[33,9],[21,-5],[144,-64],[36,-64],[4,-79],[14,-28],[7,50],[-1,108],[11,21],[39,-17],[27,-21],[36,-71],[7,-35],[16,-23],[5,33],[-12,100],[8,47],[43,4],[-3,34],[-31,43],[-20,46],[32,44],[-31,10],[-42,44],[-36,59],[28,112],[54,108],[31,37],[3,36],[15,68],[12,102],[14,47],[34,44],[46,16],[21,17],[43,91],[-43,97],[11,117],[51,46],[29,121],[18,19],[40,-4],[16,11],[-3,96],[4,38],[17,15],[22,-13],[14,-42],[31,-39],[10,21],[-8,97],[51,15],[-1,81],[8,14],[60,8],[25,69],[7,-18],[9,-71],[33,-42],[98,0],[56,28],[24,-17],[36,-13],[65,59],[40,-33],[13,-35],[11,74],[23,26],[25,15],[32,-12],[12,4],[-28,55],[2,50],[-2,73],[5,68],[10,49],[-67,98],[-68,14],[-50,-20],[-20,16],[-44,78],[-41,29],[-4,19],[51,56],[19,-10],[30,-52],[17,-19],[15,4],[9,41],[13,22],[24,-13],[76,-89],[43,-85],[60,71],[35,-11],[22,-28],[30,-105],[24,-51],[59,-15],[29,-20],[31,-34],[41,3],[85,-13],[81,-68],[34,-41],[38,-11],[23,-17],[41,-5],[66,47],[29,-43],[13,-30],[59,-57],[64,-17],[46,58],[67,42],[47,65],[35,30],[19,1],[-3,-28],[19,-26],[-29,-38],[-35,-60],[0,-37],[14,-20],[16,9],[23,31],[27,16],[24,-24],[8,-87],[17,-57],[61,-7],[24,80],[-13,68],[-14,14],[7,26],[59,112],[33,-5],[24,-108],[37,-58],[40,4],[21,-15],[17,-66],[-140,-270],[-7,-30],[19,-48],[8,-58],[-46,-138],[-17,-6],[-16,37],[-24,23],[-44,-26],[-81,-77],[1,-197],[20,-117],[-12,-77],[-24,-135],[-48,-84],[-70,-185],[-22,-44],[-23,-63],[16,-103],[26,-48],[103,-99],[47,-68],[80,-83],[30,-103],[58,-54],[41,-31],[21,19],[21,-6],[-6,-64],[3,-29],[30,-37],[47,1],[28,9],[29,-39],[27,-25],[45,-53],[77,-63],[61,-41],[71,-151],[54,-87],[59,-63],[89,-43],[41,6],[66,-51],[65,-24],[34,-71],[12,-54],[3,-42],[33,-100],[65,-32],[85,-99],[70,-44],[18,-27],[30,-30],[59,-1],[103,50],[47,50],[62,80],[29,138],[17,110],[87,229],[24,114],[23,150],[18,94],[-6,102],[20,187],[59,340],[-7,127],[-28,237],[13,83],[11,115],[-19,83],[-19,57],[-3,80],[21,151],[19,80],[19,104],[-11,196],[41,68],[16,34],[32,0],[16,-15],[3,39],[-13,36],[-4,42],[-10,22],[-19,8],[-40,46],[4,87],[39,168],[23,66],[30,-49],[3,49],[-5,49],[30,164],[34,223],[9,203],[55,39],[27,50],[17,59],[30,0],[20,-25],[-13,-44],[-4,-34],[57,-85],[20,-65],[8,-62],[11,-57],[6,-78],[-1,-124],[8,-118],[39,-60],[26,-3],[39,-19]],[[113606,39898],[-24,14],[-10,110],[8,64],[17,59],[4,32],[-8,68],[52,76],[13,40],[5,52],[-20,55],[-14,11],[13,32],[26,22],[8,-6],[6,-110],[20,-38],[-3,-54],[-71,-279],[-20,-105],[-2,-43]],[[108978,45597],[-26,-54],[-14,7],[-13,-29],[-66,-28],[-4,17],[5,55],[22,61],[23,37],[56,18],[44,27],[37,-74],[-46,-9],[-18,-28]],[[108025,47318],[15,-27],[16,2],[14,57],[20,-47],[-40,-74],[-15,-79],[2,-26],[13,-26],[33,-25],[23,8],[-20,-67],[-44,12],[-39,-4],[-64,28],[-34,3],[22,64],[-5,71],[4,92],[37,43],[17,46],[25,27],[16,-3],[-2,-27],[6,-48]],[[105892,48637],[28,-15],[21,-44],[0,-27],[-34,-12],[-64,40],[-63,-32],[-19,-1],[-11,23],[10,67],[22,-10],[20,24],[-3,72],[-12,40],[34,73],[29,14],[14,-52],[2,-55],[16,-51],[10,-54]],[[105946,48825],[46,-5],[54,46],[26,-19],[12,4],[40,44],[26,13],[18,33],[17,-36],[40,-41],[13,-43],[21,-34],[-24,-45],[-3,-48],[-26,3],[-30,-80],[-117,-134],[-104,114],[-46,78],[-30,106],[-6,88],[-12,56],[19,20],[32,-60],[14,-17],[20,-43]],[[99999,39711],[-9,-26],[-66,193],[-19,132],[26,32],[38,-184],[13,-41],[0,-44],[17,-62]],[[108326,33696],[82,-15],[31,22],[40,-17],[26,-61],[-18,-30],[-19,-4],[-61,25],[-56,-19],[-16,-25],[-11,-56],[-48,-29],[-23,34],[-59,23],[-21,-35],[-41,9],[-39,-13],[-54,8],[-57,60],[-16,29],[13,50],[20,37],[155,53],[82,45],[67,-8],[37,-33],[-14,-50]],[[111017,32071],[-51,-41],[-19,19],[5,44],[45,3],[20,-25]],[[110958,31987],[-14,-19],[-49,-4],[30,42],[33,-19]],[[112230,43289],[-19,-7],[-17,11],[15,81],[21,-85]],[[112947,41302],[33,-25],[-4,-40],[22,-78],[-19,-34],[-18,22],[-52,130],[9,44],[29,-19]],[[112733,42027],[-18,9],[19,50],[10,-49],[-11,-10]],[[112532,42108],[-12,-19],[-8,45],[2,47],[13,17],[5,-90]],[[113764,38851],[-30,-171],[-19,29],[2,100],[11,62],[36,-20]],[[113730,38926],[-21,50],[-5,60],[5,56],[30,7],[-14,-102],[5,-71]],[[109921,49242],[-28,-36],[-18,19],[-2,57],[22,30],[26,-70]],[[109943,49560],[-19,-38],[-22,11],[-8,23],[8,31],[28,6],[13,-33]],[[109885,49584],[-9,-17],[-15,37],[17,43],[16,-21],[-9,-42]],[[111287,44568],[7,-59],[15,-46],[-15,-53],[-21,22],[-16,54],[-25,44],[-6,25],[30,-2],[31,15]],[[107985,48823],[-24,-37],[-2,28],[13,22],[31,91],[21,33],[7,83],[17,8],[-14,-113],[-49,-115]],[[107897,48684],[-54,-46],[29,62],[62,56],[8,-14],[-45,-58]],[[108155,46091],[-15,-28],[-19,30],[-3,30],[-15,9],[23,73],[19,-42],[2,-47],[8,-25]],[[107983,46184],[-26,1],[3,52],[30,0],[-7,-53]],[[108961,45261],[-17,15],[17,26],[12,37],[23,-33],[4,-33],[-39,-12]],[[107862,47304],[-8,-7],[-31,13],[4,39],[28,55],[15,-27],[5,-52],[-13,-21]],[[106620,48871],[-7,-10],[-28,96],[8,30],[-11,48],[38,25],[1,-67],[11,-40],[-12,-82]],[[104098,46836],[-22,-39],[-15,31],[8,62],[15,22],[13,-12],[1,-64]],[[103893,46325],[-14,-17],[-26,55],[13,45],[29,-55],[-2,-28]],[[100771,42980],[-20,-48],[-24,9],[-3,25],[16,40],[27,49],[8,-30],[-4,-45]],[[110866,30561],[39,-2],[23,15],[20,-3],[23,-35],[27,-20],[35,-3],[15,-25],[54,-36],[29,-39],[99,-58],[70,-28],[88,13],[51,40],[21,-22],[18,3],[6,31],[46,41],[78,6],[35,17],[46,-29],[56,98],[86,-17],[33,57],[22,0],[62,-46],[26,-58],[-2,-104],[7,-73],[2,-72],[-8,-72],[2,-113],[-2,-105],[9,-70],[-4,-69],[13,-44],[0,-65],[-19,26],[-10,44],[-25,23],[-40,-66],[-15,-54],[-6,-54],[2,-56],[-29,-85],[-5,-54],[1,-98],[15,-89],[8,-122],[-12,-15],[-36,-9],[-18,-15],[-30,60],[-18,64],[14,25],[29,-15],[9,47],[-36,35],[-41,16],[-13,-20],[5,-60],[-34,-36],[-14,86],[-37,34],[16,-54],[-8,-54],[-22,-36],[-5,-89],[-25,-25],[-60,61],[-3,-39],[31,-35],[-25,-58],[-17,-83],[-28,-68],[-60,7],[-50,58],[-47,-7],[-77,4],[-49,-22],[-17,107],[40,13],[40,0],[-7,24],[-28,3],[-51,22],[-35,-10],[-24,30],[-42,104],[-24,49],[-42,44],[-74,237],[-11,56],[-13,139],[60,-67],[21,-42],[11,-54],[20,65],[-4,21],[-53,79],[-7,23],[-36,-4],[8,56],[-6,54],[-63,120],[-48,113],[-46,140],[-5,49],[-23,93],[-18,130],[22,123],[3,69],[34,-31],[77,-40]],[[110485,30977],[-17,33],[3,49],[-16,50],[9,50],[-1,53],[27,50],[3,46],[17,2],[31,-36],[11,-91],[-6,-55],[12,-50],[-9,-42],[-27,-35],[-37,-24]],[[111874,31200],[61,-112],[41,-29],[-3,-50],[-13,-21],[25,-28],[-39,-56],[-35,-17],[-74,153],[5,27],[-10,41],[-22,-3],[-15,25],[25,24],[32,65],[22,-19]],[[111655,28940],[-16,-64],[-27,11],[-26,-11],[-17,43],[20,0],[24,62],[27,31],[15,-72]],[[111910,29366],[-26,-2],[-2,46],[17,29],[24,-14],[9,-22],[-24,-18],[2,-19]],[[111681,29037],[-29,5],[-10,54],[12,41],[15,-24],[12,-76]],[[110778,30735],[-13,-51],[-13,64],[28,28],[-2,-41]],[[111986,30859],[32,-38],[19,-40],[-24,-34],[-18,-6],[-12,38],[-35,-13],[-39,3],[-27,29],[13,30],[47,-1],[44,32]],[[111955,30730],[-17,-49],[-24,44],[26,12],[15,-7]],[[115585,21915],[-15,3],[21,123],[17,-43],[-23,-83]],[[97455,49373],[-9,-44],[-18,25],[-21,7],[4,33],[38,18],[6,-39]],[[86535,22891],[-41,-29],[-42,0],[-18,23],[-37,112],[29,-20],[67,-17],[50,-40],[-8,-29]],[[118675,37870],[18,-16],[-4,-21],[-23,15],[9,22]],[[41543,35725],[-7,-58],[17,-246],[-27,-73],[-43,4],[-16,-25],[-11,-108],[-31,-235],[6,-55],[25,-91],[16,-101],[6,-81],[-15,-38],[-31,-27],[21,-100],[16,-46],[46,-94],[177,-131],[74,-77],[83,-106],[45,-108],[5,-89],[-67,-133],[-7,-112],[13,-78],[24,-73],[65,-95],[47,-34],[65,3],[17,-49],[10,-192],[-1,-72],[-19,-66],[-123,-304],[-105,-185],[-38,-102],[-14,-110],[-33,-52],[-182,-165],[-283,-148],[-228,-76],[-52,-26],[-367,-85],[-70,-11],[-93,7],[-75,-11],[-83,23],[-75,27],[-42,65],[-49,8],[-14,-32],[24,-84],[-12,-101],[15,-57],[29,-12],[28,-30],[25,-39],[-43,-5],[35,-50],[-1,-67],[-17,-159],[-53,-44],[-13,-34],[-27,-153],[-8,-99],[11,-63],[51,-135],[-19,-87],[-32,-46],[-193,-136],[-86,-27],[-140,-5],[-51,6],[-120,88],[-89,54],[-80,42],[-80,25],[17,36],[-38,15],[-52,-46],[-22,-47],[-6,-41],[-2,-98],[10,-83],[37,-204],[4,-110],[-18,-140],[25,-82],[30,-37],[68,-37],[26,-25],[38,-6],[-21,-52],[0,-38],[52,-11],[53,8],[56,16],[13,26],[0,54],[-65,10],[9,20],[49,22],[65,36],[33,7],[38,-47],[18,-58],[12,-77],[1,-93],[-8,-86],[-26,-68],[-116,-48],[-33,12],[-31,66],[-9,68],[-26,46],[-56,37],[-56,-12],[-55,-63],[-54,-20],[-19,-58],[136,-93],[64,-26],[41,-11],[-38,-56],[-96,-48],[-43,-33],[-50,-65],[-70,-142],[-21,-31],[-11,-36],[-7,-98],[23,-162],[-24,-68],[15,-75],[-9,-51],[-24,-72],[-97,-115],[-18,-83],[34,-50],[-2,-43],[-11,-39],[-41,1],[-148,27],[-54,-44],[-49,-51],[-31,-41],[-102,-28],[-20,-18],[-108,-199],[-46,-123],[-55,-121],[-15,-51],[-4,-71],[16,-111],[19,-60],[41,-70],[208,-280],[43,-25],[223,-30],[49,-39],[29,-62],[10,-55],[-12,-139],[-14,-43],[-24,-39],[-53,-51],[-62,-27],[18,-20],[80,20],[24,-17],[19,-54],[-35,-22],[-36,-67],[-128,-160],[-69,-48],[-64,-64],[-85,-65],[-34,-38],[-45,-78],[-69,-85],[-74,-184],[-4,-36],[11,-23],[-41,-321],[-15,-38],[-30,-40],[-78,-67],[-39,-8],[-50,39],[-28,40],[-28,69],[-24,2],[-7,-44],[-86,-21],[107,-25],[22,-17],[38,-76],[-14,-22],[-43,-19],[-55,-35],[-65,-63],[-35,-72],[-16,-52],[-17,-106],[-5,-70],[-27,-53],[31,-91],[26,-128],[13,-89],[-10,-63],[-54,-8],[-49,1],[16,-26],[46,-38],[50,17],[39,-49],[77,-186],[67,-114],[35,-68],[-17,-31]],[[37987,23192],[19,-26],[79,-127],[21,-53],[-52,-44],[-30,-76],[11,-52],[32,-21],[79,-7],[6,-7],[46,-153],[113,-138],[60,-84],[71,-79],[76,-62],[70,-46],[66,-56],[72,-80],[77,-57],[83,-41],[84,-33],[128,13],[40,-4],[25,-25],[-25,-68],[-32,-56],[-43,-22],[-45,-9],[-81,11],[-38,-5],[-36,-24],[-78,-13],[-76,-34],[-40,12],[-103,55],[-67,13],[-227,22],[-74,12],[-72,19],[-38,1],[-54,-12],[-44,2],[-11,-12]],[[39378,21910],[38,-14],[74,11],[40,0],[25,-13],[50,13],[17,-29],[-47,-26],[-19,12],[-100,-3],[-46,-27],[-18,0],[-44,-39],[-32,25],[-9,22],[23,33],[22,0],[26,35]],[[40290,31564],[-14,-35],[-43,37],[-17,51],[43,-16],[31,-37]],[[40345,66470],[-11,-25],[-39,9],[-9,54],[24,44],[27,-19],[18,-25],[-10,-38]],[[40334,66804],[-5,-17],[-28,30],[-9,55],[6,18],[26,-15],[9,-18],[1,-53]],[[65560,52313],[-19,79],[17,102],[-10,89],[-23,79],[-24,101],[-8,19]],[[65400,45178],[13,234],[13,104],[0,124],[-8,322],[-16,96],[34,39],[41,83],[16,76],[19,164],[71,379],[33,372],[43,177],[16,197],[119,254],[29,157],[61,76],[87,82],[62,146],[29,100],[35,194],[-1,202],[22,269],[-5,77],[-32,108],[-6,76],[-30,76],[-33,56],[-14,101],[-56,161],[-16,107],[-26,77],[-4,95],[-14,100],[-28,98],[-26,114],[0,35],[17,43],[2,-53],[104,198],[7,40],[-5,96],[5,62],[-99,366],[-77,340],[-14,173],[-103,226],[-41,147],[-22,103],[-18,39],[7,20],[26,5],[59,24],[81,26],[75,60],[20,27]],[[60637,77689],[70,-12],[35,6],[82,55],[64,75],[51,38],[44,82],[41,51],[57,56],[168,120],[26,1],[55,-27],[48,8],[33,42],[36,101],[54,61],[69,62],[94,59],[62,55],[97,46],[245,30],[126,27],[85,-6],[86,85],[43,29],[187,6],[88,63],[334,0],[41,-21],[40,-34],[69,-81],[34,-18],[43,17],[103,77],[116,40],[63,47],[27,66],[54,25],[30,-51],[120,-52],[74,14],[33,16],[-12,77],[78,-21],[59,-36],[63,-75],[41,-15],[73,34],[154,17]],[[68217,80549],[-2,57],[-11,44],[-38,106],[-126,104],[-29,46],[-26,76],[40,-19],[6,18],[-6,41],[-32,94],[-3,26],[16,78],[26,89],[-1,107],[8,81],[-9,53],[-5,64],[19,86],[27,48],[1,91],[-37,44],[-43,8]],[[45801,18306],[74,-16],[39,-23],[10,-25],[44,-10],[18,-58],[-76,52],[-106,3],[-24,37],[-54,-21],[1,57],[35,-10],[39,14]],[[41946,16535],[31,-82],[51,-42],[-19,-37],[-47,5],[-50,-9],[-11,41],[19,30],[-19,28],[-105,-21],[-41,-21],[-94,-69],[-139,-65],[-92,-95],[-105,-168],[-56,-6],[-14,-24],[42,-28],[42,-8],[-32,-60],[30,-35],[7,-49],[-37,-8],[-54,53],[-61,5],[-48,25],[-30,36],[-30,-8],[-22,-51],[13,-56],[-25,-33],[-29,16],[-11,66],[-68,13],[-95,-72],[-34,-2],[-18,-37],[-90,-74],[-87,-111],[-50,-46],[-92,-26],[-93,22],[-34,1],[-12,-30],[55,-94],[-30,-33],[-65,2],[-32,27],[-46,-50],[-21,-37],[31,-77],[52,-36],[36,-6],[14,-28],[-81,-13],[-54,-68],[-53,-87],[4,-48],[43,-71],[56,-51],[56,-4],[73,16],[18,14],[73,8],[31,49],[78,-8],[18,33],[126,4],[18,-28],[-61,-79],[-38,25],[-34,-4],[-18,-24],[36,-50],[-14,-45],[-29,-46],[-36,29],[-6,49],[-48,29],[-48,12],[-32,-50],[-50,-15],[-8,-58],[-20,-53],[-29,16],[-12,66],[-82,54],[-43,8],[-150,-25],[-25,-46],[36,-32],[12,-45],[-14,-75],[38,-41],[3,-53],[-58,17],[-100,141],[-61,62],[-27,56],[-112,14],[-57,-23],[33,-65],[-35,-16],[-70,-112],[-40,-41],[93,-66],[18,-70],[-29,-24],[-69,-10],[-122,47],[-53,0],[-18,33],[-27,-4],[-36,-103],[-29,-33],[13,-81],[-64,-37],[58,-17],[13,-41],[-89,-17],[-57,-4],[-35,19],[-32,-9],[-21,-32],[0,-94],[30,-81],[-54,-80],[-8,-55],[44,-83],[-58,-74],[86,-13],[58,7],[113,52],[19,-45],[-22,-26],[-160,-73],[-30,-31],[41,-17],[83,-3],[32,-24],[-50,-50],[-34,-59],[28,-22],[89,-34],[160,-45],[119,-16],[-26,53],[-4,65],[83,53],[44,16],[197,33],[55,-2],[42,-14],[-16,-27],[-46,10],[-79,-18],[-123,-58],[-22,-24],[8,-45],[104,-37],[35,-29],[-47,-88],[8,-56],[123,-131],[34,-47],[53,-26],[86,-66],[47,-67],[15,-150],[70,-125],[82,-57],[9,-49],[-27,-50],[-70,29],[-39,-29],[-16,-53],[129,-82],[170,4],[4,-49],[-70,-66],[-38,-21],[-64,-12],[-16,-45],[28,-62],[88,27],[65,4],[68,-10],[21,-84],[80,-103],[19,-48],[-14,-46],[-50,-14],[-75,-68],[-51,-17],[-93,-85],[-57,-26],[134,-11],[120,69],[45,-15],[29,-46],[16,-53],[-29,-45],[-208,-27],[-101,-25],[-108,-70],[124,-34],[91,12],[108,-37],[69,13],[53,25],[79,-14],[19,-179],[-22,-40],[-109,-28],[-79,2],[-2,-83],[119,-61],[73,33],[65,-17],[0,-99],[51,-108],[44,-6],[36,49],[47,0],[18,-57],[-20,-99],[-36,-54],[-150,40],[-43,-37],[-71,-30],[-63,-5],[-55,48],[-64,36],[-101,19],[-96,8],[31,-42],[44,-24],[17,-75],[35,-77],[78,20],[112,-44],[68,-46],[30,-62],[-38,-98],[-103,-54],[-68,38],[-98,-17],[-17,-45],[-34,-22],[177,-3],[55,-12],[41,-42],[-64,-53],[-117,9],[-50,-21],[-43,-38],[175,-25],[72,14],[115,41],[27,-41],[-105,-106],[-122,-22],[-93,0],[-203,44],[4,-40],[31,-27],[82,-102],[13,-39],[-25,-53],[-71,-40],[-80,-16],[-67,35],[-48,99],[-61,28],[-99,5],[18,-103],[-25,-37],[-55,19],[-68,-17],[-125,-62],[201,-18],[55,-50],[-20,-24],[-109,-11],[-104,-22],[-144,-54],[105,-22],[100,1],[128,-15],[16,-29],[-37,-33],[-235,-79],[-247,-99],[-91,-31],[-95,-17],[-219,-84],[-138,-39],[-391,-60],[-610,-150],[-208,-106],[-62,-82],[-155,-40],[-117,-13],[-309,-8],[-315,39],[-255,9],[-139,-14],[-474,72],[-134,-16],[-199,14],[-322,-28],[-34,-45],[41,-81],[118,-100],[196,-175],[106,-36],[65,-40],[122,-47],[276,-2],[376,-36],[213,-34],[-8,-65],[-128,-124],[-79,-47],[-191,-87],[-263,-42],[-199,12],[-355,71],[-445,65],[-660,60],[-315,57],[-171,-57],[-163,-2],[48,-25],[658,-166],[564,-122],[145,-52],[-7,-79],[-32,-61],[-110,-53],[-288,-5],[-359,-42],[-180,-2],[-178,43],[-380,121],[-231,92],[-163,102],[-112,82],[-125,82],[31,-103],[62,-62],[89,-67],[-37,-32],[-65,33],[-55,-30],[-19,-36],[57,-93],[114,-102],[99,-26],[130,-62],[317,-113],[150,-124],[19,-63],[93,-63],[122,-7],[19,54],[-4,65],[116,33],[237,-22],[1008,-14],[96,-38],[38,-49],[26,-100],[-107,-120],[-73,-51],[-226,-57],[-164,-10],[-338,9],[-330,-1],[257,-58],[250,-47],[346,9],[137,13],[120,22],[143,-124],[95,-55],[73,-145],[87,-115],[56,-36],[91,-16],[102,30],[195,13],[189,-48],[120,-14],[163,40],[129,55],[271,51],[124,39],[156,-17],[109,-130],[160,-65],[201,-27],[202,22],[90,-22],[14,-44],[109,-46],[815,-194],[281,-37],[435,-20],[337,-2],[110,-50],[-129,-26],[-137,-3],[-208,10],[-73,-6],[-316,15],[-111,-27],[-204,-21],[45,-28],[231,-17],[212,4],[18,-46],[-194,-11],[-413,-9],[-74,-31],[99,-25],[19,-33],[-43,-86],[67,-59],[99,-1],[173,-56],[178,-2],[213,43],[104,-1],[280,27],[254,-5],[355,52],[114,-8],[-99,-47],[-436,-118],[-218,-38],[92,-118],[115,-66],[72,-95],[71,-21],[167,11],[6,-66],[-132,-151],[56,-33],[150,-20],[386,-10],[115,-9],[418,210],[168,100],[152,73],[353,129],[176,97],[173,8],[236,92],[210,72],[220,34],[185,-5],[131,11],[233,46],[368,54],[212,5],[569,47],[162,-21],[180,-49],[116,0],[260,35],[47,-58],[25,-73],[-52,-70],[-85,-43],[-23,-71],[116,-36],[386,46],[334,66],[134,39],[168,156],[209,160],[177,101],[114,118],[95,69],[178,77],[161,4],[231,84],[338,93],[260,-45],[273,-68],[136,55],[106,9],[183,43],[151,90],[66,60],[333,29],[349,38],[212,17],[154,33],[212,10],[109,-3],[102,88],[201,18],[374,66],[1735,69],[76,33],[151,27],[58,66],[-232,27],[-73,27],[-327,6],[-1600,101],[-34,9],[-55,62],[12,113],[-48,87],[-112,24],[-262,-13],[-385,-47],[-154,-5],[-410,74],[-272,82],[-178,28],[-247,98],[-9,99],[29,91],[229,266],[144,126],[95,11],[88,57],[89,128],[73,60],[165,71],[73,18],[261,88],[71,3],[116,-15],[133,79],[404,168],[91,63],[113,39],[327,141],[291,70],[145,20],[178,43],[367,124],[610,118],[365,30],[250,36],[177,-21],[175,7],[151,30],[71,26],[100,63],[340,-30],[219,44],[90,4],[96,20],[-72,25],[-80,92],[80,118],[101,48],[52,70],[50,101],[165,199],[47,28],[106,9],[191,-3],[258,-52],[48,20],[82,59],[69,73],[147,109],[29,31],[-13,53],[-221,-23],[-167,-35],[-161,19],[-21,30],[34,23],[61,8],[23,37],[-55,30],[-99,17],[-45,24],[4,54],[25,81],[97,57],[119,113],[70,35],[201,30],[234,-47],[53,13],[57,63],[-58,98],[-44,36],[0,32],[122,-14],[115,-23],[135,5],[157,97],[222,81],[109,33],[95,20],[52,81],[76,156],[56,80],[-17,90],[-111,-17],[-124,41],[-154,65],[-46,74],[-23,65],[95,58],[50,5],[89,-26],[115,-67],[57,-27],[65,-49],[49,5],[57,68],[47,92],[39,28],[127,74],[-30,44],[-71,23],[-10,25],[30,29],[59,6],[72,-63],[99,-42],[67,-14],[58,-35],[91,-116],[108,-193],[51,-2],[96,17],[103,8],[69,55],[14,138],[27,62],[-9,64],[-87,112],[6,35],[35,26],[124,34],[122,-30],[66,-5],[99,17],[103,38],[106,26],[82,-19],[37,-70],[-42,-69],[-66,-52],[-61,-64],[-16,-68],[4,-38],[57,-10],[511,9],[156,-7],[96,-22],[162,9],[145,24],[69,0],[119,-22],[84,-48],[176,13],[50,16],[46,64],[51,12],[59,-52],[19,-119],[27,-56],[74,-51],[74,44],[49,51],[115,100],[131,77],[101,44],[245,76],[121,48],[240,64],[305,35],[548,117],[181,12],[295,31],[151,32],[154,25],[94,86],[214,-65],[75,-8],[100,52],[111,128],[160,-53],[94,-83],[112,-65],[256,-111],[80,-26],[171,-23],[45,18],[80,74],[82,108],[52,46],[75,38],[84,59],[-22,31],[-91,28],[10,32],[150,8],[79,-109],[179,-71],[228,27],[195,4],[171,-23],[83,4],[75,81],[121,30],[69,-36],[42,-121],[157,-33],[327,-55],[36,14],[41,63],[27,79],[67,12],[85,42],[46,-6],[63,-51],[-22,-123],[-36,-113],[43,-92],[39,-50],[132,-11],[99,6],[63,-5],[321,46],[40,102],[51,115],[125,147],[89,-26],[137,-109],[10,-53],[-55,-51],[15,-33],[57,-27],[182,-44],[59,9],[87,45],[88,92],[47,106],[75,-5],[73,-22],[51,-55],[0,-104],[69,-72],[58,-45],[147,-49],[158,-12],[110,-29],[178,11],[88,33],[154,35],[103,60],[65,26],[234,55],[179,63],[189,109],[184,66],[284,34],[77,13],[108,-1],[266,78],[102,46],[56,16],[64,57],[61,176],[-4,67],[-25,86],[-56,77],[-59,112],[26,128],[46,53],[118,58],[117,12],[132,-8],[116,-12],[9,-54],[-49,-60],[-104,-83],[15,-50],[83,-6],[183,9],[53,-45],[130,-198],[32,-94],[45,-27],[72,14],[154,-2],[107,15],[86,0],[45,-8],[48,-46],[88,-53],[88,39],[64,18],[77,-4],[122,-62],[121,-144],[132,-71],[8,46],[-17,57],[54,50],[66,86],[94,111],[74,113],[20,156],[35,129],[60,61],[60,40],[91,41],[114,9],[107,92],[76,38],[160,51],[200,50],[139,142],[120,39],[131,9],[213,46],[66,6],[112,36],[98,84],[72,23],[126,-3],[109,48],[90,1],[84,25],[13,52],[-40,35],[0,47],[46,61],[36,22],[110,-4],[93,-51],[67,-3],[18,-29],[-59,-38],[-39,-64],[67,-58],[61,-38],[72,7],[87,34],[86,-24],[38,-53],[0,-82],[18,-44],[60,38],[33,83],[-9,104],[3,65],[144,105],[57,78],[-101,17],[-71,-11],[-40,28],[-45,79],[125,66],[142,-2],[82,-56],[177,-90],[98,2],[88,-13],[18,27],[-33,131],[4,74],[-73,42],[-21,92],[30,99],[87,55],[119,25],[256,152],[68,32],[168,31],[197,15],[244,54],[435,-36],[117,-23],[73,-30],[70,-48],[90,-81],[132,-101],[170,-32],[48,-31],[64,-86],[-69,-57],[-55,-6],[-107,34],[-74,34],[-50,-13],[50,-60],[54,-36],[10,-49],[-31,-71],[-201,-140],[121,-41],[72,33],[66,60],[113,36],[160,3],[91,23],[69,-16],[67,-39],[99,-37],[144,-41],[175,-159],[136,17],[74,34],[210,11],[180,-71],[102,-25],[295,-22],[175,-45],[113,54],[75,21],[157,11],[79,-11],[219,-58],[387,-59],[267,-31],[233,-1],[112,-27],[203,-27],[79,-22],[195,17],[91,23],[85,51],[49,-12],[32,-63],[-17,-110],[63,-148],[66,-115],[-18,-44],[-57,-39],[-78,-87],[4,-73],[35,-48],[-40,-57],[29,-80],[5,-48],[-27,-39],[-61,-24],[-105,-3],[-54,-22],[-9,-60],[27,-44],[61,-23],[17,-49],[-9,-70],[-27,-61],[-55,-28],[-60,-6],[-112,12],[-81,40],[-206,-155],[-105,-115],[133,-33],[96,-60],[211,7],[158,54],[48,-6],[30,-60],[-18,-96],[-3,-74],[-108,-206],[-84,-90],[-107,-65],[-93,-65],[-56,-117],[-61,-98],[-90,-165],[-51,-179],[-23,-107],[-34,-111],[-76,-191],[-49,-31],[-85,-79],[24,-52],[148,-16],[108,-40],[146,82],[76,51],[15,104],[-15,104],[46,63],[107,84],[252,60],[135,27],[139,150],[114,48],[94,77],[16,56],[157,65],[67,70],[25,69],[10,127],[29,95],[105,220],[46,59],[122,31],[53,35],[117,127],[-6,97],[27,89],[74,53],[97,100],[120,14],[91,52],[97,-35],[118,-50],[196,15],[94,-23],[73,27],[62,77],[24,93],[76,55],[84,-2],[140,93],[144,84],[119,19],[94,65],[68,111],[73,84],[88,81],[26,144],[55,72],[106,64],[86,34],[367,108],[281,71],[283,88],[87,-1],[114,48],[188,2],[50,5],[64,100],[140,93],[88,30],[111,80],[89,8],[126,-14],[106,-22],[97,-1],[139,67],[215,11],[115,59],[305,95],[114,-19],[162,17],[98,-5],[93,-12],[119,-2],[203,32],[87,22],[161,82],[179,19],[79,21],[101,19],[141,-60],[83,-13],[118,34],[96,-9],[124,-36],[83,-29],[42,1],[77,25],[93,65],[86,26],[83,-16],[157,-64],[153,5],[148,14],[125,30],[106,32],[98,-49],[113,-18],[183,87],[70,-20],[88,-33],[47,-73],[175,14],[155,62],[132,46],[129,31],[102,41],[149,160],[-2,49],[21,30],[31,14],[239,-2],[74,13],[97,42],[167,-32],[162,-51],[106,7],[116,-32],[129,-60],[113,-17],[473,-154],[268,-37],[134,-50],[35,-18],[40,-52],[70,-5],[57,21],[75,-79],[182,-60],[188,-29],[123,47],[210,131],[62,61],[-11,132],[109,146],[186,71],[231,38],[142,33],[189,30],[91,-30],[117,-51],[84,-81],[130,-186],[96,-68],[158,-15],[78,-42],[110,-130],[-65,-117],[-58,-43],[-240,-50],[-105,-40],[-92,-24],[-27,-97],[39,-46],[99,23],[116,11],[92,19],[83,30],[73,44],[171,22],[112,37],[100,22],[70,37],[72,-5],[71,-37],[57,3],[152,-11],[70,27],[64,1],[130,-48],[67,-8],[85,17],[121,46],[153,50],[143,15],[64,-11],[-143,-57],[-230,-76],[-123,-75],[72,-32],[433,84],[197,62],[174,28],[43,21],[143,97],[51,26],[153,33],[201,38],[152,42],[103,43],[78,5],[137,-68],[76,9],[93,33],[66,78],[37,57],[160,37],[72,-19],[118,-42],[83,-22],[71,-162],[167,-143],[61,-38],[145,14],[158,-57],[67,8],[64,16],[57,-10],[87,35],[90,179],[82,176],[80,77],[49,33],[61,15],[95,37],[127,10],[96,-14],[205,-13],[166,43],[190,-7],[93,51],[101,9],[136,-45],[38,-32],[76,-44],[38,-125],[37,-2],[127,79],[69,14],[129,126],[69,-32],[155,-55],[64,-15],[122,-91],[64,19],[51,42],[152,-4],[143,-37],[59,-31],[72,-54],[45,-13],[36,15],[295,-21],[127,-40],[98,-48],[342,-23],[131,-49],[78,23],[156,-7],[121,-89],[123,-40],[68,8],[96,32],[95,45],[96,0],[45,-39],[16,-94],[71,2],[79,43],[69,-11],[24,-66],[-36,-87],[-87,-122],[-37,-103],[-72,-92],[12,-44],[73,-22],[73,65],[162,46],[85,58],[146,22],[143,-20],[102,-79],[189,-132],[23,-98],[-6,-43],[-27,-52],[100,-59],[89,-9],[73,6],[303,-57],[145,22],[130,0],[155,8],[119,-1],[94,-10],[113,20],[89,28],[46,-17],[24,-235],[51,-33],[54,33],[39,44],[240,-20],[96,-2],[91,-25],[91,-55],[88,24],[54,34],[72,22],[21,54],[8,92],[-2,89],[42,17],[42,-17],[57,-42],[128,-134],[141,-129],[60,-33],[122,-81],[167,-33],[162,-65],[191,4],[148,-83],[101,65],[53,15],[77,-18],[94,-56],[73,-12],[252,-92],[136,-34],[50,-67],[66,-65],[0,-65],[29,-84],[151,-65],[131,-147],[132,-317],[68,-55],[100,5],[93,-82],[30,11],[3,33],[-84,213],[-6,115],[66,66],[156,18],[120,-122],[110,-75],[75,-13],[147,4],[139,78],[106,-28],[169,-9],[219,-46],[95,7],[169,-19],[205,-66],[116,-24],[78,-72],[58,-104],[70,-56],[71,-9],[142,-48],[296,-147],[169,-74],[31,38],[9,78],[54,15],[57,-115],[60,-87],[27,-77],[-62,-62],[-91,13],[-64,0],[-66,-105],[-26,-178],[105,20],[9,-66],[-27,-55],[-54,-22],[-93,42],[-115,29],[-125,11],[-121,53],[-99,0],[134,-105],[153,-42],[191,-67],[6,-41],[-46,-51],[-57,-108],[-175,-93],[-101,68],[-121,16],[-60,-40],[-120,5],[-238,-16],[-93,84],[-147,47],[5,-38],[125,-141],[267,-70],[32,-35],[-60,-33],[-81,4],[-102,-65],[-194,11],[-92,-4],[-102,-37],[38,-23],[46,-65],[-66,-54],[-61,-28],[-63,13],[-69,-20],[-33,60],[-2,130],[-39,118],[-108,-9],[-22,-101],[48,-173],[31,-55],[-25,-47],[-45,-16],[90,-146],[77,-101],[46,-33],[3,-50],[-36,-21],[-103,19],[-51,-10],[-150,28],[-81,6],[-81,-27],[-69,2],[-60,91],[-55,22],[-45,-27],[-33,-109],[-70,-34],[-72,-49],[-51,-55],[-24,-214],[-42,-43],[-62,2],[-48,-17],[-139,27],[-262,-72],[42,-38],[66,5],[231,-11],[97,-38],[17,-97],[39,-40],[137,-66],[20,-33],[-56,-126],[-72,-66],[21,-33],[78,-11],[33,-147],[-52,-66],[31,-110],[-94,-76],[-13,-54],[78,-32],[140,-16],[126,-147],[51,-74],[4,-120],[50,-73],[95,-46],[-3,-49],[131,-19],[24,-44],[-21,-55],[-110,-65],[-44,-48],[109,-8],[113,-49],[144,56],[125,114],[37,-13],[3,-56],[44,-95],[186,-90],[103,-29],[99,-14],[88,2],[24,-55],[-27,-50],[-179,-5],[-139,77],[-506,-21],[-113,-16],[-136,-54],[-137,-26],[-207,-53],[-87,-33],[-227,126],[-74,93],[-84,-16],[-4,-66],[107,-143],[47,-38],[0,-38],[-73,-19],[-65,28],[-121,22],[-109,-44],[-133,-94],[64,-98],[-9,-41],[-148,-80],[-80,-19],[37,-29],[82,-3],[-20,-62],[-135,-33],[9,-43],[74,-21],[93,8],[59,-31],[0,-50],[-129,-48],[-482,-128],[-70,-34],[4,-46],[167,-13],[505,11],[32,-15],[-40,-83],[27,-33],[76,-23],[3,-35],[-112,-31],[-83,-4],[6,-38],[150,-38],[-1,-181],[-80,-44],[-3,-43],[149,-31],[230,-136],[141,-27],[146,-70],[52,-41],[84,-21],[11,-35],[255,-123],[27,-42],[-428,-79],[-430,-58],[40,-51],[464,5],[125,-33],[88,44],[250,42],[255,26],[79,-19],[342,-152],[158,-57],[174,-27],[107,-71],[9,-66],[104,-38],[168,45],[175,-56],[-125,-102],[-199,-27],[154,-55],[590,-24],[169,-49],[165,27],[137,-24],[24,-51],[214,-55],[182,-19],[144,1],[324,-85],[405,-18],[106,-62],[771,-84],[214,-34],[98,-4],[309,-44],[204,-90],[0,-3507],[-122789,0],[0,259],[0,179],[0,439],[0,438],[0,438],[0,439],[0,438],[0,439],[0,438],[549,9],[225,-36],[492,-15],[141,-57],[168,19],[245,11],[1010,-49],[1035,-88],[212,-28],[189,-65],[199,8],[1175,-50],[181,0],[721,-53],[1259,-124],[228,0],[-63,66],[-117,60],[-159,44],[329,14],[-45,31],[-125,17],[-449,21],[-1795,155],[-187,52],[-273,8],[-71,36],[418,13],[-46,49],[-223,74],[63,52],[129,11],[14,67],[-296,87],[-200,30],[-131,-20],[-249,-2],[-307,-11],[-86,12],[-186,96],[-279,116],[-689,120],[-120,33],[-862,188],[-58,67],[397,-76],[232,14],[195,28],[269,-59],[543,-95],[349,-83],[750,18],[204,-10],[240,-46],[161,-110],[242,58],[212,28],[184,-51],[128,-67],[547,18],[228,-3],[164,-30],[595,100],[93,22],[137,70],[-192,29],[23,50],[506,50],[197,29],[106,76],[452,116],[145,52],[133,85],[-298,170],[-284,146],[180,81],[79,69],[-180,83],[-144,34],[-541,84],[-184,35],[74,55],[98,43],[207,17],[1325,65],[1335,80],[34,40],[-178,48],[-206,25],[-22,71],[-314,58],[-131,63],[-19,35],[47,88],[73,38],[219,28],[278,-2],[152,23],[-39,88],[103,14],[16,31],[-32,51],[-82,27],[-216,46],[-491,70],[-190,53],[-201,88],[-155,47],[13,31],[-64,56],[-157,-20],[-279,11],[-341,44],[-236,50],[-308,137],[-121,68],[89,47],[98,30],[411,70],[61,24],[83,63],[-137,26],[-117,-3],[-104,18],[-418,4],[-238,-9],[-199,78],[-149,77],[-41,39],[-32,68],[92,174],[-5,90],[11,122],[72,40],[55,9],[128,-95],[112,-7],[160,18],[156,67],[99,4],[192,-21],[88,8],[97,-4],[309,-63],[104,-51],[49,-66],[131,-16],[367,18],[96,-8],[260,-92],[222,-98],[76,-24],[125,-17],[83,51],[119,45],[267,57],[64,55],[-36,31],[-165,43],[-34,37],[22,99],[70,12],[129,-66],[158,-61],[99,-7],[176,38],[182,-132],[244,-10],[26,21],[-71,113],[100,46],[-81,59],[-73,21],[115,72],[-19,43],[3,55],[-25,29],[-142,57],[-208,94],[-192,42],[-430,-34],[-152,22],[-208,57],[126,34],[133,25],[90,64],[107,40],[156,-17],[356,-116],[75,-12],[243,-54],[151,9],[-68,52],[-74,37],[-179,104],[21,49],[114,81],[301,6],[131,29],[170,63],[221,104],[188,13],[237,32],[80,-24],[201,-99],[126,-35],[89,0],[-119,124],[176,30],[141,57],[206,120],[185,33],[522,52],[180,-47],[150,-6],[34,14],[30,64],[80,124],[67,44],[228,46],[178,-2],[128,-50],[119,-34],[109,-15],[110,1],[164,29],[219,10],[103,15],[117,-28],[290,-10],[225,-40],[139,0],[188,39],[101,5],[368,63],[288,13],[216,-28],[352,18],[355,-13],[144,-24],[800,15],[637,59],[87,20],[136,65],[75,59],[51,18],[107,8],[182,-14],[252,-43],[217,16],[412,-25],[40,19],[107,291],[58,53],[94,-14],[286,-101],[7,-44],[-29,-31],[-48,-12],[-13,-87],[38,-24],[63,8],[42,-38],[-90,-65],[-105,-53],[-28,-123],[-38,-41],[-5,-45],[61,0],[287,55],[314,38],[162,24],[39,26],[-54,61],[-16,50],[31,43],[-9,73],[-29,72],[61,55],[56,-13],[97,8],[55,-26],[166,-36],[77,-49],[27,-105],[-25,-108],[-79,-78],[-148,-71],[-170,-113],[36,-55],[87,19],[380,-5],[245,8],[153,-13],[194,-28],[153,-43],[184,-8],[114,15],[107,-21],[416,90],[169,52],[97,-25],[157,22],[88,-20],[162,31],[104,4],[119,-13],[363,-7],[27,-58],[111,-90],[90,-34],[114,14],[83,28],[129,-10],[189,38],[187,-12],[78,7],[36,24],[30,54],[-57,31],[-165,39],[-151,80],[-67,17],[-108,-10],[-105,41],[71,30],[86,100],[-36,91],[-41,20],[-100,-3],[-119,-33],[-49,23],[-78,11],[-30,85],[-84,157],[-44,46],[-133,41],[-225,46],[-33,62],[22,85],[132,19],[128,-9],[248,-40],[110,-39],[92,0],[319,23],[82,47],[129,2],[91,18],[-104,26],[-112,47],[-168,58],[-142,30],[-257,22],[-131,-7],[-82,11],[-293,-6],[-80,22],[-57,63],[-79,148],[-23,79],[91,61],[86,3],[127,-13],[41,-14],[32,-47],[-32,-48],[-40,-25],[25,-21],[129,-8],[119,-19],[119,21],[174,9],[192,-37],[153,26],[547,-14],[67,-7],[123,-69],[59,11],[178,-50],[95,-38],[96,-21],[83,-5],[92,10],[120,33],[100,13],[71,-12],[151,-6],[116,-40],[89,16],[95,45],[300,31],[200,-9],[366,-79],[84,-8],[167,47],[54,78],[-8,87],[49,21],[40,-10],[74,61],[101,-5],[62,-12],[38,40],[35,82],[119,6],[85,-12],[114,-53],[0,-44],[-47,-47],[-78,-116],[49,-67],[72,6],[92,-13],[112,28],[71,2],[123,-100],[149,0],[212,90],[61,10],[75,-41],[109,-96],[96,-56],[140,-33],[122,-10],[142,-45],[79,-38],[179,-1],[77,-15],[215,-78],[198,38],[101,36],[49,65],[-25,99],[-8,99],[29,41],[51,8],[235,-111],[-34,118],[-60,88],[9,65],[49,21],[99,-34],[118,-18],[97,-38],[190,-139],[61,-120],[129,-30],[90,5],[102,19],[137,17],[105,-5],[97,23],[29,-66],[-91,-95],[-34,-61],[29,-17],[100,34],[158,-10],[128,43],[109,15],[104,46],[149,-12],[89,-36],[85,20],[119,-10],[364,156],[82,-3],[105,9],[131,37],[102,16],[83,0],[149,56],[237,-7],[121,29],[234,36],[157,40],[280,106],[114,62],[123,139],[77,139],[86,184],[-43,120],[-173,230],[-24,150],[9,141],[-32,133],[-32,98],[-67,165],[-81,106],[-94,143],[0,131],[-23,103],[-57,73],[-24,58],[83,30],[110,22],[262,-40],[23,59],[67,43],[45,54],[-15,82],[-57,35],[-69,70],[31,56],[57,0],[26,61],[-21,60],[26,76],[50,97],[34,35],[-62,58],[-59,76],[15,59],[65,147],[49,62],[32,20],[-9,21],[-74,22],[-70,4],[-123,-38],[-20,7],[-14,62],[13,104],[19,96],[66,26],[47,74],[43,5],[28,-25],[8,-99],[15,-23],[-6,-46],[100,29],[47,-21],[-21,163],[24,65],[-22,84],[8,31],[45,51],[65,10],[78,-34],[64,13],[17,32],[13,106],[-34,38],[55,128],[102,-3],[49,15],[-32,76],[92,30],[131,-45],[34,36],[-12,37],[-35,21],[2,74],[58,-21],[29,46],[-16,41],[77,5],[50,49],[69,-1],[23,47],[-38,8],[-49,31],[-7,86],[11,62],[43,54],[52,36],[95,-31],[74,7],[30,-33],[40,-8],[9,37],[-30,85],[118,62],[38,-9],[46,15],[-16,48],[24,62],[35,8],[22,-53],[32,-11],[36,12],[88,63],[85,13],[45,37],[10,43],[26,30],[75,41],[32,29],[66,102],[-12,26],[20,22],[200,92],[98,9],[164,56],[100,66],[62,27],[56,73],[67,11],[156,52],[119,82],[163,58],[75,-5],[31,-18],[20,-68]],[[45970,6948],[224,4],[288,-9],[60,-51],[95,-163],[19,-85],[84,-110],[7,-63],[-15,-139],[-27,-55],[-68,-54],[-78,6],[-89,-32],[91,-47],[-13,-59],[-1930,-281],[-151,-43],[-49,-45],[-1498,-53],[-64,68],[2,119],[103,50],[191,186],[31,50],[116,-41],[84,11],[118,56],[56,-46],[200,94],[180,105],[177,120],[111,92],[15,30],[-29,57],[-121,35],[73,111],[6,96],[42,16],[47,56],[-46,33],[54,109],[95,88],[200,149],[93,109],[474,129],[225,30],[70,4],[194,-12],[248,-48],[231,-66],[175,-65],[84,-46],[97,-74],[11,-62],[-25,-90],[-33,-42],[-382,-39],[-50,-16],[-48,-65],[45,-12]],[[41021,5996],[-13,-194],[-19,-48],[-102,-67],[-156,-66],[-491,36],[-221,35],[-92,42],[-70,106],[-194,-14],[-120,-20],[-69,-61],[-319,87],[-335,103],[-139,53],[-61,39],[135,45],[54,-23],[17,-55],[64,-23],[1180,6],[302,19],[110,23],[40,31],[-99,8],[-71,68],[3,71],[130,15],[-14,68],[78,15],[31,33],[152,42],[241,-22],[57,-61],[-28,-78],[0,-62],[99,-9],[60,-50],[-71,-8],[-69,-84]],[[37501,12923],[-9,-75],[57,27],[69,-34],[100,-163],[22,-51],[40,-151],[49,-113],[123,-197],[92,-171],[3,-84],[39,-23],[21,-150],[8,-134],[8,-256],[-4,-60],[-52,-95],[-23,-69],[-61,-77],[-174,-135],[-20,-66],[-291,-58],[-165,-23],[-64,25],[-65,7],[-80,-9],[-235,-8],[-178,-19],[-55,51],[-48,-5],[-74,31],[-41,39],[-27,47],[79,64],[81,19],[164,-35],[182,-17],[249,-5],[69,6],[83,21],[76,59],[-75,37],[-74,-1],[-183,-59],[-80,-12],[-85,21],[-79,61],[-1,19],[269,46],[74,37],[24,50],[-182,44],[-75,-8],[-83,17],[-78,51],[-73,61],[-52,-13],[-176,-161],[-81,11],[-83,31],[-76,12],[-67,-22],[88,-69],[11,-25],[-123,-81],[-33,-11],[-73,17],[-38,43],[-37,11],[-121,-5],[-117,62],[-77,53],[-7,61],[7,62],[21,41],[66,36],[80,8],[78,-46],[83,-13],[4,37],[-15,76],[16,26],[64,20],[86,-35],[133,-84],[57,29],[-73,49],[-3,60],[70,19],[129,-30],[135,-12],[140,34],[-74,37],[-162,32],[-53,59],[120,34],[120,-1],[218,-44],[73,21],[67,63],[39,16],[154,-5],[123,29],[39,-12],[119,-104],[28,25],[2,111],[-55,10],[-105,38],[-123,11],[-133,35],[-42,30],[-6,34],[44,76],[170,83],[80,26],[120,1],[94,-34],[28,10],[-90,58],[-152,90],[-134,13],[-70,-33],[-66,-3],[-197,80],[-54,61],[-8,38],[9,63],[46,176],[-9,63],[-30,35],[-45,23],[-40,39],[-19,94],[27,71],[64,37],[163,42],[333,52],[35,-27],[71,-79],[18,-142]],[[27938,11232],[-29,-66],[2,-65],[84,4],[37,123],[78,22],[38,-73],[-36,-59],[41,-57],[39,-1],[35,36],[53,116],[75,58],[165,9],[88,-37],[-59,-93],[-142,-53],[-90,-56],[62,-24],[304,86],[75,40],[26,-7],[0,-66],[27,-46],[-16,-100],[-171,-27],[22,-44],[-13,-33],[-219,18],[-75,-19],[-39,3],[-76,33],[-197,-23],[-198,6],[-79,36],[-82,10],[-91,1],[-98,41],[-81,17],[-178,66],[-56,-4],[-424,64],[-143,-6],[-83,32],[-8,63],[54,29],[590,75],[62,20],[45,-2],[35,-64],[51,-67],[34,9],[59,54],[105,-16],[58,24],[40,49],[120,56],[75,-11],[70,-24],[34,-57]],[[20275,10087],[61,-62],[36,-83],[-244,-104],[-26,-112],[-417,-41],[-196,38],[-32,63],[65,13],[-40,75],[88,83],[-140,79],[-106,-3],[32,65],[48,35],[230,0],[320,-32],[321,-14]],[[18306,10379],[90,-18],[30,-26],[83,-31],[37,-29],[22,-52],[80,-50],[17,-45],[-188,-18],[-10,-38],[62,-26],[119,16],[114,-21],[102,50],[52,6],[141,-59],[29,-28],[-37,-40],[75,-40],[45,-42],[-13,-93],[-49,-19],[-74,19],[-230,11],[-74,16],[-113,70],[-89,21],[-70,51],[-122,39],[-77,49],[-9,70],[-29,19],[-87,7],[-58,-42],[-77,8],[0,79],[-62,43],[7,83],[43,48],[98,-2],[131,18],[91,-4]],[[7144,6329],[-425,-23],[-173,20],[-361,68],[-495,123],[-135,39],[-174,75],[-20,47],[28,121],[26,34],[105,42],[53,45],[107,47],[31,36],[131,-2],[164,-22],[79,-20],[176,-67],[123,-66],[177,-78],[175,-86],[98,-33],[96,-49],[90,-65],[144,-141],[-20,-45]],[[118383,7872],[129,-44],[338,5],[281,-43],[27,-43],[-81,-23],[-124,-57],[-147,-18],[-138,23],[-179,-2],[-39,-34],[-86,-33],[-101,-59],[-67,94],[-101,95],[133,106],[-7,25],[-66,52],[32,39],[71,17],[93,-16],[40,-52],[-8,-32]],[[50781,6335],[45,-13],[111,53],[269,-56],[88,-54],[-142,-16],[-134,-47],[-144,46],[-256,31],[-78,23],[-60,74],[135,54],[166,-95]],[[49820,6631],[-39,-22],[-830,38],[-40,8],[11,46],[177,17],[88,20],[88,37],[390,-83],[135,-34],[20,-27]],[[37405,6408],[-222,3],[-185,32],[-54,35],[-34,77],[40,123],[73,72],[68,44],[242,108],[195,47],[196,76],[655,201],[150,29],[106,-42],[-21,-23],[-236,-163],[-231,-116],[-163,-89],[-210,-122],[-148,-145],[18,-46],[-34,-63],[-205,-38]],[[41665,16112],[35,4],[50,49],[27,-27],[91,-53],[-8,-43],[17,-34],[-36,-11],[-29,-35],[40,-44],[-32,-8],[-65,18],[-35,-4],[-7,39],[-40,-5],[-17,-61],[-28,4],[11,39],[-35,5],[-65,-29],[-31,34],[97,45],[-40,22],[-3,68],[-86,-23],[-9,41],[51,95],[119,68],[33,1],[17,-40],[-16,-50],[-6,-65]],[[42455,16659],[21,-16],[106,-4],[28,-74],[-29,-18],[-148,11],[-54,24],[-27,-1],[-61,-27],[-25,-25],[-101,-34],[-29,12],[-15,52],[42,62],[116,48],[155,18],[21,-28]],[[41619,17442],[44,-17],[38,11],[21,-13],[13,-48],[-57,5],[-53,-41],[-64,9],[-11,-66],[-55,32],[-42,-12],[-14,-55],[-30,-13],[-52,18],[-24,29],[-47,4],[84,75],[9,22],[96,43],[46,-8],[98,25]],[[39845,15854],[-33,-65],[50,1],[69,33],[31,-32],[-64,-25],[-85,-66],[-28,-10],[-69,0],[-31,-43],[-31,-19],[-22,26],[-69,14],[-60,37],[-31,7],[35,72],[104,45],[-17,32],[83,22],[-4,49],[68,51],[51,-3],[36,-35],[-14,-36],[31,-55]],[[40137,15882],[-24,-25],[-39,7],[-24,-38],[-50,11],[-7,16],[35,49],[56,113],[-45,58],[23,44],[32,21],[41,-1],[21,-16],[0,-32],[72,-30],[-13,-59],[-27,-38],[-4,-46],[-47,-34]],[[38205,13988],[-63,-52],[-52,16],[-19,-15],[-20,-62],[-48,-47],[-28,5],[-53,-19],[-29,6],[-67,88],[-13,54],[19,70],[89,105],[84,150],[54,87],[27,31],[173,111],[40,-6],[11,-47],[-86,-84],[-12,-117],[95,-71],[-91,-67],[-25,-28],[-49,-27],[10,-24],[47,-22],[6,-35]],[[36255,12025],[53,-55],[-50,-44],[-173,-80],[-206,-55],[-467,-75],[-32,0],[-51,26],[-31,62],[4,31],[86,48],[72,17],[282,40],[51,41],[18,61],[37,10],[37,-24],[69,-100],[40,40],[5,87],[79,-17],[63,38],[55,-15],[59,-36]],[[35818,12588],[60,-15],[89,-67],[38,-55],[-48,-30],[-32,-84],[-60,-29],[-143,19],[-156,32],[-27,37],[-3,34],[45,63],[116,26],[26,56],[95,13]],[[36034,10495],[-58,-90],[-49,-20],[68,-94],[35,-23],[-30,-63],[-41,-29],[-453,174],[-52,48],[-15,65],[27,40],[83,20],[92,-34],[30,35],[-8,36],[-54,26],[-45,45],[121,37],[308,-46],[47,-15],[38,-49],[-44,-63]],[[30302,10443],[-63,-15],[-57,7],[21,141],[32,37],[-9,25],[-58,71],[-40,81],[19,19],[106,28],[121,-5],[48,-34],[9,-75],[-39,-57],[41,-19],[0,-86],[-76,-89],[-55,-29]],[[118574,7364],[-42,-46],[-48,-22],[-151,17],[-105,-39],[-117,-13],[-56,20],[-37,107],[34,8],[256,-67],[94,42],[97,77],[58,-11],[17,-73]],[[95837,15104],[-148,-15],[-12,16],[-55,2],[-27,43],[18,51],[29,34],[68,43],[94,11],[67,-14],[48,-44],[6,-57],[-88,-70]],[[70555,12183],[-22,-24],[-63,5],[-47,-23],[-159,47],[-17,69],[9,38],[109,79],[43,8],[61,-11],[27,-23],[65,-133],[-6,-32]],[[59384,12077],[-89,-38],[-96,99],[66,4],[60,26],[41,-17],[18,-74]],[[60276,12088],[-55,-1],[-19,29],[71,90],[39,23],[77,16],[49,-5],[31,-19],[11,-89],[-19,-28],[-185,-16]],[[38824,6161],[-66,14],[-15,51],[-169,40],[-29,72],[-30,19],[-219,88],[-30,46],[283,-14],[66,-24],[264,-10],[48,-71],[100,-21],[25,-114],[-134,-53],[-94,-23]],[[38453,6549],[-59,-30],[-333,23],[-48,17],[44,64],[133,66],[190,3],[138,-29],[-58,-36],[-22,-42],[15,-36]],[[42578,17871],[-44,-17],[-17,23],[-8,40],[-24,26],[18,20],[244,-28],[-13,-13],[-118,-19],[-38,-32]],[[42338,16434],[-30,-28],[-75,42],[-10,47],[120,18],[32,-8],[15,-44],[-52,-27]],[[41871,15793],[-66,17],[-4,50],[45,15],[99,51],[24,-18],[-13,-53],[-85,-62]],[[42274,16718],[-68,-59],[-33,3],[-65,44],[-24,32],[43,39],[146,-19],[1,-40]],[[41825,16265],[73,-5],[-20,-38],[-42,-1],[-94,15],[-22,26],[83,13],[22,-10]],[[40249,12592],[-30,-5],[-30,58],[-15,88],[-96,128],[-24,67],[43,22],[69,-19],[41,-24],[103,-100],[11,-41],[-8,-46],[-35,-11],[1,-34],[-30,-83]],[[40716,17039],[17,-8],[149,16],[47,-44],[52,2],[-127,-80],[-34,23],[-19,56],[-82,-10],[-27,8],[-34,-26],[-91,-10],[-30,27],[0,28],[60,-1],[83,63],[36,-44]],[[36842,12606],[-74,-25],[-49,20],[-147,39],[-62,72],[8,37],[71,35],[89,-24],[45,-25],[119,-129]],[[28982,10764],[-65,-3],[1,44],[158,51],[82,16],[30,-75],[-206,-33]],[[25739,10453],[-42,-28],[-75,7],[-59,46],[-27,84],[54,31],[149,-140]],[[20619,9867],[-93,-6],[-29,24],[83,57],[-48,109],[98,24],[102,-2],[88,-19],[28,-43],[-62,-74],[-133,-49],[-34,-21]],[[17953,9549],[-53,-11],[-101,41],[-96,67],[-12,86],[95,-3],[125,-45],[88,-12],[29,-35],[-30,-61],[-45,-27]],[[6142,4272],[-107,-14],[-253,28],[-172,68],[-83,90],[340,-14],[397,-101],[-66,-9],[-56,-48]],[[6663,5222],[-36,-5],[-915,72],[-175,23],[-63,34],[28,41],[228,27],[254,-20],[306,-52],[212,-41],[109,-37],[52,-42]],[[117323,9418],[-72,19],[-7,56],[89,52],[70,13],[-80,-140]],[[116980,8962],[-61,-80],[-68,17],[44,45],[85,18]],[[119325,10181],[-46,-13],[-79,53],[62,76],[4,45],[39,13],[34,-84],[26,-34],[-40,-56]],[[117616,13947],[-48,-13],[-18,38],[19,57],[-7,74],[51,-23],[32,-76],[-29,-57]],[[117093,14393],[-46,2],[-26,74],[51,-6],[21,-70]],[[116858,14607],[-34,-27],[-71,75],[8,33],[-5,60],[102,-141]],[[94347,14881],[39,-16],[70,2],[25,-24],[4,-41],[-28,-24],[-184,-14],[-30,24],[31,66],[73,27]],[[95593,14769],[-45,-8],[-19,25],[33,36],[40,12],[-9,-65]],[[95109,14612],[-32,-8],[-33,18],[-20,44],[51,8],[70,-32],[-36,-30]],[[96662,15248],[-21,-14],[-68,20],[-9,77],[-20,16],[-90,31],[-10,42],[45,24],[83,-38],[19,-29],[-1,-58],[72,-71]],[[92979,15022],[-45,-8],[-46,9],[-30,42],[19,20],[66,3],[47,-17],[13,-28],[-24,-21]],[[90667,14311],[-59,-16],[-11,18],[-88,60],[-15,49],[8,32],[73,-3],[86,-29],[45,-74],[-39,-37]],[[90912,14427],[-70,-13],[-35,34],[51,37],[92,-27],[-38,-31]],[[90498,14523],[-36,-19],[-29,4],[-23,33],[18,40],[70,-58]],[[85242,11228],[-43,-80],[-33,49],[34,46],[42,-15]],[[84746,10991],[-9,24],[44,44],[35,54],[59,-38],[-8,-40],[-51,-29],[-70,-15]],[[85953,12026],[-55,7],[-62,77],[-4,100],[51,45],[28,-88],[41,-31],[34,-73],[-33,-37]],[[77953,14417],[-58,-15],[-25,6],[-1,46],[19,12],[96,2],[49,-18],[-2,-30],[-78,-3]],[[66928,12415],[-22,-40],[-107,55],[-79,27],[-17,48],[46,55],[72,28],[115,15],[112,-12],[17,-17],[-105,-58],[-32,-101]],[[62430,12048],[-115,-16],[-39,56],[16,21],[151,74],[53,-14],[11,-28],[-31,-66],[-46,-27]],[[60386,11666],[-35,-15],[-85,23],[-32,50],[1,36],[47,6],[104,-100]],[[61838,12261],[-31,-78],[-75,97],[-13,81],[26,28],[98,16],[34,-11],[16,-59],[-55,-74]],[[60530,11943],[38,-21],[57,3],[56,-16],[-41,-49],[-27,-60],[-107,-90],[-61,-16],[-14,35],[9,80],[-56,26],[-15,56],[-164,72],[-17,32],[169,6],[99,-13],[74,-45]],[[62938,12122],[-54,-15],[-64,32],[-17,22],[-21,78],[64,31],[82,-7],[30,-26],[11,-46],[-31,-69]],[[54366,10005],[-16,-135],[18,-57],[61,-75],[2,-78],[-25,-31],[-84,7],[-37,27],[-45,133],[-65,57],[-151,25],[-145,-8],[35,30],[219,42],[56,31],[35,37],[15,55],[38,71],[60,32],[38,4],[20,-58],[0,-53],[-29,-56]],[[55901,10755],[-72,-14],[-46,31],[-22,75],[21,36],[52,-3],[67,-125]],[[57128,11070],[-72,-9],[-57,31],[-26,45],[16,31],[43,5],[53,-40],[43,-63]],[[50363,6412],[-82,10],[70,76],[77,3],[75,-23],[-24,-25],[-116,-41]],[[42952,17823],[-41,32],[48,65],[3,-70],[-10,-27]],[[41326,17200],[-75,-28],[-49,39],[47,28],[63,-18],[14,-21]],[[40535,12435],[-51,-2],[-33,28],[26,47],[60,-16],[15,-45],[-17,-12]],[[40706,13184],[-56,-6],[-67,42],[24,19],[45,-5],[54,-50]],[[40677,11978],[-53,13],[-27,56],[31,51],[112,6],[35,-22],[-12,-64],[-86,-40]],[[40741,11765],[-81,8],[-53,46],[56,32],[58,-3],[33,-49],[-13,-34]],[[41138,17111],[-46,-4],[-47,60],[62,2],[29,-10],[14,-28],[-12,-20]],[[40757,16787],[-64,-18],[-16,29],[35,33],[45,-44]],[[40707,16228],[-43,-22],[-66,33],[55,8],[5,74],[28,30],[52,-17],[-43,-69],[12,-37]],[[40264,16097],[-23,31],[28,24],[47,14],[-52,-69]],[[39798,15611],[-54,-29],[-28,1],[33,68],[33,2],[50,39],[-34,-81]],[[40038,16723],[-8,23],[37,68],[72,30],[-32,-60],[-69,-61]],[[38936,15001],[-75,-24],[-38,9],[8,58],[35,18],[-6,49],[23,20],[11,39],[46,27],[67,-13],[-11,-65],[-49,-21],[-11,-97]],[[38680,14779],[-76,-70],[-16,24],[25,26],[4,76],[51,27],[12,-83]],[[38419,14348],[-55,-2],[-25,14],[32,44],[-3,29],[61,3],[25,-55],[-35,-33]],[[38423,13806],[-67,-11],[-50,14],[1,46],[-19,16],[65,36],[47,8],[58,-4],[33,-32],[-68,-73]],[[36941,12255],[16,-19],[73,17],[32,-31],[-34,-46],[-38,-29],[-45,-2],[-38,95],[34,15]],[[36196,10335],[-55,-6],[-37,32],[34,59],[74,66],[54,8],[45,-14],[-48,-63],[-13,-45],[-54,-37]],[[29402,10606],[-57,0],[-50,37],[37,25],[70,-38],[0,-24]],[[21577,9833],[-167,-18],[-45,20],[-6,49],[340,135],[77,-28],[-155,-98],[33,-17],[-77,-43]],[[16239,9661],[-54,-35],[-106,23],[9,25],[95,22],[65,-15],[-9,-20]],[[16690,9573],[-38,-13],[-143,32],[-83,6],[-110,73],[77,47],[59,16],[58,-3],[12,-24],[111,-28],[87,-1],[4,-63],[-34,-42]],[[11055,8290],[-48,-3],[-93,48],[35,12],[85,-33],[21,-24]],[[11857,8873],[-104,11],[-171,50],[-36,24],[25,25],[107,13],[117,-47],[62,-76]],[[11390,8097],[-128,-28],[-36,104],[75,0],[213,-28],[26,-40],[-150,-8]],[[10711,8068],[-143,-7],[-78,16],[2,58],[183,-23],[90,-26],[-54,-18]],[[10460,8248],[138,-8],[90,6],[96,-15],[4,-31],[-102,-5],[-49,-24],[-58,-3],[-87,18],[-79,37],[47,25]],[[10499,7863],[-75,-21],[-76,43],[97,14],[54,-36]],[[10153,8211],[-144,-8],[-60,17],[-2,30],[225,14],[32,-27],[-51,-26]],[[11361,8540],[-69,-9],[-154,71],[-5,52],[140,-22],[88,-92]],[[11327,8301],[-40,-51],[-107,26],[-46,33],[27,41],[48,13],[88,-19],[30,-43]],[[10097,7843],[-26,-3],[-297,48],[-57,15],[100,28],[67,5],[178,-72],[35,-21]],[[8892,6188],[-143,5],[-202,37],[-36,42],[-240,43],[26,40],[174,-53],[214,-53],[174,-32],[33,-29]],[[10495,7997],[-22,-9],[-148,5],[-43,17],[-207,15],[-111,58],[134,52],[179,15],[124,-79],[31,-47],[63,-27]],[[7508,4902],[-191,97],[-129,81],[198,-51],[29,-29],[145,-52],[-52,-46]],[[39902,67110],[-3,-31],[-35,31]]],"transform":{"scale":[0.002931858716986049,0.0016103013325564678],"translate":[-180,-89.99892578125002]},"objects":{"countries":{"type":"GeometryCollection","geometries":[{"arcs":[[0,1,2,3]],"type":"Polygon","properties":{"id":1,"NAME":"Zimbabwe"}},{"arcs":[[-3,4,5,6,7,8,9]],"type":"Polygon","properties":{"id":2,"NAME":"Zambia"}},{"arcs":[[[10,11,12]],[[13]],[[14]],[[15]]],"type":"MultiPolygon","properties":{"id":3,"NAME":"Yemen"}},{"arcs":[[[16]],[[17,18,19,20]],[[21]],[[22]],[[23]],[[24]],[[25]],[[26]]],"type":"MultiPolygon","properties":{"id":4,"NAME":"Vietnam"}},{"arcs":[[[27]],[[28]],[[29]],[[30]],[[31,32,33,34]]],"type":"MultiPolygon","properties":{"id":5,"NAME":"Venezuela"}},{"type":null,"properties":{"id":6,"NAME":"Vatican"}},{"arcs":[[[35]],[[36]],[[37]],[[38]],[[39]],[[40]],[[41]],[[42]],[[43]],[[44]],[[45]],[[46]],[[47]],[[48]]],"type":"MultiPolygon","properties":{"id":7,"NAME":"Vanuatu"}},{"arcs":[[[49,50,51,52,53],[54]],[[55]],[[56]]],"type":"MultiPolygon","properties":{"id":8,"NAME":"Uzbekistan"}},{"arcs":[[57,58,59]],"type":"Polygon","properties":{"id":9,"NAME":"Uruguay"}},{"arcs":[[[60]],[[61]]],"type":"MultiPolygon","properties":{"id":10,"NAME":"Micronesia"}},{"type":null,"properties":{"id":11,"NAME":"Marshall Is."}},{"arcs":[[[62]],[[63]],[[64]],[[65]],[[66]]],"type":"MultiPolygon","properties":{"id":12,"NAME":"N. Mariana Is."}},{"arcs":[[[67]],[[68]]],"type":"MultiPolygon","properties":{"id":13,"NAME":"U.S. Virgin Is."}},{"arcs":[[69]],"type":"Polygon","properties":{"id":14,"NAME":"Guam"}},{"arcs":[[70]],"type":"Polygon","properties":{"id":15,"NAME":"American Samoa"}},{"arcs":[[[71]],[[72]],[[73]]],"type":"MultiPolygon","properties":{"id":16,"NAME":"Puerto Rico"}},{"arcs":[[[74]],[[75]],[[76]],[[77]],[[78]],[[79]],[[80]],[[81]],[[82]],[[83]],[[84]],[[85]],[[86]],[[87]],[[88]],[[89,90,91,92]],[[93]],[[94]],[[95]],[[96]],[[97]],[[98]],[[99]],[[100]],[[101]],[[102]],[[103]],[[104]],[[105]],[[106]],[[107]],[[108]],[[109]],[[110]],[[111]],[[112]],[[113]],[[114]],[[115]],[[116]],[[117]],[[118]],[[119]],[[120]],[[121]],[[122]],[[123]],[[124]],[[125]],[[126]],[[127]],[[128]],[[129]],[[130]],[[131]],[[132]],[[133]],[[134]],[[135]],[[136]],[[137]],[[138]],[[139]],[[140]],[[141]],[[142]],[[143]],[[144]],[[145]],[[146]],[[147]],[[148]],[[149]],[[150]],[[151,152,153,154,155]],[[156]],[[157]],[[158]],[[159]],[[160]],[[161]],[[162]],[[163]],[[164]],[[165]],[[166]],[[167]],[[168]],[[169]],[[170]],[[171]],[[172]],[[173]],[[174]],[[175]],[[176]],[[177]],[[178]],[[179]],[[180]],[[181]],[[182]],[[183]],[[184]],[[185]],[[186]],[[187]]],"type":"MultiPolygon","properties":{"id":17,"NAME":"United States of America"}},{"arcs":[[[188]],[[189]]],"type":"MultiPolygon","properties":{"id":18,"NAME":"S. Geo. and the Is."}},{"arcs":[[190]],"type":"Polygon","properties":{"id":19,"NAME":"Br. Indian Ocean Ter."}},{"arcs":[[[191]],[[192]]],"type":"MultiPolygon","properties":{"id":20,"NAME":"Saint Helena"}},{"arcs":[[193]],"type":"Polygon","properties":{"id":21,"NAME":"Pitcairn Is."}},{"arcs":[[194]],"type":"Polygon","properties":{"id":22,"NAME":"Anguilla"}},{"arcs":[[[195]],[[196]],[[197]],[[198]],[[199]],[[200]]],"type":"MultiPolygon","properties":{"id":23,"NAME":"Falkland Is."}},{"arcs":[[201]],"type":"Polygon","properties":{"id":24,"NAME":"Cayman Is."}},{"arcs":[[202]],"type":"Polygon","properties":{"id":25,"NAME":"Bermuda"}},{"arcs":[[[203]],[[204]]],"type":"MultiPolygon","properties":{"id":26,"NAME":"British Virgin Is."}},{"arcs":[[[205]],[[206]],[[207]]],"type":"MultiPolygon","properties":{"id":27,"NAME":"Turks and Caicos Is."}},{"arcs":[[208]],"type":"Polygon","properties":{"id":28,"NAME":"Montserrat"}},{"arcs":[[209]],"type":"Polygon","properties":{"id":29,"NAME":"Jersey"}},{"arcs":[[210]],"type":"Polygon","properties":{"id":30,"NAME":"Guernsey"}},{"arcs":[[211]],"type":"Polygon","properties":{"id":31,"NAME":"Isle of Man"}},{"arcs":[[[212]],[[213]],[[214]],[[215]],[[216]],[[217]],[[218]],[[219]],[[220]],[[221]],[[222]],[[223]],[[224]],[[225]],[[226]],[[227]],[[228]],[[229]],[[230]],[[231]],[[232,233]],[[234]]],"type":"MultiPolygon","properties":{"id":32,"NAME":"United Kingdom"}},{"arcs":[[[235,236,237,238,239],[240]],[[241]],[[242]],[[243]],[[244]]],"type":"MultiPolygon","properties":{"id":33,"NAME":"United Arab Emirates"}},{"arcs":[[[245,246,247,248,249,250,251,252,253,254,255]],[[256]]],"type":"MultiPolygon","properties":{"id":34,"NAME":"Ukraine"}},{"arcs":[[257,258,259,260,261]],"type":"Polygon","properties":{"id":35,"NAME":"Uganda"}},{"arcs":[[[262]],[[-53,263,264,265,266]]],"type":"MultiPolygon","properties":{"id":36,"NAME":"Turkmenistan"}},{"arcs":[[[267]],[[268,269,270,271,272,273,274]],[[275,276,277]]],"type":"MultiPolygon","properties":{"id":37,"NAME":"Turkey"}},{"arcs":[[[278,279,280]],[[281]],[[282]]],"type":"MultiPolygon","properties":{"id":38,"NAME":"Tunisia"}},{"arcs":[[[283]],[[284]]],"type":"MultiPolygon","properties":{"id":39,"NAME":"Trinidad and Tobago"}},{"arcs":[[[285]],[[286]],[[287]]],"type":"MultiPolygon","properties":{"id":40,"NAME":"Tonga"}},{"arcs":[[288,289,290,291]],"type":"Polygon","properties":{"id":41,"NAME":"Togo"}},{"arcs":[[[292]],[[293,294]],[[295,296]]],"type":"MultiPolygon","properties":{"id":42,"NAME":"Timor-Leste"}},{"arcs":[[[297]],[[298]],[[299]],[[300,301,302,303,304,305]],[[306]],[[307]],[[308]],[[309]],[[310]]],"type":"MultiPolygon","properties":{"id":43,"NAME":"Thailand"}},{"arcs":[[[311]],[[312]],[[-8,313,314,315,-258,316,317,318,319]],[[320]]],"type":"MultiPolygon","properties":{"id":44,"NAME":"Tanzania"}},{"arcs":[[[-51,321,322,323]],[[-55]],[[324]]],"type":"MultiPolygon","properties":{"id":45,"NAME":"Tajikistan"}},{"arcs":[[[325]],[[326]]],"type":"MultiPolygon","properties":{"id":46,"NAME":"Taiwan"}},{"arcs":[[-274,327,328,329,330,331]],"type":"Polygon","properties":{"id":47,"NAME":"Syria"}},{"arcs":[[332,333,334,335,336,337]],"type":"Polygon","properties":{"id":48,"NAME":"Switzerland"}},{"arcs":[[[338]],[[339]],[[340,341,342]],[[343]]],"type":"MultiPolygon","properties":{"id":49,"NAME":"Sweden"}},{"arcs":[[344,345]],"type":"Polygon","properties":{"id":50,"NAME":"eSwatini"}},{"arcs":[[346,347,348,349]],"type":"Polygon","properties":{"id":51,"NAME":"Suriname"}},{"arcs":[[-261,350,351,352,353,354]],"type":"Polygon","properties":{"id":52,"NAME":"S. Sudan"}},{"arcs":[[-353,355,356,357,358,359,360,361]],"type":"Polygon","properties":{"id":53,"NAME":"Sudan"}},{"arcs":[[[362]],[[363]],[[364]]],"type":"MultiPolygon","properties":{"id":54,"NAME":"Sri Lanka"}},{"arcs":[[[365]],[[366]],[[367]],[[368]],[[369,370,371,372,373,374]],[[375]],[[376]],[[377]],[[378]],[[379]],[[380]],[[381]]],"type":"MultiPolygon","properties":{"id":55,"NAME":"Spain"}},{"arcs":[[[382,383]],[[384]],[[385]],[[386]],[[387]],[[388]],[[389]],[[390]],[[391]],[[392]]],"type":"MultiPolygon","properties":{"id":56,"NAME":"South Korea"}},{"arcs":[[[-1,393,-346,394,395,396,397],[398]],[[399]]],"type":"MultiPolygon","properties":{"id":57,"NAME":"South Africa"}},{"arcs":[[400,401,402,403]],"type":"Polygon","properties":{"id":58,"NAME":"Somalia"}},{"arcs":[[-403,404,405,406]],"type":"Polygon","properties":{"id":59,"NAME":"Somaliland"}},{"arcs":[[[407]],[[408]],[[409]],[[410]],[[411]],[[412]],[[413]],[[414]],[[415]],[[416]],[[417]],[[418]],[[419]],[[420]],[[421]],[[422]],[[423]],[[424]],[[425]],[[426]],[[427]]],"type":"MultiPolygon","properties":{"id":60,"NAME":"Solomon Is."}},{"arcs":[[-253,428,429,430,431]],"type":"Polygon","properties":{"id":61,"NAME":"Slovakia"}},{"arcs":[[432,433,434,435,436]],"type":"Polygon","properties":{"id":62,"NAME":"Slovenia"}},{"arcs":[[437]],"type":"Polygon","properties":{"id":63,"NAME":"Singapore"}},{"arcs":[[[438,439,440]],[[441]]],"type":"MultiPolygon","properties":{"id":64,"NAME":"Sierra Leone"}},{"arcs":[[442]],"type":"Polygon","properties":{"id":65,"NAME":"Seychelles"}},{"arcs":[[443,444,445,446,447,448,449,450]],"type":"Polygon","properties":{"id":66,"NAME":"Serbia"}},{"arcs":[[451,452,453,454,455,456,457]],"type":"Polygon","properties":{"id":67,"NAME":"Senegal"}},{"arcs":[[[458]],[[459]],[[-12,460,461,462,463,464,465,466,-238,467]]],"type":"MultiPolygon","properties":{"id":68,"NAME":"Saudi Arabia"}},{"arcs":[[[468]],[[469]]],"type":"MultiPolygon","properties":{"id":69,"NAME":"São Tomé and Principe"}},{"arcs":[[470]],"type":"Polygon","properties":{"id":70,"NAME":"San Marino"}},{"arcs":[[[471]],[[472]]],"type":"MultiPolygon","properties":{"id":71,"NAME":"Samoa"}},{"arcs":[[473]],"type":"Polygon","properties":{"id":72,"NAME":"St. Vin. and Gren."}},{"arcs":[[474]],"type":"Polygon","properties":{"id":73,"NAME":"Saint Lucia"}},{"arcs":[[[475]],[[476]]],"type":"MultiPolygon","properties":{"id":74,"NAME":"St. Kitts and Nevis"}},{"arcs":[[-259,-316,477,478]],"type":"Polygon","properties":{"id":75,"NAME":"Rwanda"}},{"arcs":[[[479]],[[480]],[[481]],[[482]],[[483]],[[484]],[[485]],[[486]],[[487]],[[488]],[[489]],[[490]],[[491]],[[492]],[[493,494,495,496,497,498,499,500,501,-256,502,503,504,505,506,507,508]],[[509]],[[510]],[[511]],[[512]],[[513]],[[514]],[[515]],[[516]],[[517]],[[518]],[[519]],[[520]],[[521]],[[522]],[[523]],[[524]],[[525]],[[526]],[[527]],[[528]],[[529]],[[530]],[[531]],[[532]],[[533]],[[534]],[[535]],[[536]],[[537]],[[538]],[[539]],[[540]],[[541]],[[542]],[[543]],[[544]],[[545]],[[546]],[[547]],[[548]],[[549]],[[550]],[[551]],[[552]],[[553]],[[554]],[[555]],[[556]],[[557]],[[558]],[[559]],[[560]],[[561]],[[562]],[[563]],[[564]],[[565]],[[566]],[[567]],[[568]],[[569]],[[570]],[[571]],[[572]],[[573]],[[574]],[[575]],[[576]],[[577]],[[578]],[[579]],[[580]],[[581]],[[582]],[[583]],[[584]],[[585]],[[586]],[[587,588,589,590,591]],[[-247,592]]],"type":"MultiPolygon","properties":{"id":76,"NAME":"Russia"}},{"arcs":[[-249,593,594,-451,595,-251,596]],"type":"Polygon","properties":{"id":77,"NAME":"Romania"}},{"arcs":[[-466,597]],"type":"Polygon","properties":{"id":78,"NAME":"Qatar"}},{"arcs":[[[598]],[[-374,599]],[[600]],[[601]],[[602]],[[603]],[[604]],[[605]],[[606]]],"type":"MultiPolygon","properties":{"id":79,"NAME":"Portugal"}},{"arcs":[[-254,-432,607,608,609,610,611,-590,612,613]],"type":"Polygon","properties":{"id":80,"NAME":"Poland"}},{"arcs":[[[614]],[[615]],[[616]],[[617]],[[618]],[[619]],[[620]],[[621]],[[622]],[[623]],[[624]],[[625]],[[626]],[[627]],[[628]],[[629]],[[630]],[[631]],[[632]],[[633]],[[634]],[[635]],[[636]],[[637]],[[638]],[[639]],[[640]],[[641]],[[642]],[[643]],[[644]],[[645]],[[646]],[[647]],[[648]],[[649]],[[650]],[[651]],[[652]],[[653]],[[654]],[[655]],[[656]],[[657]],[[658]],[[659]],[[660]],[[661]]],"type":"MultiPolygon","properties":{"id":81,"NAME":"Philippines"}},{"arcs":[[662,663,664,665,666,667]],"type":"Polygon","properties":{"id":82,"NAME":"Peru"}},{"arcs":[[668,669,670]],"type":"Polygon","properties":{"id":83,"NAME":"Paraguay"}},{"arcs":[[[671]],[[672]],[[673,674]],[[675]],[[676]],[[677]],[[678]],[[679]],[[680]],[[681]],[[682]],[[683]],[[684]],[[685]],[[686]],[[687]],[[688]],[[689]],[[690]],[[691]],[[692]],[[693]],[[694]],[[695]],[[696]]],"type":"MultiPolygon","properties":{"id":84,"NAME":"Papua New Guinea"}},{"arcs":[[[697,698,699,700]],[[701]],[[702]],[[703]],[[704]]],"type":"MultiPolygon","properties":{"id":85,"NAME":"Panama"}},{"arcs":[[705]],"type":"Polygon","properties":{"id":86,"NAME":"Palau"}},{"arcs":[[706,707,708,709,710,711]],"type":"Polygon","properties":{"id":87,"NAME":"Pakistan"}},{"arcs":[[[712]],[[-13,-468,-237,713]],[[-240,714]],[[-241]]],"type":"MultiPolygon","properties":{"id":88,"NAME":"Oman"}},{"arcs":[[[-341,715,-508,716]],[[717]],[[718]],[[719]],[[720]],[[721]],[[722]],[[723]],[[724]],[[725]],[[726]],[[727]],[[728]],[[729]],[[730]],[[731]],[[732]],[[733]],[[734]],[[735]],[[736]],[[737]],[[738]],[[739]],[[740]],[[741]],[[742]],[[743]],[[744]],[[745]],[[746]],[[747]]],"type":"MultiPolygon","properties":{"id":89,"NAME":"Norway"}},{"arcs":[[-383,748,749,-494,750]],"type":"Polygon","properties":{"id":90,"NAME":"North Korea"}},{"arcs":[[[751]],[[752,753,754,755,756]]],"type":"MultiPolygon","properties":{"id":91,"NAME":"Nigeria"}},{"arcs":[[-757,757,758,759,760,761,762]],"type":"Polygon","properties":{"id":92,"NAME":"Niger"}},{"arcs":[[763,764,765,766]],"type":"Polygon","properties":{"id":93,"NAME":"Nicaragua"}},{"arcs":[[[767]],[[768]],[[769]],[[770]],[[771]],[[772]],[[773]],[[774]],[[775]],[[776]],[[777]]],"type":"MultiPolygon","properties":{"id":94,"NAME":"New Zealand"}},{"arcs":[[778]],"type":"Polygon","properties":{"id":95,"NAME":"Niue"}},{"arcs":[[779]],"type":"Polygon","properties":{"id":96,"NAME":"Cook Is."}},{"arcs":[[[780,781,782]],[[783,784]],[[785]],[[786]],[[787]],[[788]]],"type":"MultiPolygon","properties":{"id":97,"NAME":"Netherlands"}},{"arcs":[[789]],"type":"Polygon","properties":{"id":98,"NAME":"Aruba"}},{"arcs":[[790]],"type":"Polygon","properties":{"id":99,"NAME":"Curaçao"}},{"arcs":[[791,792]],"type":"Polygon","properties":{"id":100,"NAME":"Nepal"}},{"type":null,"properties":{"id":101,"NAME":"Nauru"}},{"arcs":[[-5,793,-397,794,795]],"type":"Polygon","properties":{"id":102,"NAME":"Namibia"}},{"arcs":[[-4,-10,796,-319,797,-395,-345,-394],[798],[799]],"type":"Polygon","properties":{"id":103,"NAME":"Mozambique"}},{"arcs":[[800,801,802]],"type":"Polygon","properties":{"id":104,"NAME":"Morocco"}},{"arcs":[[803,804,805,-802]],"type":"Polygon","properties":{"id":105,"NAME":"W. Sahara"}},{"arcs":[[-447,806,807,808,809,810]],"type":"Polygon","properties":{"id":106,"NAME":"Montenegro"}},{"arcs":[[-496,811]],"type":"Polygon","properties":{"id":107,"NAME":"Mongolia"}},{"arcs":[[-250,-597]],"type":"Polygon","properties":{"id":108,"NAME":"Moldova"}},{"arcs":[[812,813]],"type":"Polygon","properties":{"id":109,"NAME":"Monaco"}},{"arcs":[[[-154,814,815,816,817]],[[818]],[[819]],[[820]],[[821]],[[822]],[[823]],[[824]],[[825]],[[826]],[[827]],[[828]],[[829]],[[830]],[[831]]],"type":"MultiPolygon","properties":{"id":110,"NAME":"Mexico"}},{"arcs":[[832]],"type":"Polygon","properties":{"id":111,"NAME":"Mauritius"}},{"arcs":[[[833]],[[-458,834,-805,835,836]]],"type":"MultiPolygon","properties":{"id":112,"NAME":"Mauritania"}},{"arcs":[[[837]],[[838]]],"type":"MultiPolygon","properties":{"id":113,"NAME":"Malta"}},{"arcs":[[-452,-837,839,-760,840,841,842]],"type":"Polygon","properties":{"id":114,"NAME":"Mali"}},{"type":null,"properties":{"id":115,"NAME":"Maldives"}},{"arcs":[[[-304,843]],[[844,845,846,847,848]],[[849]],[[850]],[[851]],[[852]],[[853]],[[854]],[[855,856]]],"type":"MultiPolygon","properties":{"id":116,"NAME":"Malaysia"}},{"arcs":[[[-800]],[[-799]],[[-9,-320,-797]]],"type":"MultiPolygon","properties":{"id":117,"NAME":"Malawi"}},{"arcs":[[[857]],[[858]],[[859]]],"type":"MultiPolygon","properties":{"id":118,"NAME":"Madagascar"}},{"arcs":[[-445,860,861,862,863]],"type":"Polygon","properties":{"id":119,"NAME":"North Macedonia"}},{"arcs":[[864,865,866]],"type":"Polygon","properties":{"id":120,"NAME":"Luxembourg"}},{"arcs":[[[-592,867]],[[-589,868,869,870,-613]]],"type":"MultiPolygon","properties":{"id":121,"NAME":"Lithuania"}},{"arcs":[[-334,871]],"type":"Polygon","properties":{"id":122,"NAME":"Liechtenstein"}},{"arcs":[[-279,872,873,-358,874,-762,875]],"type":"Polygon","properties":{"id":123,"NAME":"Libya"}},{"arcs":[[-439,876,877,878]],"type":"Polygon","properties":{"id":124,"NAME":"Liberia"}},{"arcs":[[-399]],"type":"Polygon","properties":{"id":125,"NAME":"Lesotho"}},{"arcs":[[-331,879,880]],"type":"Polygon","properties":{"id":126,"NAME":"Lebanon"}},{"arcs":[[-870,881,882,-504,883]],"type":"Polygon","properties":{"id":127,"NAME":"Latvia"}},{"arcs":[[-20,884,-301,885,886]],"type":"Polygon","properties":{"id":128,"NAME":"Laos"}},{"arcs":[[-50,887,888,-322],[-56],[-57],[-325]],"type":"Polygon","properties":{"id":129,"NAME":"Kyrgyzstan"}},{"arcs":[[[889]],[[-464,890,891]]],"type":"MultiPolygon","properties":{"id":130,"NAME":"Kuwait"}},{"arcs":[[-446,-864,892,-807]],"type":"Polygon","properties":{"id":131,"NAME":"Kosovo"}},{"arcs":[[[893]],[[894]],[[895]]],"type":"MultiPolygon","properties":{"id":132,"NAME":"Kiribati"}},{"arcs":[[[896]],[[-262,-355,897,-401,898,-317]]],"type":"MultiPolygon","properties":{"id":133,"NAME":"Kenya"}},{"arcs":[[[899]],[[900]],[[901]],[[-54,-267,902,-498,903,-888]]],"type":"MultiPolygon","properties":{"id":134,"NAME":"Kazakhstan"}},{"arcs":[[-329,904,-462,905,906,907,908]],"type":"Polygon","properties":{"id":135,"NAME":"Jordan"}},{"arcs":[[[909]],[[910]],[[911]],[[912]],[[913]],[[914]],[[915]],[[916]],[[917]],[[918]],[[919]],[[920]],[[921]],[[922]],[[923]],[[924]],[[925]],[[926]],[[927]],[[928]],[[929]],[[930]],[[931]],[[932]],[[933]],[[934]],[[935]],[[936]],[[937]],[[938]],[[939]],[[940]],[[941]],[[942]]],"type":"MultiPolygon","properties":{"id":136,"NAME":"Japan"}},{"arcs":[[943]],"type":"Polygon","properties":{"id":137,"NAME":"Jamaica"}},{"arcs":[[[-336,944,-435,945,946],[-471]],[[947]],[[948]],[[949]],[[950]],[[951]],[[952]]],"type":"MultiPolygon","properties":{"id":138,"NAME":"Italy"}},{"arcs":[[-330,-909,953,-907,954,955,956,957,-880]],"type":"Polygon","properties":{"id":139,"NAME":"Israel"}},{"arcs":[[[-957,958,959]],[[-908,-954]]],"type":"MultiPolygon","properties":{"id":140,"NAME":"Palestine"}},{"arcs":[[[960]],[[-233,961]]],"type":"MultiPolygon","properties":{"id":141,"NAME":"Ireland"}},{"arcs":[[-273,962,963,-891,-463,-905,-328]],"type":"Polygon","properties":{"id":142,"NAME":"Iraq"}},{"arcs":[[[964]],[[-265,965,-710,966,-963,-272,967,968,969,970]]],"type":"MultiPolygon","properties":{"id":143,"NAME":"Iran"}},{"arcs":[[[971]],[[972]],[[973]],[[974]],[[975]],[[976]],[[977]],[[978]],[[979]],[[980]],[[981]],[[982]],[[983]],[[984]],[[985]],[[986]],[[987]],[[988]],[[989]],[[990]],[[991]],[[992]],[[993]],[[994]],[[995]],[[996]],[[997]],[[-845,998]],[[999]],[[1000]],[[1001]],[[-294,1002,-297,1003]],[[1004]],[[1005]],[[1006]],[[-674,1007]],[[1008]],[[1009]],[[1010]],[[1011]],[[1012]],[[1013]],[[1014]],[[1015]],[[1016]],[[1017]],[[1018]],[[1019]],[[1020]],[[1021]],[[1022]],[[1023]],[[1024]],[[1025]],[[1026]],[[1027]],[[1028]],[[1029]],[[1030]],[[1031]],[[1032]],[[1033]],[[1034]],[[1035]],[[1036]],[[1037]],[[1038]],[[1039]],[[1040]],[[1041]],[[1042]],[[1043]],[[1044]],[[1045]],[[1046]],[[1047]],[[1048]],[[1049]],[[1050]],[[1051]],[[1052]],[[1053]],[[1054]],[[1055]],[[1056]],[[1057]],[[1058]],[[1059]],[[1060]],[[1061]],[[1062]],[[1063]],[[1064]],[[1065]],[[1066]],[[1067]],[[1068]],[[1069]],[[1070]],[[1071]],[[1072]],[[1073]],[[-856,1074]],[[1075]],[[1076]],[[1077]],[[1078]],[[1079]],[[1080]],[[1081]],[[1082]],[[1083]],[[1084]],[[1085]],[[1086]],[[1087]],[[1088]],[[1089]],[[1090]],[[1091]],[[1092]],[[1093]],[[1094]],[[1095]],[[1096]],[[1097]],[[1098]],[[1099]],[[1100]],[[1101]],[[1102]],[[1103]],[[1104]]],"type":"MultiPolygon","properties":{"id":144,"NAME":"Indonesia"}},{"arcs":[[[-708,1105,1106,-792,1107,1108,1109,1110,1111,1112]],[[1113]],[[1114]],[[1115]],[[1116]],[[1117]],[[1118]],[[1119]],[[1120]],[[1121]],[[1122]],[[1123]]],"type":"MultiPolygon","properties":{"id":145,"NAME":"India"}},{"arcs":[[1124]],"type":"Polygon","properties":{"id":146,"NAME":"Iceland"}},{"arcs":[[-252,-596,-450,1125,-437,1126,-429]],"type":"Polygon","properties":{"id":147,"NAME":"Hungary"}},{"arcs":[[[-767,1127,1128,1129,1130]],[[1131]],[[1132]]],"type":"MultiPolygon","properties":{"id":148,"NAME":"Honduras"}},{"arcs":[[[1133,1134]],[[1135]],[[1136]]],"type":"MultiPolygon","properties":{"id":149,"NAME":"Haiti"}},{"arcs":[[-32,1137,-349,1138]],"type":"Polygon","properties":{"id":150,"NAME":"Guyana"}},{"arcs":[[[-454,1139,1140]],[[1141]],[[1142]],[[1143]],[[1144]],[[1145]],[[1146]]],"type":"MultiPolygon","properties":{"id":151,"NAME":"Guinea-Bissau"}},{"arcs":[[-441,1147,-1140,-453,-843,1148,-877]],"type":"Polygon","properties":{"id":152,"NAME":"Guinea"}},{"arcs":[[-817,1149,1150,-1130,1151,1152]],"type":"Polygon","properties":{"id":153,"NAME":"Guatemala"}},{"arcs":[[1153]],"type":"Polygon","properties":{"id":154,"NAME":"Grenada"}},{"arcs":[[[1154]],[[1155]],[[1156]],[[1157]],[[1158]],[[1159]],[[1160]],[[1161]],[[1162]],[[1163]],[[1164]],[[1165]],[[1166]],[[1167]],[[1168]],[[1169]],[[1170]],[[1171]],[[1172]],[[1173]],[[1174]],[[1175]],[[1176]],[[1177]],[[1178]],[[1179]],[[1180]],[[1181]],[[1182]],[[1183]],[[1184]],[[1185]],[[1186]],[[1187]],[[1188]],[[1189]],[[1190]],[[1191]],[[-277,1192,1193,-862,1194]]],"type":"MultiPolygon","properties":{"id":155,"NAME":"Greece"}},{"arcs":[[-291,1195,1196,1197,1198,1199]],"type":"Polygon","properties":{"id":156,"NAME":"Ghana"}},{"arcs":[[[-338,1200,-865,1201,-783,1202,1203,1204,-609,1205,1206]],[[1207]],[[-611,1208]],[[1209]],[[1210]],[[1211]]],"type":"MultiPolygon","properties":{"id":157,"NAME":"Germany"}},{"arcs":[[-269,1212,-501,1213,1214]],"type":"Polygon","properties":{"id":158,"NAME":"Georgia"}},{"arcs":[[-456,1215]],"type":"Polygon","properties":{"id":159,"NAME":"Gambia"}},{"arcs":[[1216,1217,1218,1219]],"type":"Polygon","properties":{"id":160,"NAME":"Gabon"}},{"arcs":[[[1220]],[[-337,-947,1221,-814,1222,-372,1223,-370,1224,1225,-866,-1201]],[[1226]],[[1227]],[[1228]],[[1229]],[[1230]],[[1231]],[[1232]],[[-347,1233,1234]]],"type":"MultiPolygon","properties":{"id":161,"NAME":"France"}},{"arcs":[[1235]],"type":"Polygon","properties":{"id":162,"NAME":"St. Pierre and Miquelon"}},{"arcs":[[[1236]],[[1237]]],"type":"MultiPolygon","properties":{"id":163,"NAME":"Wallis and Futuna Is."}},{"arcs":[[1238,1239]],"type":"Polygon","properties":{"id":164,"NAME":"St-Martin"}},{"type":null,"properties":{"id":165,"NAME":"St-Barthélemy"}},{"arcs":[[[1240]],[[1241]],[[1242]],[[1243]],[[1244]],[[1245]],[[1246]],[[1247]],[[1248]],[[1249]],[[1250]]],"type":"MultiPolygon","properties":{"id":166,"NAME":"Fr. Polynesia"}},{"arcs":[[[1251]],[[1252]],[[1253]],[[1254]],[[1255]]],"type":"MultiPolygon","properties":{"id":167,"NAME":"New Caledonia"}},{"arcs":[[[1256]],[[1257]],[[1258]]],"type":"MultiPolygon","properties":{"id":168,"NAME":"Fr. S. Antarctic Lands"}},{"arcs":[[[1259]],[[1260]],[[1261]]],"type":"MultiPolygon","properties":{"id":169,"NAME":"Åland"}},{"arcs":[[[-342,-717,-507,1262]],[[1263]],[[1264]],[[1265]],[[1266]],[[1267]],[[1268]]],"type":"MultiPolygon","properties":{"id":170,"NAME":"Finland"}},{"arcs":[[[1269]],[[1270]],[[1271]],[[1272]],[[1273]],[[1274]],[[1275]],[[1276]],[[1277]],[[1278]],[[1279]],[[1280]],[[1281]]],"type":"MultiPolygon","properties":{"id":171,"NAME":"Fiji"}},{"arcs":[[-354,-362,1282,1283,-405,-402,-898]],"type":"Polygon","properties":{"id":172,"NAME":"Ethiopia"}},{"arcs":[[[-883,1284,-505]],[[1285]],[[1286]],[[1287]]],"type":"MultiPolygon","properties":{"id":173,"NAME":"Estonia"}},{"arcs":[[[-361,1288,1289,-1283]],[[1290]],[[1291]]],"type":"MultiPolygon","properties":{"id":174,"NAME":"Eritrea"}},{"arcs":[[[1292]],[[-1219,1293,1294]]],"type":"MultiPolygon","properties":{"id":175,"NAME":"Eq. Guinea"}},{"arcs":[[-1129,1295,-1152]],"type":"Polygon","properties":{"id":176,"NAME":"El Salvador"}},{"arcs":[[-359,-874,1296,-959,-956,1297]],"type":"Polygon","properties":{"id":177,"NAME":"Egypt"}},{"arcs":[[[-667,1298,1299]],[[1300]],[[1301]],[[1302]],[[1303]],[[1304]],[[1305]],[[1306]],[[1307]]],"type":"MultiPolygon","properties":{"id":178,"NAME":"Ecuador"}},{"arcs":[[-1134,1308]],"type":"Polygon","properties":{"id":179,"NAME":"Dominican Rep."}},{"arcs":[[1309]],"type":"Polygon","properties":{"id":180,"NAME":"Dominica"}},{"arcs":[[-406,-1284,-1290,1310]],"type":"Polygon","properties":{"id":181,"NAME":"Djibouti"}},{"arcs":[[[1311]],[[1312]],[[1313]],[[1314]],[[1315]],[[1316]],[[1317]],[[1318]],[[1319]],[[1320]],[[1321]],[[1322]],[[1323]],[[1324]],[[1325]],[[1326]],[[1327]]],"type":"MultiPolygon","properties":{"id":182,"NAME":"Greenland"}},{"arcs":[[[1328]],[[1329]],[[1330]],[[1331]],[[1332]]],"type":"MultiPolygon","properties":{"id":183,"NAME":"Faeroe Is."}},{"arcs":[[[1333]],[[-1204,1334]],[[1335]],[[1336]],[[1337]],[[1338]],[[1339]],[[1340]],[[1341]],[[1342]],[[1343]],[[1344]]],"type":"MultiPolygon","properties":{"id":184,"NAME":"Denmark"}},{"arcs":[[-431,1345,-1206,-608]],"type":"Polygon","properties":{"id":185,"NAME":"Czechia"}},{"arcs":[[1346,1347]],"type":"Polygon","properties":{"id":186,"NAME":"N. Cyprus"}},{"arcs":[[-1347,1348]],"type":"Polygon","properties":{"id":187,"NAME":"Cyprus"}},{"arcs":[[[1349]],[[1350]],[[1351]],[[1352]],[[1353]],[[1354]],[[1355]]],"type":"MultiPolygon","properties":{"id":188,"NAME":"Cuba"}},{"arcs":[[[-433,-1126,-449,1356,1357]],[[1358]],[[1359]],[[1360]],[[1361]],[[1362]],[[1363]],[[1364]],[[1365]],[[1366]],[[-810,1367,1368]]],"type":"MultiPolygon","properties":{"id":189,"NAME":"Croatia"}},{"arcs":[[[-1197,1369]],[[-842,1370,-1199,1371,-878,-1149]]],"type":"MultiPolygon","properties":{"id":190,"NAME":"Côte d'Ivoire"}},{"arcs":[[-700,1372,-765,1373]],"type":"Polygon","properties":{"id":191,"NAME":"Costa Rica"}},{"arcs":[[-7,1374,1375,1376,1377,1378,-351,-260,-479,1379,-314]],"type":"Polygon","properties":{"id":192,"NAME":"Dem. Rep. Congo"}},{"arcs":[[-1217,1380,1381,-1378,1382,1383]],"type":"Polygon","properties":{"id":193,"NAME":"Congo"}},{"arcs":[[[1384]],[[1385]],[[1386]]],"type":"MultiPolygon","properties":{"id":194,"NAME":"Comoros"}},{"arcs":[[[-34,1387,-668,-1300,1388,-698,1389]],[[1390]]],"type":"MultiPolygon","properties":{"id":195,"NAME":"Colombia"}},{"arcs":[[[1391]],[[1392]],[[1393]],[[1394]],[[1395]],[[1396]],[[1397]],[[1398]],[[1399]],[[1400]],[[1401]],[[-21,-887,1402,-1110,1403,-1108,-793,-1107,1404,-712,1405,-323,-889,-904,-497,-812,-495,-750,1406,1407,1408,1409,1410]],[[1411]]],"type":"MultiPolygon","properties":{"id":196,"NAME":"China"}},{"arcs":[[-1410,1412]],"type":"Polygon","properties":{"id":197,"NAME":"Macao"}},{"arcs":[[[-1408,1413]],[[1414]],[[1415]]],"type":"MultiPolygon","properties":{"id":198,"NAME":"Hong Kong"}},{"arcs":[[[1416]],[[1417]],[[-665,1418,1419,1420]],[[1421,1422]],[[1423]],[[1424]],[[1425]],[[1426]],[[1427]],[[1428]],[[1429]],[[1430]],[[1431]],[[1432]],[[1433]],[[1434]],[[1435]],[[1436]],[[1437]],[[1438]],[[1439]],[[1440]],[[1441]],[[1442]],[[1443]],[[1444]],[[1445]],[[1446]],[[1447]],[[1448]],[[1449]]],"type":"MultiPolygon","properties":{"id":199,"NAME":"Chile"}},{"arcs":[[-357,1450,1451,-753,-763,-875]],"type":"Polygon","properties":{"id":200,"NAME":"Chad"}},{"arcs":[[-352,-1379,-1382,1452,-1451,-356]],"type":"Polygon","properties":{"id":201,"NAME":"Central African Rep."}},{"arcs":[[[1453]],[[1454]],[[1455]],[[1456]],[[1457]],[[1458]],[[1459]],[[1460]]],"type":"MultiPolygon","properties":{"id":202,"NAME":"Cabo Verde"}},{"arcs":[[[1461]],[[1462]],[[1463]],[[-93,1464,-156,1465]],[[1466]],[[1467]],[[1468]],[[1469]],[[1470]],[[1471]],[[1472]],[[1473]],[[1474]],[[1475]],[[1476]],[[1477]],[[1478]],[[1479]],[[1480]],[[1481]],[[1482]],[[1483]],[[1484]],[[-152,1485]],[[1486]],[[1487]],[[1488]],[[1489]],[[1490]],[[1491]],[[1492]],[[1493]],[[1494]],[[1495]],[[1496]],[[1497]],[[1498]],[[1499]],[[1500]],[[1501]],[[1502]],[[1503]],[[1504]],[[1505]],[[1506]],[[1507]],[[1508]],[[1509]],[[-91,1510]],[[1511]],[[1512]],[[1513]],[[1514]],[[1515]],[[1516]],[[1517]],[[1518]],[[1519]],[[1520]],[[1521]],[[1522]],[[1523]],[[1524]],[[1525]],[[1526]],[[1527]],[[1528]],[[1529]],[[1530]],[[1531]],[[1532]],[[1533]],[[1534]],[[1535]],[[1536]],[[1537]],[[1538]],[[1539]],[[1540]],[[1541]],[[1542]],[[1543]],[[1544]],[[1545]],[[1546]],[[1547]],[[1548]],[[1549]],[[1550]],[[1551]],[[1552]],[[1553]],[[1554]],[[1555]],[[1556]],[[1557]],[[1558]],[[1559]],[[1560]],[[1561]],[[1562]],[[1563]],[[1564]],[[1565]],[[1566]],[[1567]],[[1568]],[[1569]],[[1570]],[[1571]],[[1572]],[[1573]],[[1574]],[[1575]],[[1576]],[[1577]],[[1578]],[[1579]],[[1580]],[[1581]],[[1582]],[[1583]],[[1584]],[[1585]],[[1586]],[[1587]],[[1588]],[[1589]],[[1590]],[[1591]],[[1592]],[[1593]],[[1594]],[[1595]],[[1596]],[[1597]]],"type":"MultiPolygon","properties":{"id":203,"NAME":"Canada"}},{"arcs":[[-754,-1452,-1453,-1381,-1220,-1295,1598]],"type":"Polygon","properties":{"id":204,"NAME":"Cameroon"}},{"arcs":[[[1599]],[[1600]],[[-19,1601,-302,-885]]],"type":"MultiPolygon","properties":{"id":205,"NAME":"Cambodia"}},{"arcs":[[[-306,1602,1603,-1111,-1403,-886]],[[1604]],[[1605]],[[1606]],[[1607]],[[1608]],[[1609]],[[1610]],[[1611]],[[1612]],[[1613]],[[1614]],[[1615]],[[1616]],[[1617]],[[1618]],[[1619]],[[1620]],[[1621]]],"type":"MultiPolygon","properties":{"id":206,"NAME":"Myanmar"}},{"arcs":[[-315,-1380,-478]],"type":"Polygon","properties":{"id":207,"NAME":"Burundi"}},{"arcs":[[-292,-1200,-1371,-841,-759,1622]],"type":"Polygon","properties":{"id":208,"NAME":"Burkina Faso"}},{"arcs":[[-278,-1195,-861,-444,-595,1623]],"type":"Polygon","properties":{"id":209,"NAME":"Bulgaria"}},{"arcs":[[[-848,1624]],[[-847,1625]]],"type":"MultiPolygon","properties":{"id":210,"NAME":"Brunei"}},{"arcs":[[[-33,-1139,-348,-1235,1626,-60,1627,-669,1628,-663,-1388]],[[1629]],[[1630]],[[1631]],[[1632]],[[1633]],[[1634]],[[1635]],[[1636]],[[1637]],[[1638]],[[1639]],[[1640]],[[1641]],[[1642]],[[1643]],[[1644]]],"type":"MultiPolygon","properties":{"id":211,"NAME":"Brazil"}},{"arcs":[[-2,-398,-794]],"type":"Polygon","properties":{"id":212,"NAME":"Botswana"}},{"arcs":[[-811,-1369,1645,-1357,-448]],"type":"Polygon","properties":{"id":213,"NAME":"Bosnia and Herz."}},{"arcs":[[-664,-1629,-671,1646,-1419]],"type":"Polygon","properties":{"id":214,"NAME":"Bolivia"}},{"arcs":[[-1109,-1404]],"type":"Polygon","properties":{"id":215,"NAME":"Bhutan"}},{"arcs":[[-289,-1623,-758,-756,1647]],"type":"Polygon","properties":{"id":216,"NAME":"Benin"}},{"arcs":[[[-816,1648,-1150]],[[1649]],[[1650]]],"type":"MultiPolygon","properties":{"id":217,"NAME":"Belize"}},{"arcs":[[-781,-1202,-867,-1226,1651,-784]],"type":"Polygon","properties":{"id":218,"NAME":"Belgium"}},{"arcs":[[-255,-614,-871,-884,-503]],"type":"Polygon","properties":{"id":219,"NAME":"Belarus"}},{"arcs":[[1652]],"type":"Polygon","properties":{"id":220,"NAME":"Barbados"}},{"arcs":[[[-1112,-1604,1653]],[[1654]],[[1655]],[[1656]],[[1657]],[[1658]],[[1659]]],"type":"MultiPolygon","properties":{"id":221,"NAME":"Bangladesh"}},{"arcs":[[1660]],"type":"Polygon","properties":{"id":222,"NAME":"Bahrain"}},{"arcs":[[[1661]],[[1662]],[[1663]],[[1664]],[[1665]],[[1666]],[[1667]],[[1668]],[[1669]],[[1670]],[[1671]],[[1672]],[[1673]],[[1674]],[[1675]]],"type":"MultiPolygon","properties":{"id":223,"NAME":"Bahamas"}},{"arcs":[[[-271,1676,-968]],[[-970,1677,-1214,-500,1678]],[[1679]]],"type":"MultiPolygon","properties":{"id":224,"NAME":"Azerbaijan"}},{"arcs":[[-333,-1207,-1346,-430,-1127,-436,-945,-335,-872]],"type":"Polygon","properties":{"id":225,"NAME":"Austria"}},{"arcs":[[[1680]],[[1681]],[[1682]],[[1683]],[[1684]],[[1685]],[[1686]],[[1687]],[[1688]],[[1689]],[[1690]],[[1691]],[[1692]],[[1693]],[[1694]],[[1695]],[[1696]],[[1697]],[[1698]],[[1699]],[[1700]],[[1701]],[[1702]],[[1703]],[[1704]],[[1705]],[[1706]],[[1707]],[[1708]],[[1709]],[[1710]],[[1711]],[[1712]],[[1713]],[[1714]],[[1715]],[[1716]],[[1717]],[[1718]],[[1719]]],"type":"MultiPolygon","properties":{"id":226,"NAME":"Australia"}},{"arcs":[[1720]],"type":"Polygon","properties":{"id":227,"NAME":"Indian Ocean Ter."}},{"arcs":[[1721]],"type":"Polygon","properties":{"id":228,"NAME":"Heard I. and McDonald Is."}},{"arcs":[[1722]],"type":"Polygon","properties":{"id":229,"NAME":"Norfolk Island"}},{"type":null,"properties":{"id":230,"NAME":"Ashmore and Cartier Is."}},{"arcs":[[-270,-1215,-1678,-969,-1677],[-1680]],"type":"Polygon","properties":{"id":231,"NAME":"Armenia"}},{"arcs":[[[-59,1723,-1420,-1647,-670,-1628]],[[-1422,1724]],[[1725]],[[1726]]],"type":"MultiPolygon","properties":{"id":232,"NAME":"Argentina"}},{"arcs":[[[1727]],[[1728]]],"type":"MultiPolygon","properties":{"id":233,"NAME":"Antigua and Barb."}},{"arcs":[[[-1377,1729,-1383]],[[-6,-796,1730,-1375]]],"type":"MultiPolygon","properties":{"id":234,"NAME":"Angola"}},{"arcs":[[-371,-1224]],"type":"Polygon","properties":{"id":235,"NAME":"Andorra"}},{"arcs":[[-280,-876,-761,-840,-836,-804,-801,1731]],"type":"Polygon","properties":{"id":236,"NAME":"Algeria"}},{"arcs":[[-808,-893,-863,-1194,1732]],"type":"Polygon","properties":{"id":237,"NAME":"Albania"}},{"arcs":[[-52,-324,-1406,-711,-966,-264]],"type":"Polygon","properties":{"id":238,"NAME":"Afghanistan"}},{"arcs":[[-707,-1405,-1106]],"type":"Polygon","properties":{"id":239,"NAME":"Siachen Glacier"}},{"arcs":[[[1733]],[[1734]],[[1735]],[[1736]],[[1737]],[[1738]],[[1739]],[[1740]],[[1741]],[[1742]],[[1743]],[[1744]],[[1745]],[[1746]],[[1747]],[[1748]],[[1749]],[[1750]],[[1751]],[[1752]],[[1753]],[[1754]],[[1755]],[[1756]],[[1757]],[[1758]],[[1759]],[[1760]],[[1761]],[[1762]],[[1763]],[[1764]],[[1765]],[[1766]],[[1767]],[[1768]],[[1769]],[[1770]],[[1771]],[[1772]],[[1773]],[[1774]],[[1775]],[[1776]],[[1777]],[[1778]],[[1779]],[[1780]],[[1781]],[[1782]],[[1783]],[[1784]],[[1785]],[[1786]],[[1787]],[[1788]],[[1789]],[[1790]],[[1791]],[[1792]],[[1793]],[[1794]],[[1795]],[[1796]],[[1797]],[[1798]],[[1799]],[[1800]],[[1801]],[[1802]],[[1803]],[[1804]],[[1805]],[[1806]],[[1807]],[[1808]],[[1809]],[[1810]],[[1811]],[[1812]],[[1813]],[[1814]],[[1815]],[[1816]],[[1817]],[[1818]],[[1819]],[[1820]],[[1821]],[[1822]],[[1823]],[[1824]],[[1825]],[[1826]],[[1827]],[[1828]],[[1829]],[[1830]],[[1831]],[[1832]],[[1833]],[[1834]],[[1835]],[[1836]],[[1837]],[[1838]],[[1839]]],"type":"MultiPolygon","properties":{"id":240,"NAME":"Antarctica"}},{"arcs":[[-1239,1840]],"type":"Polygon","properties":{"id":241,"NAME":"Sint Maarten"}},{"type":null,"properties":{"id":242,"NAME":"Tuvalu"}}]}}}